[  0] size= 9 budget=  368 C1 valid=64 novel= 0 | C2 uniq= 7 | C3 draws=  368 comp=  4 uniq=  4 novel=  0 pruned=   0 bt=305 cap= 4 | C4 pool=  7 got= 7 short=0 | 3.3s
[  1] size=17 budget=  458 C1 valid=64 novel= 7 | C2 uniq= 5 | C3 draws=  458 comp=  3 uniq=  3 novel=  0 pruned=   0 bt=383 cap= 5 | C4 pool=  9 got= 5 short=0 | 3.7s
[  2] size=15 budget=  320 C1 valid=64 novel= 0 | C2 uniq= 1 | C3 draws=  320 comp=  1 uniq=  1 novel=  0 pruned=   0 bt=282 cap= 3 | C4 pool=  1 got= 1 short=0 | 2.6s
[  3] size=15 budget=  460 C1 valid=64 novel=12 | C2 uniq= 6 | C3 draws=  460 comp=  5 uniq=  5 novel=  2 pruned=   0 bt=370 cap= 5 | C4 pool=  6 got= 6 short=0 | 3.6s
[  4] size=15 budget=  448 C1 valid=64 novel= 0 | C2 uniq= 1 | C3 draws=  448 comp=  1 uniq=  1 novel=  0 pruned=   0 bt=392 cap= 5 | C4 pool=  1 got= 1 short=0 | 3.6s
[  5] size=11 budget=  701 C1 valid=64 novel=29 | C2 uniq=24 | C3 draws=  701 comp= 44 uniq= 44 novel= 42 pruned=   0 bt= 54 cap= 0 | C4 pool=400 got=24 short=0 | 4.4s
[  6] size= 9 budget= 1597 C1 valid=62 novel=62 | C2 uniq=51 | C3 draws= 1597 comp= 41 uniq= 41 novel= 41 pruned=   0 bt=396 cap= 6 | C4 pool=400 got=51 short=0 | 12.9s
[  7] size=15 budget=  384 C1 valid=64 novel= 0 | C2 uniq= 1 | C3 draws=  384 comp=  1 uniq=  1 novel=  0 pruned=   0 bt=338 cap= 4 | C4 pool=  1 got= 1 short=0 | 3.2s
[  8] size=13 budget=  458 C1 valid=64 novel= 0 | C2 uniq= 2 | C3 draws=  458 comp=  2 uniq=  2 novel=  0 pruned=   0 bt=389 cap= 5 | C4 pool=  3 got= 2 short=0 | 3.6s
[  9] size=19 budget=  909 C1 valid=25 novel=25 | C2 uniq= 4 | C3 draws=  909 comp= 11 uniq= 11 novel= 11 pruned=   0 bt=639 cap= 7 | C4 pool= 28 got= 4 short=0 | 7.7s
[ 10] size=11 budget=  384 C1 valid=64 novel= 0 | C2 uniq= 2 | C3 draws=  384 comp=  1 uniq=  1 novel=  0 pruned=   0 bt=337 cap= 4 | C4 pool=  2 got= 2 short=0 | 3.1s
[ 11] size=11 budget=  640 C1 valid=64 novel=64 | C2 uniq= 1 | C3 draws=  640 comp=  1 uniq=  1 novel=  1 pruned=   0 bt=518 cap= 7 | C4 pool=  1 got= 1 short=0 | 5.7s
[ 12] size=11 budget=  320 C1 valid=64 novel= 0 | C2 uniq= 1 | C3 draws=  320 comp=  1 uniq=  1 novel=  0 pruned=   0 bt=283 cap= 3 | C4 pool=  1 got= 1 short=0 | 2.6s
[ 13] size=19 budget= 1115 C1 valid=35 novel=35 | C2 uniq=16 | C3 draws= 1115 comp= 39 uniq= 39 novel= 39 pruned=   0 bt=257 cap= 2 | C4 pool=400 got=16 short=0 | 8.3s
[ 14] size=17 budget=  699 C1 valid=64 novel=34 | C2 uniq= 9 | C3 draws=  699 comp=  7 uniq=  7 novel=  3 pruned=   0 bt=540 cap= 8 | C4 pool=  8 got= 8 short=1 | 5.6s
[ 15] size=15 budget=  768 C1 valid=64 novel=64 | C2 uniq= 1 | C3 draws=  768 comp=  1 uniq=  1 novel=  1 pruned=   0 bt=635 cap= 9 | C4 pool=  1 got= 1 short=0 | 6.6s
[ 16] size=11 budget=  558 C1 valid=64 novel=18 | C2 uniq= 4 | C3 draws=  558 comp=  4 uniq=  4 novel=  1 pruned=   0 bt=448 cap= 6 | C4 pool=  4 got= 4 short=0 | 4.6s
[ 17] size=19 budget=  662 C1 valid=62 novel=27 | C2 uniq=21 | C3 draws=  662 comp=  9 uniq=  9 novel=  5 pruned=   0 bt=493 cap= 6 | C4 pool=400 got=21 short=0 | 5.4s
[ 18] size=19 budget= 1332 C1 valid=47 novel=40 | C2 uniq=31 | C3 draws= 1332 comp= 48 uniq= 48 novel= 44 pruned=   0 bt=252 cap= 2 | C4 pool=400 got=31 short=0 | 10.3s
[ 19] size= 9 budget=  320 C1 valid=64 novel= 0 | C2 uniq= 1 | C3 draws=  320 comp=  1 uniq=  1 novel=  0 pruned=   0 bt=279 cap= 3 | C4 pool=  1 got= 1 short=0 | 2.6s
[ 20] size= 9 budget=  823 C1 valid=64 novel=20 | C2 uniq=24 | C3 draws=  823 comp= 12 uniq= 12 novel=  8 pruned=   0 bt=537 cap= 6 | C4 pool=400 got=24 short=0 | 6.9s
[ 21] size=11 budget=  576 C1 valid=64 novel= 0 | C2 uniq= 1 | C3 draws=  576 comp=  1 uniq=  1 novel=  0 pruned=   0 bt=484 cap= 6 | C4 pool=  1 got= 1 short=0 | 5.0s
[ 22] size=17 budget=  256 C1 valid=64 novel= 0 | C2 uniq= 1 | C3 draws=  256 comp=  1 uniq=  1 novel=  0 pruned=   0 bt=218 cap= 3 | C4 pool=  1 got= 1 short=0 | 2.1s
[ 23] size= 9 budget=  320 C1 valid=64 novel= 0 | C2 uniq= 1 | C3 draws=  320 comp=  1 uniq=  1 novel=  0 pruned=   0 bt=279 cap= 3 | C4 pool=  1 got= 1 short=0 | 2.6s
[ 24] size=17 budget=  608 C1 valid=47 novel= 2 | C2 uniq= 2 | C3 draws=  608 comp=  1 uniq=  1 novel=  0 pruned=   0 bt=498 cap= 7 | C4 pool=  2 got= 2 short=0 | 5.4s
[ 25] size=15 budget=  405 C1 valid=64 novel= 0 | C2 uniq= 5 | C3 draws=  405 comp=  3 uniq=  3 novel=  0 pruned=   0 bt=344 cap= 4 | C4 pool=  5 got= 5 short=0 | 3.3s
[ 26] size=19 budget=  355 C1 valid=63 novel= 0 | C2 uniq= 2 | C3 draws=  355 comp=  2 uniq=  2 novel=  0 pruned=   0 bt=306 cap= 4 | C4 pool=  2 got= 2 short=0 | 2.9s
[ 27] size=11 budget=  514 C1 valid=54 novel= 0 | C2 uniq= 1 | C3 draws=  514 comp=  1 uniq=  1 novel=  0 pruned=   0 bt=450 cap= 6 | C4 pool=  1 got= 1 short=0 | 4.3s
[ 28] size=11 budget=  320 C1 valid=64 novel= 0 | C2 uniq= 1 | C3 draws=  320 comp=  1 uniq=  1 novel=  0 pruned=   0 bt=283 cap= 3 | C4 pool=  1 got= 1 short=0 | 2.6s
[ 29] size=13 budget=  425 C1 valid=64 novel= 0 | C2 uniq= 3 | C3 draws=  425 comp=  2 uniq=  2 novel=  0 pruned=   0 bt=360 cap= 5 | C4 pool=  3 got= 3 short=0 | 3.4s
[ 30] size=13 budget=  598 C1 valid=64 novel=64 | C2 uniq= 2 | C3 draws=  598 comp=  2 uniq=  2 novel=  2 pruned=   0 bt=499 cap= 7 | C4 pool=  2 got= 2 short=0 | 5.0s
[ 31] size=11 budget=  686 C1 valid=63 novel=63 | C2 uniq= 4 | C3 draws=  686 comp=  2 uniq=  2 novel=  2 pruned=   0 bt=564 cap= 7 | C4 pool= 10 got= 4 short=0 | 6.0s
[ 32] size=13 budget=  575 C1 valid=63 novel=63 | C2 uniq= 2 | C3 draws=  575 comp=  2 uniq=  2 novel=  2 pruned=   0 bt=493 cap= 6 | C4 pool=  2 got= 2 short=0 | 4.8s
[ 33] size=13 budget=  256 C1 valid=64 novel= 0 | C2 uniq= 1 | C3 draws=  256 comp=  1 uniq=  1 novel=  0 pruned=   0 bt=217 cap= 3 | C4 pool=  1 got= 1 short=0 | 2.1s
[ 34] size=11 budget=  384 C1 valid=64 novel= 0 | C2 uniq= 1 | C3 draws=  384 comp=  1 uniq=  1 novel=  0 pruned=   0 bt=337 cap= 4 | C4 pool=  1 got= 1 short=0 | 3.1s
[ 35] size=19 budget= 1258 C1 valid=55 novel=43 | C2 uniq=43 | C3 draws= 1258 comp= 38 uniq= 38 novel= 35 pruned=   0 bt=412 cap= 6 | C4 pool=400 got=43 short=0 | 9.5s
[ 36] size=19 budget=  512 C1 valid=64 novel= 0 | C2 uniq= 1 | C3 draws=  512 comp=  1 uniq=  1 novel=  0 pruned=   0 bt=447 cap= 6 | C4 pool=  1 got= 1 short=0 | 4.2s
[ 37] size=19 budget=  864 C1 valid=63 novel=63 | C2 uniq= 5 | C3 draws=  864 comp=  4 uniq=  4 novel=  4 pruned=   0 bt=636 cap=10 | C4 pool=  6 got= 5 short=0 | 7.6s
[ 38] size=11 budget= 1093 C1 valid=63 novel=62 | C2 uniq=51 | C3 draws= 1093 comp= 61 uniq= 61 novel= 60 pruned=   0 bt= 13 cap= 0 | C4 pool=400 got=51 short=0 | 7.0s
[ 39] size=13 budget=  706 C1 valid=64 novel=18 | C2 uniq= 4 | C3 draws=  706 comp=  3 uniq=  3 novel=  1 pruned=   0 bt=555 cap= 8 | C4 pool=  4 got= 4 short=0 | 6.1s
[ 40] size=19 budget=  604 C1 valid=28 novel=28 | C2 uniq= 1 | C3 draws=  604 comp=  1 uniq=  1 novel=  1 pruned=   0 bt=499 cap= 7 | C4 pool=  1 got= 1 short=0 | 5.2s
[ 41] size=17 budget=  384 C1 valid=64 novel= 0 | C2 uniq= 1 | C3 draws=  384 comp=  1 uniq=  1 novel=  0 pruned=   0 bt=334 cap= 4 | C4 pool=  1 got= 1 short=0 | 3.2s
[ 42] size=13 budget=  448 C1 valid=64 novel= 0 | C2 uniq= 1 | C3 draws=  448 comp=  1 uniq=  1 novel=  0 pruned=   0 bt=387 cap= 5 | C4 pool=  1 got= 1 short=0 | 3.7s
[ 43] size=17 budget=  511 C1 valid=63 novel= 0 | C2 uniq= 1 | C3 draws=  511 comp=  1 uniq=  1 novel=  0 pruned=   0 bt=440 cap= 6 | C4 pool=  1 got= 1 short=0 | 4.1s
[ 44] size= 9 budget=  320 C1 valid=64 novel= 0 | C2 uniq= 1 | C3 draws=  320 comp=  1 uniq=  1 novel=  0 pruned=   0 bt=279 cap= 3 | C4 pool=  1 got= 1 short=0 | 2.6s
[ 45] size=15 budget=  576 C1 valid=64 novel= 0 | C2 uniq= 1 | C3 draws=  576 comp=  1 uniq=  1 novel=  0 pruned=   0 bt=479 cap= 7 | C4 pool=  2 got= 1 short=0 | 4.9s
[ 46] size=17 budget=  448 C1 valid=64 novel= 0 | C2 uniq= 1 | C3 draws=  448 comp=  2 uniq=  2 novel=  0 pruned=   0 bt=382 cap= 5 | C4 pool=  2 got= 1 short=0 | 3.6s
[ 47] size=13 budget=  448 C1 valid=64 novel= 0 | C2 uniq= 3 | C3 draws=  448 comp=  3 uniq=  3 novel=  0 pruned=   0 bt=374 cap= 5 | C4 pool=  3 got= 3 short=0 | 3.6s
[ 48] size=19 budget=  516 C1 valid=60 novel=60 | C2 uniq= 1 | C3 draws=  516 comp=  1 uniq=  1 novel=  1 pruned=   0 bt=427 cap= 6 | C4 pool=  1 got= 1 short=0 | 4.4s
[ 49] size=15 budget= 1042 C1 valid=64 novel=43 | C2 uniq=10 | C3 draws= 1042 comp=  6 uniq=  6 novel=  5 pruned=   0 bt=756 cap=11 | C4 pool=400 got=10 short=0 | 9.3s
[ 50] size= 9 budget=  370 C1 valid=64 novel= 0 | C2 uniq= 3 | C3 draws=  370 comp=  3 uniq=  3 novel=  0 pruned=   0 bt=309 cap= 4 | C4 pool=  4 got= 3 short=0 | 2.9s
[ 51] size=17 budget=  550 C1 valid=60 novel= 8 | C2 uniq=14 | C3 draws=  550 comp= 18 uniq= 18 novel= 11 pruned=   0 bt=238 cap= 3 | C4 pool=400 got=14 short=0 | 4.6s
[ 52] size= 9 budget=  511 C1 valid=64 novel=22 | C2 uniq= 6 | C3 draws=  511 comp=  6 uniq=  6 novel=  2 pruned=   0 bt=399 cap= 5 | C4 pool=  8 got= 6 short=0 | 4.2s
[ 53] size=11 budget=  448 C1 valid=64 novel= 0 | C2 uniq= 1 | C3 draws=  448 comp=  1 uniq=  1 novel=  0 pruned=   0 bt=369 cap= 5 | C4 pool=  1 got= 1 short=0 | 3.9s
[ 54] size=13 budget=  323 C1 valid=64 novel= 6 | C2 uniq= 6 | C3 draws=  323 comp=  4 uniq=  4 novel=  1 pruned=   0 bt=265 cap= 3 | C4 pool=  8 got= 6 short=0 | 2.6s
[ 55] size=15 budget=  416 C1 valid=63 novel= 0 | C2 uniq= 2 | C3 draws=  416 comp=  2 uniq=  2 novel=  0 pruned=   0 bt=356 cap= 5 | C4 pool=  2 got= 2 short=0 | 3.3s
[ 56] size=11 budget=  384 C1 valid=64 novel= 0 | C2 uniq= 1 | C3 draws=  384 comp=  1 uniq=  1 novel=  0 pruned=   0 bt=337 cap= 4 | C4 pool=  1 got= 1 short=0 | 3.1s
[ 57] size=19 budget=  384 C1 valid=64 novel= 0 | C2 uniq= 1 | C3 draws=  384 comp=  1 uniq=  1 novel=  0 pruned=   0 bt=335 cap= 5 | C4 pool=  1 got= 1 short=0 | 3.1s
[ 58] size=15 budget=  415 C1 valid=63 novel= 0 | C2 uniq= 2 | C3 draws=  415 comp=  2 uniq=  2 novel=  0 pruned=   0 bt=356 cap= 5 | C4 pool=  2 got= 2 short=0 | 3.3s
[ 59] size=13 budget=  384 C1 valid=64 novel= 0 | C2 uniq= 1 | C3 draws=  384 comp=  1 uniq=  1 novel=  0 pruned=   0 bt=333 cap= 4 | C4 pool=  1 got= 1 short=0 | 3.1s
[ 60] size=11 budget=  490 C1 valid=64 novel= 0 | C2 uniq= 4 | C3 draws=  490 comp=  3 uniq=  3 novel=  0 pruned=   0 bt=400 cap= 5 | C4 pool=  5 got= 4 short=0 | 4.1s
[ 61] size=19 budget=  320 C1 valid=64 novel= 0 | C2 uniq= 1 | C3 draws=  320 comp=  1 uniq=  1 novel=  0 pruned=   0 bt=274 cap= 4 | C4 pool=  2 got= 1 short=0 | 2.6s
[ 62] size=15 budget=  367 C1 valid=64 novel=10 | C2 uniq= 5 | C3 draws=  367 comp=  6 uniq=  6 novel=  2 pruned=   0 bt=290 cap= 3 | C4 pool=  6 got= 5 short=0 | 2.9s
[ 63] size=17 budget=  856 C1 valid=63 novel=42 | C2 uniq= 8 | C3 draws=  856 comp=  4 uniq=  4 novel=  3 pruned=   0 bt=646 cap=10 | C4 pool= 24 got= 8 short=0 | 7.4s
[ 64] size=15 budget=  320 C1 valid=64 novel= 0 | C2 uniq= 2 | C3 draws=  320 comp=  2 uniq=  2 novel=  0 pruned=   0 bt=277 cap= 3 | C4 pool=  3 got= 2 short=0 | 2.6s
[ 65] size=13 budget=  817 C1 valid=64 novel=43 | C2 uniq=25 | C3 draws=  817 comp= 44 uniq= 44 novel= 41 pruned=   0 bt=116 cap= 0 | C4 pool=400 got=25 short=0 | 5.5s
[ 66] size=11 budget=  448 C1 valid=64 novel= 0 | C2 uniq= 1 | C3 draws=  448 comp=  1 uniq=  1 novel=  0 pruned=   0 bt=393 cap= 5 | C4 pool=  1 got= 1 short=0 | 3.6s
[ 67] size=17 budget=  320 C1 valid=64 novel= 0 | C2 uniq= 1 | C3 draws=  320 comp=  1 uniq=  1 novel=  0 pruned=   0 bt=273 cap= 4 | C4 pool=  1 got= 1 short=0 | 2.6s
[ 68] size=17 budget=  512 C1 valid=64 novel=64 | C2 uniq= 1 | C3 draws=  512 comp=  1 uniq=  1 novel=  1 pruned=   0 bt=441 cap= 6 | C4 pool=  1 got= 1 short=0 | 4.2s
[ 69] size=15 budget= 1297 C1 valid=49 novel=44 | C2 uniq=21 | C3 draws= 1297 comp= 31 uniq= 31 novel= 28 pruned=   0 bt=498 cap= 2 | C4 pool=400 got=21 short=0 | 11.2s
[ 70] size=13 budget=  640 C1 valid=64 novel=64 | C2 uniq= 1 | C3 draws=  640 comp=  1 uniq=  1 novel=  1 pruned=   0 bt=526 cap= 7 | C4 pool=  1 got= 1 short=0 | 5.6s
[ 71] size=11 budget=  320 C1 valid=64 novel= 0 | C2 uniq= 1 | C3 draws=  320 comp=  1 uniq=  1 novel=  0 pruned=   0 bt=283 cap= 3 | C4 pool=  1 got= 1 short=0 | 2.6s
[ 72] size=15 budget=  674 C1 valid=41 novel=16 | C2 uniq= 7 | C3 draws=  674 comp= 20 uniq= 20 novel= 19 pruned=   0 bt=301 cap= 1 | C4 pool=101 got= 7 short=0 | 5.3s
[ 73] size=11 budget=  384 C1 valid=64 novel= 0 | C2 uniq= 1 | C3 draws=  384 comp=  1 uniq=  1 novel=  0 pruned=   0 bt=337 cap= 4 | C4 pool=  1 got= 1 short=0 | 3.1s
[ 74] size= 9 budget=  320 C1 valid=64 novel= 0 | C2 uniq= 1 | C3 draws=  320 comp=  1 uniq=  1 novel=  0 pruned=   0 bt=279 cap= 3 | C4 pool=  1 got= 1 short=0 | 2.6s
[ 75] size=17 budget=  572 C1 valid=64 novel=11 | C2 uniq=21 | C3 draws=  572 comp= 16 uniq= 16 novel=  6 pruned=   0 bt=345 cap= 4 | C4 pool=400 got=21 short=0 | 4.4s
[ 76] size=19 budget=  781 C1 valid=42 novel=42 | C2 uniq= 2 | C3 draws=  781 comp=  4 uniq=  4 novel=  4 pruned=   0 bt=584 cap= 8 | C4 pool=  9 got= 2 short=0 | 6.7s
[ 77] size=15 budget=  917 C1 valid=32 novel=32 | C2 uniq=11 | C3 draws=  917 comp=  8 uniq=  8 novel=  8 pruned=   0 bt=662 cap=10 | C4 pool=400 got=11 short=0 | 7.9s
[ 78] size=15 budget=  488 C1 valid=64 novel= 0 | C2 uniq= 3 | C3 draws=  488 comp=  3 uniq=  3 novel=  0 pruned=   0 bt=417 cap= 5 | C4 pool=  3 got= 3 short=0 | 4.0s
[ 79] size=15 budget=  384 C1 valid=64 novel= 0 | C2 uniq= 1 | C3 draws=  384 comp=  2 uniq=  2 novel=  0 pruned=   0 bt=330 cap= 4 | C4 pool=  2 got= 1 short=0 | 3.1s
[ 80] size=19 budget=  448 C1 valid=64 novel= 0 | C2 uniq= 1 | C3 draws=  448 comp=  1 uniq=  1 novel=  0 pruned=   0 bt=393 cap= 5 | C4 pool=  1 got= 1 short=0 | 3.6s
[ 81] size= 9 budget=  320 C1 valid=64 novel= 0 | C2 uniq= 1 | C3 draws=  320 comp=  1 uniq=  1 novel=  0 pruned=   0 bt=279 cap= 3 | C4 pool=  1 got= 1 short=0 | 2.6s
[ 82] size=17 budget=  454 C1 valid=63 novel=27 | C2 uniq= 6 | C3 draws=  454 comp=  4 uniq=  4 novel=  2 pruned=   0 bt=368 cap= 5 | C4 pool=  8 got= 6 short=0 | 3.6s
[ 83] size= 9 budget=  320 C1 valid=64 novel= 0 | C2 uniq= 1 | C3 draws=  320 comp=  1 uniq=  1 novel=  0 pruned=   0 bt=279 cap= 3 | C4 pool=  1 got= 1 short=0 | 2.6s
[ 84] size=15 budget=  586 C1 valid=10 novel=10 | C2 uniq= 1 | C3 draws=  586 comp=  1 uniq=  1 novel=  1 pruned=   0 bt=490 cap= 7 | C4 pool=  1 got= 1 short=0 | 5.0s
[ 85] size=13 budget=  384 C1 valid=64 novel= 0 | C2 uniq= 1 | C3 draws=  384 comp=  1 uniq=  1 novel=  0 pruned=   0 bt=333 cap= 4 | C4 pool=  1 got= 1 short=0 | 3.1s
[ 86] size=19 budget=  876 C1 valid=53 novel=53 | C2 uniq= 9 | C3 draws=  876 comp= 20 uniq= 20 novel= 20 pruned=   0 bt=432 cap= 5 | C4 pool=400 got= 9 short=0 | 7.5s
[ 87] size=15 budget= 1609 C1 valid=53 novel=51 | C2 uniq=36 | C3 draws= 1609 comp= 30 uniq= 30 novel= 29 pruned=   0 bt=575 cap= 8 | C4 pool=400 got=36 short=0 | 14.1s
[ 88] size=17 budget=  912 C1 valid=64 novel=42 | C2 uniq=18 | C3 draws=  912 comp= 13 uniq= 13 novel=  9 pruned=   0 bt=614 cap= 6 | C4 pool=174 got=18 short=0 | 8.2s
[ 89] size=19 budget=  462 C1 valid=64 novel=10 | C2 uniq= 6 | C3 draws=  462 comp=  6 uniq=  6 novel=  1 pruned=   0 bt=370 cap= 5 | C4 pool=  8 got= 6 short=0 | 3.6s
[ 90] size=15 budget=  948 C1 valid=64 novel= 0 | C2 uniq= 4 | C3 draws=  948 comp=  4 uniq=  4 novel=  0 pruned=   0 bt=683 cap=11 | C4 pool=  8 got= 4 short=0 | 8.7s
[ 91] size=19 budget=  526 C1 valid=64 novel=39 | C2 uniq= 3 | C3 draws=  526 comp=  3 uniq=  3 novel=  1 pruned=   0 bt=447 cap= 6 | C4 pool=  3 got= 3 short=0 | 4.2s
[ 92] size=11 budget=  984 C1 valid=62 novel=62 | C2 uniq=34 | C3 draws=  984 comp= 48 uniq= 48 novel= 47 pruned=   0 bt=159 cap= 0 | C4 pool=400 got=34 short=0 | 6.7s
[ 93] size=13 budget=  618 C1 valid=64 novel= 0 | C2 uniq= 2 | C3 draws=  618 comp=  2 uniq=  2 novel=  0 pruned=   0 bt=503 cap= 7 | C4 pool=  2 got= 2 short=0 | 5.3s
[ 94] size=13 budget= 1012 C1 valid=64 novel=56 | C2 uniq=46 | C3 draws= 1012 comp= 36 uniq= 36 novel= 33 pruned=   0 bt=365 cap= 5 | C4 pool=400 got=46 short=0 | 7.3s
[ 95] size= 9 budget=  327 C1 valid=64 novel= 0 | C2 uniq= 2 | C3 draws=  327 comp=  2 uniq=  2 novel=  0 pruned=   0 bt=280 cap= 3 | C4 pool=  2 got= 2 short=0 | 2.6s
[ 96] size=17 budget=  438 C1 valid=64 novel= 3 | C2 uniq= 5 | C3 draws=  438 comp=  5 uniq=  5 novel=  1 pruned=   0 bt=349 cap= 5 | C4 pool=  5 got= 5 short=0 | 3.5s
[ 97] size=15 budget=  452 C1 valid=64 novel=21 | C2 uniq=11 | C3 draws=  452 comp=  7 uniq=  7 novel=  3 pruned=   0 bt=352 cap= 4 | C4 pool= 17 got=11 short=0 | 3.6s
[ 98] size=13 budget=  679 C1 valid=64 novel=33 | C2 uniq=32 | C3 draws=  679 comp= 21 uniq= 21 novel= 13 pruned=   0 bt=396 cap= 4 | C4 pool= 36 got=32 short=0 | 5.3s
[ 99] size=17 budget=  790 C1 valid=63 novel=24 | C2 uniq=32 | C3 draws=  790 comp= 35 uniq= 35 novel= 26 pruned=   0 bt= 95 cap= 1 | C4 pool=400 got=32 short=0 | 5.5s
[100] size=17 budget=  405 C1 valid=64 novel= 0 | C2 uniq= 2 | C3 draws=  405 comp=  2 uniq=  2 novel=  0 pruned=   0 bt=341 cap= 5 | C4 pool=  2 got= 2 short=0 | 3.3s
[101] size= 9 budget=  512 C1 valid=64 novel= 0 | C2 uniq= 1 | C3 draws=  512 comp=  1 uniq=  1 novel=  0 pruned=   0 bt=443 cap= 5 | C4 pool=  1 got= 1 short=0 | 4.3s
[102] size=13 budget=  320 C1 valid=64 novel= 0 | C2 uniq= 1 | C3 draws=  320 comp=  1 uniq=  1 novel=  0 pruned=   0 bt=279 cap= 3 | C4 pool=  1 got= 1 short=0 | 2.6s
[103] size=13 budget=  599 C1 valid=63 novel= 3 | C2 uniq= 5 | C3 draws=  599 comp=  4 uniq=  4 novel=  1 pruned=   0 bt=459 cap= 6 | C4 pool= 38 got= 5 short=0 | 5.2s
[104] size=11 budget=  413 C1 valid=64 novel= 0 | C2 uniq= 2 | C3 draws=  413 comp=  2 uniq=  2 novel=  0 pruned=   0 bt=359 cap= 4 | C4 pool=  2 got= 2 short=0 | 3.3s
[105] size=15 budget=  384 C1 valid=64 novel= 0 | C2 uniq= 1 | C3 draws=  384 comp=  1 uniq=  1 novel=  0 pruned=   0 bt=338 cap= 4 | C4 pool=  1 got= 1 short=0 | 3.1s
[106] size= 9 budget=  320 C1 valid=64 novel= 0 | C2 uniq= 1 | C3 draws=  320 comp=  2 uniq=  2 novel=  0 pruned=   0 bt=273 cap= 3 | C4 pool=  2 got= 1 short=0 | 2.5s
[107] size=17 budget= 1440 C1 valid=20 novel=20 | C2 uniq=18 | C3 draws= 1440 comp= 22 uniq= 22 novel= 22 pruned=   0 bt=747 cap=11 | C4 pool=400 got=18 short=0 | 12.3s
[108] size=11 budget=  865 C1 valid=64 novel=45 | C2 uniq=18 | C3 draws=  865 comp= 13 uniq= 13 novel= 11 pruned=   0 bt=563 cap= 8 | C4 pool=241 got=18 short=0 | 7.1s
[109] size=15 budget=  941 C1 valid=64 novel=52 | C2 uniq=26 | C3 draws=  941 comp= 23 uniq= 23 novel= 21 pruned=   0 bt=447 cap= 7 | C4 pool=400 got=26 short=0 | 8.2s
[110] size=15 budget=  409 C1 valid=45 novel= 0 | C2 uniq= 2 | C3 draws=  409 comp=  2 uniq=  2 novel=  0 pruned=   0 bt=355 cap= 5 | C4 pool=  2 got= 2 short=0 | 3.3s
[111] size=17 budget=  584 C1 valid=50 novel=26 | C2 uniq= 3 | C3 draws=  584 comp=  2 uniq=  2 novel=  1 pruned=   0 bt=495 cap= 7 | C4 pool=  2 got= 2 short=1 | 4.8s
[112] size=19 budget= 1024 C1 valid=60 novel=60 | C2 uniq=18 | C3 draws= 1024 comp= 11 uniq= 11 novel= 11 pruned=   0 bt=648 cap=10 | C4 pool=400 got=18 short=0 | 9.0s
[113] size=15 budget=  320 C1 valid=64 novel= 0 | C2 uniq= 1 | C3 draws=  320 comp=  1 uniq=  1 novel=  0 pruned=   0 bt=282 cap= 3 | C4 pool=  1 got= 1 short=0 | 2.6s
[114] size=11 budget=  465 C1 valid=64 novel=12 | C2 uniq=11 | C3 draws=  465 comp= 11 uniq= 11 novel=  8 pruned=   0 bt=258 cap= 0 | C4 pool=158 got=11 short=0 | 3.8s
[115] size=11 budget=  691 C1 valid=64 novel= 0 | C2 uniq= 3 | C3 draws=  691 comp=  3 uniq=  3 novel=  0 pruned=   0 bt=544 cap= 7 | C4 pool=  3 got= 3 short=0 | 6.1s
[116] size=13 budget=  320 C1 valid=64 novel= 0 | C2 uniq= 1 | C3 draws=  320 comp=  1 uniq=  1 novel=  0 pruned=   0 bt=279 cap= 3 | C4 pool=  1 got= 1 short=0 | 2.6s
[117] size=13 budget=  658 C1 valid=61 novel=11 | C2 uniq=11 | C3 draws=  658 comp=  5 uniq=  5 novel=  1 pruned=   0 bt=495 cap= 7 | C4 pool=192 got=11 short=0 | 5.6s
[118] size=15 budget=  905 C1 valid=48 novel=48 | C2 uniq=11 | C3 draws=  905 comp= 16 uniq= 16 novel= 16 pruned=   0 bt=578 cap= 6 | C4 pool=400 got=11 short=0 | 7.4s
[119] size=19 budget= 1599 C1 valid=22 novel=22 | C2 uniq= 4 | C3 draws= 1599 comp=  7 uniq=  7 novel=  7 pruned=   0 bt=956 cap=18 | C4 pool= 24 got= 4 short=0 | 15.8s
[120] size=11 budget=  320 C1 valid=64 novel= 0 | C2 uniq= 1 | C3 draws=  320 comp=  2 uniq=  2 novel=  0 pruned=   0 bt=276 cap= 3 | C4 pool=  2 got= 1 short=0 | 2.6s
[121] size=13 budget=  448 C1 valid=64 novel= 0 | C2 uniq= 1 | C3 draws=  448 comp=  1 uniq=  1 novel=  0 pruned=   0 bt=387 cap= 5 | C4 pool=  1 got= 1 short=0 | 3.6s
[122] size=11 budget=  640 C1 valid=64 novel= 0 | C2 uniq= 1 | C3 draws=  640 comp=  1 uniq=  1 novel=  0 pruned=   0 bt=534 cap= 7 | C4 pool=  2 got= 1 short=0 | 5.5s
[123] size=17 budget= 1333 C1 valid=57 novel=57 | C2 uniq=43 | C3 draws= 1333 comp= 31 uniq= 31 novel= 31 pruned=   0 bt=502 cap= 9 | C4 pool=400 got=43 short=0 | 11.2s
[124] size=15 budget=  512 C1 valid=64 novel= 0 | C2 uniq= 1 | C3 draws=  512 comp=  1 uniq=  1 novel=  0 pruned=   0 bt=427 cap= 6 | C4 pool=  1 got= 1 short=0 | 4.4s
[125] size=19 budget= 1197 C1 valid=42 novel=36 | C2 uniq=29 | C3 draws= 1197 comp= 21 uniq= 21 novel= 19 pruned=   0 bt=570 cap=10 | C4 pool=400 got=29 short=0 | 10.2s
[126] size=13 budget=  256 C1 valid=64 novel= 0 | C2 uniq= 1 | C3 draws=  256 comp=  1 uniq=  1 novel=  0 pruned=   0 bt=217 cap= 3 | C4 pool=  1 got= 1 short=0 | 2.1s
[127] size=11 budget=  384 C1 valid=64 novel= 0 | C2 uniq= 1 | C3 draws=  384 comp=  1 uniq=  1 novel=  0 pruned=   0 bt=337 cap= 4 | C4 pool=  1 got= 1 short=0 | 3.1s
[128] size=15 budget=  429 C1 valid=64 novel= 0 | C2 uniq= 2 | C3 draws=  429 comp=  2 uniq=  2 novel=  0 pruned=   0 bt=369 cap= 5 | C4 pool=  2 got= 2 short=0 | 3.5s
[129] size=19 budget=  618 C1 valid=61 novel=48 | C2 uniq= 5 | C3 draws=  618 comp=  7 uniq=  7 novel=  6 pruned=   0 bt=492 cap= 6 | C4 pool=  7 got= 4 short=1 | 5.0s
[130] size=17 budget=  768 C1 valid=64 novel=64 | C2 uniq= 1 | C3 draws=  768 comp=  1 uniq=  1 novel=  1 pruned=   0 bt=605 cap= 9 | C4 pool=  1 got= 1 short=0 | 7.0s
[131] size=13 budget=  576 C1 valid=64 novel=64 | C2 uniq= 1 | C3 draws=  576 comp=  1 uniq=  1 novel=  1 pruned=   0 bt=483 cap= 6 | C4 pool=  1 got= 1 short=0 | 5.0s
[132] size=15 budget=  437 C1 valid=63 novel= 3 | C2 uniq= 5 | C3 draws=  437 comp=  5 uniq=  5 novel=  1 pruned=   0 bt=357 cap= 5 | C4 pool=  7 got= 5 short=0 | 3.5s
[133] size=13 budget= 1103 C1 valid=64 novel=55 | C2 uniq= 6 | C3 draws= 1103 comp=  6 uniq=  6 novel=  5 pruned=   0 bt=761 cap=12 | C4 pool=  6 got= 6 short=0 | 9.9s
[134] size=19 budget=  840 C1 valid=64 novel=64 | C2 uniq= 4 | C3 draws=  840 comp=  5 uniq=  5 novel=  5 pruned=   0 bt=604 cap= 9 | C4 pool=  7 got= 4 short=0 | 7.5s
[135] size=11 budget=  505 C1 valid=64 novel=15 | C2 uniq= 3 | C3 draws=  505 comp=  3 uniq=  3 novel=  2 pruned=   0 bt=422 cap= 5 | C4 pool=  3 got= 3 short=0 | 4.2s
[136] size=13 budget=  693 C1 valid=64 novel= 0 | C2 uniq= 2 | C3 draws=  693 comp=  2 uniq=  2 novel=  0 pruned=   0 bt=566 cap= 8 | C4 pool=  2 got= 2 short=0 | 5.9s
[137] size=17 budget=  815 C1 valid=50 novel=31 | C2 uniq=11 | C3 draws=  815 comp= 10 uniq= 10 novel=  6 pruned=   0 bt=553 cap= 8 | C4 pool=400 got=11 short=0 | 7.3s
[138] size=19 budget=  435 C1 valid=59 novel=16 | C2 uniq= 2 | C3 draws=  435 comp=  2 uniq=  2 novel=  1 pruned=   0 bt=348 cap= 5 | C4 pool=  2 got= 2 short=0 | 3.7s
[139] size=19 budget=  491 C1 valid=64 novel= 0 | C2 uniq= 3 | C3 draws=  491 comp=  3 uniq=  3 novel=  0 pruned=   0 bt=411 cap= 6 | C4 pool=  3 got= 3 short=0 | 4.0s
[140] size=17 budget=  424 C1 valid=64 novel= 0 | C2 uniq= 3 | C3 draws=  424 comp=  3 uniq=  3 novel=  0 pruned=   0 bt=351 cap= 5 | C4 pool=  3 got= 3 short=0 | 3.4s
[141] size=13 budget= 1760 C1 valid=26 novel=26 | C2 uniq=25 | C3 draws= 1760 comp= 15 uniq= 15 novel= 15 pruned=   0 bt=942 cap=17 | C4 pool=400 got=25 short=0 | 16.9s
[142] size=19 budget=  609 C1 valid=63 novel=21 | C2 uniq=23 | C3 draws=  609 comp= 13 uniq= 13 novel=  7 pruned=   0 bt=398 cap= 6 | C4 pool= 35 got=23 short=0 | 4.9s
[143] size=19 budget=  448 C1 valid=64 novel= 0 | C2 uniq= 1 | C3 draws=  448 comp=  1 uniq=  1 novel=  0 pruned=   0 bt=393 cap= 5 | C4 pool=  1 got= 1 short=0 | 3.6s
[144] size=19 budget=  836 C1 valid=64 novel=64 | C2 uniq= 3 | C3 draws=  836 comp=  3 uniq=  3 novel=  3 pruned=   0 bt=624 cap=10 | C4 pool=  3 got= 3 short=0 | 7.6s
[145] size=13 budget=  927 C1 valid=62 novel=56 | C2 uniq=11 | C3 draws=  927 comp=  7 uniq=  7 novel=  5 pruned=   0 bt=625 cap=10 | C4 pool=400 got=11 short=0 | 8.7s
[146] size=11 budget=  512 C1 valid=64 novel= 0 | C2 uniq= 1 | C3 draws=  512 comp=  1 uniq=  1 novel=  0 pruned=   0 bt=426 cap= 6 | C4 pool=  1 got= 1 short=0 | 4.5s
[147] size=17 budget=  730 C1 valid=64 novel=19 | C2 uniq=11 | C3 draws=  730 comp= 12 uniq= 12 novel=  7 pruned=   0 bt=435 cap= 5 | C4 pool= 58 got=11 short=0 | 6.3s
[148] size=15 budget=  704 C1 valid=64 novel=64 | C2 uniq= 1 | C3 draws=  704 comp=  1 uniq=  1 novel=  1 pruned=   0 bt=585 cap= 8 | C4 pool=  1 got= 1 short=0 | 6.2s
[149] size= 9 budget=  385 C1 valid=63 novel= 0 | C2 uniq= 1 | C3 draws=  385 comp=  1 uniq=  1 novel=  0 pruned=   0 bt=335 cap= 4 | C4 pool=  1 got= 1 short=0 | 3.1s
[150] size= 9 budget=  384 C1 valid=64 novel= 0 | C2 uniq= 1 | C3 draws=  384 comp=  1 uniq=  1 novel=  0 pruned=   0 bt=333 cap= 4 | C4 pool=  1 got= 1 short=0 | 3.1s
[151] size= 9 budget=  320 C1 valid=64 novel= 0 | C2 uniq= 1 | C3 draws=  320 comp=  1 uniq=  1 novel=  0 pruned=   0 bt=279 cap= 3 | C4 pool=  1 got= 1 short=0 | 2.6s
[152] size=15 budget= 1035 C1 valid=44 novel=39 | C2 uniq=20 | C3 draws= 1035 comp= 16 uniq= 16 novel= 14 pruned=   0 bt=675 cap=10 | C4 pool=400 got=20 short=0 | 8.5s
[153] size=13 budget=  448 C1 valid=64 novel= 0 | C2 uniq= 3 | C3 draws=  448 comp=  2 uniq=  2 novel=  0 pruned=   0 bt=380 cap= 5 | C4 pool=  3 got= 3 short=0 | 3.6s
[154] size=17 budget=  384 C1 valid=64 novel= 0 | C2 uniq= 1 | C3 draws=  384 comp=  1 uniq=  1 novel=  0 pruned=   0 bt=334 cap= 4 | C4 pool=  1 got= 1 short=0 | 3.1s
[155] size=11 budget=  896 C1 valid=64 novel= 0 | C2 uniq= 1 | C3 draws=  896 comp=  1 uniq=  1 novel=  0 pruned=   0 bt=705 cap=10 | C4 pool=  1 got= 1 short=0 | 8.1s
[156] size=17 budget= 1310 C1 valid= 2 novel= 2 | C2 uniq= 2 | C3 draws= 1310 comp=  1 uniq=  1 novel=  1 pruned=   0 bt=1028 cap=16 | C4 pool=400 got= 2 short=0 | 12.7s
[157] size= 9 budget=  640 C1 valid=64 novel= 0 | C2 uniq= 1 | C3 draws=  640 comp=  1 uniq=  1 novel=  0 pruned=   0 bt=534 cap= 7 | C4 pool=  1 got= 1 short=0 | 5.5s
[158] size= 9 budget=  512 C1 valid=64 novel= 0 | C2 uniq= 1 | C3 draws=  512 comp=  1 uniq=  1 novel=  0 pruned=   0 bt=443 cap= 5 | C4 pool=  1 got= 1 short=0 | 4.3s
[159] size=19 budget=  740 C1 valid=34 novel= 0 | C2 uniq= 2 | C3 draws=  740 comp=  5 uniq=  5 novel=  3 pruned=   0 bt=554 cap= 9 | C4 pool=  6 got= 2 short=0 | 6.4s
[160] size=15 budget=  842 C1 valid=60 novel=35 | C2 uniq=35 | C3 draws=  842 comp= 12 uniq= 12 novel=  9 pruned=   0 bt=575 cap= 8 | C4 pool=400 got=35 short=0 | 6.9s
[161] size=13 budget=  517 C1 valid=60 novel=60 | C2 uniq= 1 | C3 draws=  517 comp=  1 uniq=  1 novel=  1 pruned=   0 bt=425 cap= 6 | C4 pool=  1 got= 1 short=0 | 4.4s
[162] size=19 budget=  660 C1 valid=64 novel=38 | C2 uniq= 7 | C3 draws=  660 comp=  5 uniq=  5 novel=  3 pruned=   0 bt=512 cap= 8 | C4 pool= 90 got= 7 short=0 | 5.6s
[163] size=11 budget=  448 C1 valid=64 novel= 0 | C2 uniq= 1 | C3 draws=  448 comp=  1 uniq=  1 novel=  0 pruned=   0 bt=393 cap= 5 | C4 pool=  1 got= 1 short=0 | 3.7s
[164] size=11 budget=  603 C1 valid=64 novel= 0 | C2 uniq= 2 | C3 draws=  603 comp=  2 uniq=  2 novel=  0 pruned=   0 bt=497 cap= 7 | C4 pool=  2 got= 2 short=0 | 5.2s
[165] size=19 budget=  320 C1 valid=64 novel= 0 | C2 uniq= 1 | C3 draws=  320 comp=  1 uniq=  1 novel=  0 pruned=   0 bt=274 cap= 4 | C4 pool=  1 got= 1 short=0 | 2.6s
[166] size=19 budget=  355 C1 valid=64 novel= 0 | C2 uniq= 2 | C3 draws=  355 comp=  2 uniq=  2 novel=  0 pruned=   0 bt=303 cap= 4 | C4 pool=  2 got= 2 short=0 | 2.9s
[167] size= 5 budget=  256 C1 valid=64 novel= 0 | C2 uniq= 2 | C3 draws=  256 comp=  4 uniq=  4 novel=  0 pruned=   0 bt=211 cap= 2 | C4 pool=  4 got= 2 short=0 | 2.0s
[168] size=17 budget=  895 C1 valid=53 novel=30 | C2 uniq=34 | C3 draws=  895 comp= 19 uniq= 19 novel= 12 pruned=   0 bt=504 cap= 6 | C4 pool=400 got=34 short=0 | 7.3s
[169] size=13 budget=  481 C1 valid=64 novel= 3 | C2 uniq= 6 | C3 draws=  481 comp=  5 uniq=  5 novel=  1 pruned=   0 bt=379 cap= 5 | C4 pool=  7 got= 6 short=0 | 4.0s
[170] size=13 budget=  384 C1 valid=64 novel= 0 | C2 uniq= 1 | C3 draws=  384 comp=  1 uniq=  1 novel=  0 pruned=   0 bt=333 cap= 4 | C4 pool=  1 got= 1 short=0 | 3.2s
[171] size= 7 budget=  256 C1 valid=64 novel= 0 | C2 uniq= 1 | C3 draws=  256 comp=  1 uniq=  1 novel=  0 pruned=   0 bt=231 cap= 2 | C4 pool=  1 got= 1 short=0 | 2.1s
[172] size=11 budget=  256 C1 valid=64 novel= 0 | C2 uniq= 1 | C3 draws=  256 comp=  1 uniq=  1 novel=  0 pruned=   0 bt=225 cap= 3 | C4 pool=  1 got= 1 short=0 | 2.1s
[173] size=13 budget=  320 C1 valid=64 novel= 0 | C2 uniq= 1 | C3 draws=  320 comp=  1 uniq=  1 novel=  0 pruned=   0 bt=279 cap= 3 | C4 pool=  1 got= 1 short=0 | 2.6s
[174] size=17 budget=  384 C1 valid=64 novel= 0 | C2 uniq= 1 | C3 draws=  384 comp=  1 uniq=  1 novel=  0 pruned=   0 bt=334 cap= 4 | C4 pool=  2 got= 1 short=0 | 3.1s
[175] size= 9 budget=  548 C1 valid=64 novel=11 | C2 uniq= 3 | C3 draws=  548 comp=  2 uniq=  2 novel=  1 pruned=   0 bt=459 cap= 6 | C4 pool=  3 got= 3 short=0 | 4.5s
[176] size=19 budget=  497 C1 valid=64 novel=18 | C2 uniq= 9 | C3 draws=  497 comp=  6 uniq=  6 novel=  1 pruned=   0 bt=385 cap= 5 | C4 pool=  9 got= 9 short=0 | 4.0s
[177] size=17 budget=  384 C1 valid=64 novel= 0 | C2 uniq= 1 | C3 draws=  384 comp=  1 uniq=  1 novel=  0 pruned=   0 bt=334 cap= 4 | C4 pool=  1 got= 1 short=0 | 3.1s
[178] size= 7 budget=  506 C1 valid=64 novel= 0 | C2 uniq= 5 | C3 draws=  506 comp=  2 uniq=  2 novel=  0 pruned=   0 bt=420 cap= 5 | C4 pool=  9 got= 5 short=0 | 4.4s
[179] size=19 budget= 1168 C1 valid=41 novel=39 | C2 uniq=34 | C3 draws= 1168 comp= 34 uniq= 34 novel= 34 pruned=   0 bt=421 cap= 4 | C4 pool=400 got=34 short=0 | 9.2s
[180] size=15 budget=  724 C1 valid=50 novel= 5 | C2 uniq= 6 | C3 draws=  724 comp=  3 uniq=  3 novel=  2 pruned=   0 bt=564 cap= 8 | C4 pool=165 got= 6 short=0 | 6.5s
[181] size=15 budget= 1064 C1 valid=15 novel=15 | C2 uniq= 8 | C3 draws= 1064 comp= 14 uniq= 14 novel= 14 pruned=   0 bt=700 cap= 5 | C4 pool=400 got= 8 short=0 | 9.5s
[182] size=13 budget= 1091 C1 valid=53 novel=53 | C2 uniq=16 | C3 draws= 1091 comp= 23 uniq= 23 novel= 23 pruned=   0 bt=555 cap= 7 | C4 pool=400 got=16 short=0 | 9.4s
[183] size=19 budget=  928 C1 valid=15 novel=15 | C2 uniq= 1 | C3 draws=  928 comp=  2 uniq=  2 novel=  2 pruned=   0 bt=771 cap=11 | C4 pool=  2 got= 1 short=0 | 8.0s
[184] size=17 budget=  640 C1 valid=64 novel=64 | C2 uniq= 2 | C3 draws=  640 comp=  2 uniq=  2 novel=  2 pruned=   0 bt=512 cap= 8 | C4 pool=  2 got= 2 short=0 | 5.6s
[185] size=15 budget=  320 C1 valid=64 novel= 0 | C2 uniq= 1 | C3 draws=  320 comp=  1 uniq=  1 novel=  0 pruned=   0 bt=282 cap= 3 | C4 pool=  1 got= 1 short=0 | 2.6s
[186] size=13 budget=  428 C1 valid=64 novel= 0 | C2 uniq= 3 | C3 draws=  428 comp=  3 uniq=  3 novel=  0 pruned=   0 bt=360 cap= 5 | C4 pool=  3 got= 3 short=0 | 3.5s
[187] size=13 budget=  384 C1 valid=64 novel= 0 | C2 uniq= 1 | C3 draws=  384 comp=  1 uniq=  1 novel=  0 pruned=   0 bt=333 cap= 4 | C4 pool=  1 got= 1 short=0 | 3.2s
[188] size=13 budget=  464 C1 valid=64 novel=11 | C2 uniq= 5 | C3 draws=  464 comp=  4 uniq=  4 novel=  1 pruned=   0 bt=373 cap= 5 | C4 pool=  5 got= 5 short=0 | 3.8s
[189] size=13 budget=  431 C1 valid=64 novel= 0 | C2 uniq= 3 | C3 draws=  431 comp=  3 uniq=  3 novel=  0 pruned=   0 bt=360 cap= 5 | C4 pool=  3 got= 3 short=0 | 3.5s
[190] size=19 budget=  441 C1 valid=64 novel= 5 | C2 uniq= 9 | C3 draws=  441 comp=  6 uniq=  6 novel=  2 pruned=   0 bt=333 cap= 5 | C4 pool= 12 got= 9 short=0 | 3.5s
[191] size=13 budget=  256 C1 valid=64 novel= 0 | C2 uniq= 1 | C3 draws=  256 comp=  1 uniq=  1 novel=  0 pruned=   0 bt=217 cap= 3 | C4 pool=  1 got= 1 short=0 | 2.1s
[192] size=17 budget=  256 C1 valid=64 novel= 0 | C2 uniq= 1 | C3 draws=  256 comp=  1 uniq=  1 novel=  0 pruned=   0 bt=218 cap= 3 | C4 pool=  1 got= 1 short=0 | 2.1s
[193] size=13 budget=  840 C1 valid=64 novel=30 | C2 uniq=13 | C3 draws=  840 comp=  9 uniq=  9 novel=  7 pruned=   0 bt=577 cap= 8 | C4 pool=400 got=13 short=0 | 7.2s
[194] size=11 budget=  714 C1 valid=58 novel=39 | C2 uniq=31 | C3 draws=  714 comp= 19 uniq= 19 novel= 13 pruned=   0 bt=412 cap= 5 | C4 pool=400 got=31 short=0 | 5.7s
[195] size=11 budget=  396 C1 valid=62 novel= 0 | C2 uniq= 1 | C3 draws=  396 comp=  1 uniq=  1 novel=  0 pruned=   0 bt=349 cap= 4 | C4 pool=  2 got= 1 short=0 | 3.3s
[196] size=15 budget= 1353 C1 valid=48 novel=44 | C2 uniq=35 | C3 draws= 1353 comp= 32 uniq= 32 novel= 31 pruned=   0 bt=486 cap= 8 | C4 pool=400 got=35 short=0 | 10.9s
[197] size=17 budget= 1365 C1 valid=26 novel=26 | C2 uniq=16 | C3 draws= 1365 comp= 22 uniq= 22 novel= 22 pruned=   0 bt=581 cap=11 | C4 pool=400 got=16 short=0 | 12.2s
[198] size=19 budget=  709 C1 valid=62 novel=31 | C2 uniq= 4 | C3 draws=  709 comp=  2 uniq=  2 novel=  1 pruned=   0 bt=578 cap= 9 | C4 pool=  8 got= 4 short=0 | 6.0s
[199] size=11 budget=  448 C1 valid=64 novel= 0 | C2 uniq= 1 | C3 draws=  448 comp=  1 uniq=  1 novel=  0 pruned=   0 bt=381 cap= 5 | C4 pool=  1 got= 1 short=0 | 3.7s
[200] size=19 budget=  448 C1 valid=64 novel=20 | C2 uniq= 3 | C3 draws=  448 comp=  3 uniq=  3 novel=  1 pruned=   0 bt=364 cap= 5 | C4 pool= 10 got= 3 short=0 | 3.7s
[201] size= 7 budget=  320 C1 valid=64 novel= 0 | C2 uniq= 1 | C3 draws=  320 comp=  1 uniq=  1 novel=  0 pruned=   0 bt=288 cap= 3 | C4 pool=  1 got= 1 short=0 | 2.6s
[202] size=13 budget=  448 C1 valid=64 novel= 0 | C2 uniq= 1 | C3 draws=  448 comp=  1 uniq=  1 novel=  0 pruned=   0 bt=387 cap= 5 | C4 pool=  1 got= 1 short=0 | 3.6s
[203] size=19 budget= 1185 C1 valid=21 novel=16 | C2 uniq=12 | C3 draws= 1185 comp=  8 uniq=  8 novel=  7 pruned=   0 bt=790 cap=13 | C4 pool=400 got=12 short=0 | 11.7s
[204] size=19 budget=  384 C1 valid=64 novel= 0 | C2 uniq= 1 | C3 draws=  384 comp=  1 uniq=  1 novel=  0 pruned=   0 bt=335 cap= 5 | C4 pool=  1 got= 1 short=0 | 3.2s
[205] size=19 budget= 1211 C1 valid=21 novel=21 | C2 uniq=15 | C3 draws= 1211 comp= 46 uniq= 46 novel= 46 pruned=   0 bt=248 cap= 1 | C4 pool=400 got=15 short=0 | 8.8s
[206] size=13 budget=  320 C1 valid=64 novel= 0 | C2 uniq= 1 | C3 draws=  320 comp=  1 uniq=  1 novel=  0 pruned=   0 bt=279 cap= 3 | C4 pool=  1 got= 1 short=0 | 2.6s
[207] size=13 budget=  384 C1 valid=64 novel= 0 | C2 uniq= 1 | C3 draws=  384 comp=  1 uniq=  1 novel=  0 pruned=   0 bt=333 cap= 4 | C4 pool=  1 got= 1 short=0 | 3.1s
[208] size=11 budget=  356 C1 valid=64 novel= 0 | C2 uniq= 7 | C3 draws=  356 comp=  2 uniq=  2 novel=  0 pruned=   0 bt=305 cap= 4 | C4 pool= 10 got= 7 short=0 | 2.9s
[209] size= 9 budget=  892 C1 valid=64 novel=25 | C2 uniq=17 | C3 draws=  892 comp=  8 uniq=  8 novel=  5 pruned=   0 bt=661 cap= 9 | C4 pool=400 got=17 short=0 | 7.7s
[210] size=17 budget=  640 C1 valid=62 novel=62 | C2 uniq= 1 | C3 draws=  640 comp=  1 uniq=  1 novel=  1 pruned=   0 bt=538 cap= 8 | C4 pool=  1 got= 1 short=0 | 5.6s
[211] size=15 budget=  405 C1 valid=64 novel= 0 | C2 uniq= 3 | C3 draws=  405 comp=  3 uniq=  3 novel=  0 pruned=   0 bt=346 cap= 4 | C4 pool=  4 got= 3 short=0 | 3.3s
[212] size=19 budget=  384 C1 valid=64 novel= 0 | C2 uniq= 1 | C3 draws=  384 comp=  1 uniq=  1 novel=  0 pruned=   0 bt=335 cap= 5 | C4 pool=  1 got= 1 short=0 | 3.1s
[213] size=17 budget=  446 C1 valid=64 novel= 2 | C2 uniq=10 | C3 draws=  446 comp= 12 uniq= 12 novel=  3 pruned=   0 bt=243 cap= 1 | C4 pool=400 got=10 short=0 | 4.5s
[214] size=15 budget=  448 C1 valid=64 novel= 0 | C2 uniq= 1 | C3 draws=  448 comp=  1 uniq=  1 novel=  0 pruned=   0 bt=392 cap= 5 | C4 pool=  1 got= 1 short=0 | 3.6s
[215] size=15 budget=  748 C1 valid=64 novel=64 | C2 uniq= 3 | C3 draws=  748 comp=  4 uniq=  4 novel=  4 pruned=   0 bt=623 cap= 8 | C4 pool=  3 got= 3 short=0 | 6.4s
[216] size=17 budget=  806 C1 valid=56 novel=26 | C2 uniq= 7 | C3 draws=  806 comp=  6 uniq=  6 novel=  2 pruned=   0 bt=610 cap= 8 | C4 pool=  9 got= 7 short=0 | 6.9s
[217] size=19 budget=  480 C1 valid=64 novel= 0 | C2 uniq= 2 | C3 draws=  480 comp=  2 uniq=  2 novel=  0 pruned=   0 bt=399 cap= 6 | C4 pool=  3 got= 2 short=0 | 4.0s
[218] size=11 budget=  547 C1 valid=64 novel=64 | C2 uniq= 2 | C3 draws=  547 comp=  2 uniq=  2 novel=  2 pruned=   0 bt=448 cap= 6 | C4 pool=  2 got= 2 short=0 | 4.7s
[219] size=13 budget=  474 C1 valid=56 novel= 0 | C2 uniq= 1 | C3 draws=  474 comp=  1 uniq=  1 novel=  0 pruned=   0 bt=413 cap= 5 | C4 pool=  1 got= 1 short=0 | 3.9s
[220] size=11 budget=  448 C1 valid=64 novel= 0 | C2 uniq= 1 | C3 draws=  448 comp=  1 uniq=  1 novel=  0 pruned=   0 bt=393 cap= 5 | C4 pool=  1 got= 1 short=0 | 3.7s
[221] size=11 budget=  384 C1 valid=64 novel= 0 | C2 uniq= 1 | C3 draws=  384 comp=  1 uniq=  1 novel=  0 pruned=   0 bt=337 cap= 4 | C4 pool=  1 got= 1 short=0 | 3.1s
[222] size=13 budget=  418 C1 valid=64 novel= 0 | C2 uniq= 3 | C3 draws=  418 comp=  2 uniq=  2 novel=  0 pruned=   0 bt=360 cap= 4 | C4 pool=  3 got= 3 short=0 | 3.4s
[223] size=19 budget=  494 C1 valid=64 novel= 7 | C2 uniq=10 | C3 draws=  494 comp= 14 uniq= 14 novel=  8 pruned=   0 bt=205 cap= 1 | C4 pool=400 got=10 short=0 | 4.1s
[224] size=17 budget=  948 C1 valid=55 novel=45 | C2 uniq=20 | C3 draws=  948 comp= 26 uniq= 26 novel= 24 pruned=   0 bt=409 cap= 4 | C4 pool=400 got=20 short=0 | 7.7s
[225] size=19 budget=  585 C1 valid=63 novel=36 | C2 uniq= 2 | C3 draws=  585 comp=  7 uniq=  7 novel=  6 pruned=   0 bt=308 cap= 5 | C4 pool=  6 got= 2 short=0 | 5.2s
[226] size=13 budget=  448 C1 valid=64 novel= 0 | C2 uniq= 1 | C3 draws=  448 comp=  1 uniq=  1 novel=  0 pruned=   0 bt=387 cap= 5 | C4 pool=  1 got= 1 short=0 | 3.7s
[227] size=15 budget=  496 C1 valid=64 novel=22 | C2 uniq= 2 | C3 draws=  496 comp=  1 uniq=  1 novel=  0 pruned=   0 bt=435 cap= 6 | C4 pool=  2 got= 2 short=0 | 4.1s
[228] size=19 budget=  603 C1 valid=64 novel=64 | C2 uniq= 2 | C3 draws=  603 comp=  2 uniq=  2 novel=  2 pruned=   0 bt=483 cap= 7 | C4 pool=  2 got= 2 short=0 | 5.3s
[229] size=19 budget=  485 C1 valid=64 novel=14 | C2 uniq= 4 | C3 draws=  485 comp=  4 uniq=  4 novel=  2 pruned=   0 bt=402 cap= 6 | C4 pool=  7 got= 4 short=0 | 3.9s
[230] size=13 budget=  576 C1 valid=64 novel= 4 | C2 uniq= 9 | C3 draws=  576 comp=  5 uniq=  5 novel=  1 pruned=   0 bt=436 cap= 6 | C4 pool= 14 got= 9 short=0 | 4.9s
[231] size=17 budget=  448 C1 valid=64 novel= 0 | C2 uniq= 1 | C3 draws=  448 comp=  1 uniq=  1 novel=  0 pruned=   0 bt=387 cap= 5 | C4 pool=  1 got= 1 short=0 | 3.7s
[232] size=13 budget=  440 C1 valid=64 novel= 2 | C2 uniq= 9 | C3 draws=  440 comp= 13 uniq= 13 novel=  4 pruned=   0 bt=196 cap= 2 | C4 pool= 23 got= 9 short=0 | 3.5s
[233] size=13 budget=  711 C1 valid=64 novel=64 | C2 uniq=15 | C3 draws=  711 comp= 12 uniq= 12 novel= 12 pruned=   0 bt=521 cap= 4 | C4 pool= 18 got=15 short=0 | 5.8s
[234] size=17 budget=  384 C1 valid=64 novel= 0 | C2 uniq= 1 | C3 draws=  384 comp=  1 uniq=  1 novel=  0 pruned=   0 bt=334 cap= 4 | C4 pool=  1 got= 1 short=0 | 3.1s
[235] size=19 budget=  810 C1 valid=28 novel= 0 | C2 uniq= 3 | C3 draws=  810 comp=  1 uniq=  1 novel=  0 pruned=   0 bt=702 cap=10 | C4 pool=  3 got= 3 short=0 | 7.1s
[236] size=11 budget=  447 C1 valid=64 novel=10 | C2 uniq= 9 | C3 draws=  447 comp=  5 uniq=  5 novel=  1 pruned=   0 bt=363 cap= 4 | C4 pool= 13 got= 9 short=0 | 3.7s
[237] size=13 budget=  706 C1 valid=63 novel=21 | C2 uniq=27 | C3 draws=  706 comp= 33 uniq= 33 novel= 26 pruned=   0 bt= 77 cap= 0 | C4 pool=400 got=27 short=0 | 5.0s
[238] size=11 budget=  384 C1 valid=64 novel= 0 | C2 uniq= 1 | C3 draws=  384 comp=  1 uniq=  1 novel=  0 pruned=   0 bt=337 cap= 4 | C4 pool=  1 got= 1 short=0 | 3.1s
[239] size=19 budget=  620 C1 valid=60 novel=15 | C2 uniq= 6 | C3 draws=  620 comp=  5 uniq=  5 novel=  1 pruned=   0 bt=502 cap= 7 | C4 pool= 10 got= 6 short=0 | 5.0s
[240] size=17 budget=  512 C1 valid=64 novel=64 | C2 uniq= 1 | C3 draws=  512 comp=  1 uniq=  1 novel=  1 pruned=   0 bt=441 cap= 6 | C4 pool=  1 got= 1 short=0 | 4.1s
[241] size=19 budget=  559 C1 valid=64 novel=17 | C2 uniq= 2 | C3 draws=  559 comp=  2 uniq=  2 novel=  1 pruned=   0 bt=454 cap= 7 | C4 pool=  2 got= 2 short=0 | 4.7s
[242] size=11 budget=  340 C1 valid=64 novel= 0 | C2 uniq= 5 | C3 draws=  340 comp=  4 uniq=  4 novel=  0 pruned=   0 bt=281 cap= 3 | C4 pool=  5 got= 5 short=0 | 2.7s
[243] size= 9 budget=  320 C1 valid=64 novel= 0 | C2 uniq= 1 | C3 draws=  320 comp=  1 uniq=  1 novel=  0 pruned=   0 bt=279 cap= 3 | C4 pool=  1 got= 1 short=0 | 2.6s
[244] size=13 budget=  505 C1 valid=58 novel= 0 | C2 uniq= 1 | C3 draws=  505 comp=  2 uniq=  2 novel=  0 pruned=   0 bt=410 cap= 6 | C4 pool=  2 got= 1 short=0 | 4.4s
[245] size=11 budget=  256 C1 valid=64 novel= 0 | C2 uniq= 1 | C3 draws=  256 comp=  1 uniq=  1 novel=  0 pruned=   0 bt=225 cap= 3 | C4 pool=  1 got= 1 short=0 | 2.1s
[246] size= 7 budget=  320 C1 valid=64 novel= 0 | C2 uniq= 1 | C3 draws=  320 comp=  1 uniq=  1 novel=  0 pruned=   0 bt=288 cap= 3 | C4 pool=  2 got= 1 short=0 | 2.6s
[247] size=11 budget=  576 C1 valid=64 novel= 0 | C2 uniq= 1 | C3 draws=  576 comp=  1 uniq=  1 novel=  0 pruned=   0 bt=484 cap= 6 | C4 pool=  1 got= 1 short=0 | 5.0s
[248] size=17 budget=  620 C1 valid= 2 novel= 2 | C2 uniq= 1 | C3 draws=  620 comp=  4 uniq=  4 novel=  4 pruned=   0 bt=484 cap= 6 | C4 pool=  2 got= 1 short=0 | 5.2s
[249] size=17 budget= 1813 C1 valid= 7 novel= 7 | C2 uniq= 6 | C3 draws= 1813 comp= 12 uniq= 12 novel= 12 pruned=   0 bt=938 cap=17 | C4 pool=400 got= 6 short=0 | 18.1s
[250] size=11 budget=  533 C1 valid=64 novel=20 | C2 uniq= 5 | C3 draws=  533 comp=  4 uniq=  4 novel=  2 pruned=   0 bt=426 cap= 5 | C4 pool=  5 got= 5 short=0 | 4.5s
[251] size=19 budget=  384 C1 valid=64 novel= 0 | C2 uniq= 1 | C3 draws=  384 comp=  1 uniq=  1 novel=  0 pruned=   0 bt=335 cap= 5 | C4 pool=  1 got= 1 short=0 | 3.2s
[252] size= 9 budget=  320 C1 valid=64 novel= 0 | C2 uniq= 1 | C3 draws=  320 comp=  1 uniq=  1 novel=  0 pruned=   0 bt=279 cap= 3 | C4 pool=  1 got= 1 short=0 | 2.6s
[253] size=19 budget= 1400 C1 valid= 2 novel= 2 | C2 uniq= 2 | C3 draws= 1400 comp=  0 uniq=  0 novel=  0 pruned=   0 bt=981 cap=18 | C4 pool=400 got= 2 short=0 | 13.8s
[254] size=15 budget=  320 C1 valid=64 novel= 0 | C2 uniq= 1 | C3 draws=  320 comp=  1 uniq=  1 novel=  0 pruned=   0 bt=279 cap= 3 | C4 pool=  1 got= 1 short=0 | 2.7s
[255] size= 7 budget=  256 C1 valid=64 novel= 0 | C2 uniq= 1 | C3 draws=  256 comp=  1 uniq=  1 novel=  0 pruned=   0 bt=231 cap= 2 | C4 pool=  1 got= 1 short=0 | 2.1s
[256] size= 9 budget=  360 C1 valid=64 novel= 0 | C2 uniq= 3 | C3 draws=  360 comp=  3 uniq=  3 novel=  0 pruned=   0 bt=304 cap= 4 | C4 pool=  3 got= 3 short=0 | 2.9s
[257] size=15 budget=  448 C1 valid=64 novel= 0 | C2 uniq= 2 | C3 draws=  448 comp=  2 uniq=  2 novel=  0 pruned=   0 bt=386 cap= 5 | C4 pool=  2 got= 2 short=0 | 3.6s
[258] size=11 budget=  576 C1 valid=64 novel= 0 | C2 uniq= 1 | C3 draws=  576 comp=  2 uniq=  2 novel=  1 pruned=   0 bt=471 cap= 6 | C4 pool=  2 got= 1 short=0 | 5.0s
[259] size=11 budget=  604 C1 valid=64 novel=15 | C2 uniq=19 | C3 draws=  604 comp=  8 uniq=  8 novel=  4 pruned=   0 bt=442 cap= 5 | C4 pool=254 got=19 short=0 | 5.2s
[260] size=13 budget=  836 C1 valid=58 novel=58 | C2 uniq= 4 | C3 draws=  836 comp=  5 uniq=  5 novel=  5 pruned=   0 bt=593 cap= 9 | C4 pool=  4 got= 4 short=0 | 7.3s
[261] size=15 budget= 1667 C1 valid= 6 novel= 6 | C2 uniq= 3 | C3 draws= 1667 comp=  4 uniq=  4 novel=  4 pruned=   0 bt=1090 cap=19 | C4 pool= 21 got= 3 short=0 | 16.2s
[262] size=15 budget=  570 C1 valid=64 novel=31 | C2 uniq= 2 | C3 draws=  570 comp=  2 uniq=  2 novel=  1 pruned=   0 bt=487 cap= 6 | C4 pool=  2 got= 2 short=0 | 4.8s
[263] size=11 budget=  576 C1 valid=64 novel= 0 | C2 uniq= 1 | C3 draws=  576 comp=  1 uniq=  1 novel=  0 pruned=   0 bt=490 cap= 6 | C4 pool=  1 got= 1 short=0 | 4.9s
[264] size=19 budget=  448 C1 valid=64 novel= 0 | C2 uniq= 1 | C3 draws=  448 comp=  1 uniq=  1 novel=  0 pruned=   0 bt=393 cap= 5 | C4 pool=  1 got= 1 short=0 | 3.7s
[265] size=17 budget=  384 C1 valid=64 novel= 0 | C2 uniq= 1 | C3 draws=  384 comp=  1 uniq=  1 novel=  0 pruned=   0 bt=334 cap= 4 | C4 pool=  1 got= 1 short=0 | 3.1s
[266] size=11 budget=  320 C1 valid=64 novel= 0 | C2 uniq= 1 | C3 draws=  320 comp=  1 uniq=  1 novel=  0 pruned=   0 bt=283 cap= 3 | C4 pool=  2 got= 1 short=0 | 2.6s
[267] size=15 budget=  361 C1 valid=64 novel= 0 | C2 uniq= 3 | C3 draws=  361 comp=  3 uniq=  3 novel=  0 pruned=   0 bt=303 cap= 4 | C4 pool=  3 got= 3 short=0 | 2.9s
[268] size=15 budget=  448 C1 valid=64 novel= 0 | C2 uniq= 1 | C3 draws=  448 comp=  1 uniq=  1 novel=  0 pruned=   0 bt=392 cap= 5 | C4 pool=  1 got= 1 short=0 | 3.7s
[269] size=19 budget= 1148 C1 valid=50 novel= 3 | C2 uniq=15 | C3 draws= 1148 comp= 11 uniq= 11 novel=  2 pruned=   0 bt=809 cap=11 | C4 pool=400 got=15 short=0 | 10.5s
[270] size=11 budget=  430 C1 valid=64 novel= 0 | C2 uniq= 3 | C3 draws=  430 comp=  3 uniq=  3 novel=  0 pruned=   0 bt=369 cap= 4 | C4 pool=  3 got= 3 short=0 | 3.5s
[271] size=19 budget=  448 C1 valid=64 novel= 0 | C2 uniq= 1 | C3 draws=  448 comp=  1 uniq=  1 novel=  0 pruned=   0 bt=393 cap= 5 | C4 pool=  1 got= 1 short=0 | 3.6s
[272] size=19 budget= 1731 C1 valid=62 novel=62 | C2 uniq=57 | C3 draws= 1731 comp= 67 uniq= 67 novel= 66 pruned=   0 bt= 60 cap= 0 | C4 pool=400 got=57 short=0 | 12.3s
[273] size=17 budget= 1569 C1 valid=52 novel=50 | C2 uniq=41 | C3 draws= 1569 comp= 28 uniq= 28 novel= 28 pruned=   0 bt=665 cap=10 | C4 pool=400 got=41 short=0 | 13.1s
[274] size=13 budget=  448 C1 valid=64 novel= 0 | C2 uniq= 1 | C3 draws=  448 comp=  1 uniq=  1 novel=  0 pruned=   0 bt=387 cap= 5 | C4 pool=  1 got= 1 short=0 | 3.6s
[275] size=13 budget=  384 C1 valid=64 novel= 0 | C2 uniq= 1 | C3 draws=  384 comp=  1 uniq=  1 novel=  0 pruned=   0 bt=333 cap= 4 | C4 pool=  1 got= 1 short=0 | 3.1s
[276] size=11 budget=  448 C1 valid=64 novel= 0 | C2 uniq= 1 | C3 draws=  448 comp=  1 uniq=  1 novel=  0 pruned=   0 bt=393 cap= 5 | C4 pool=  1 got= 1 short=0 | 3.7s
[277] size= 9 budget=  422 C1 valid=64 novel= 4 | C2 uniq=10 | C3 draws=  422 comp=  8 uniq=  8 novel=  4 pruned=   0 bt=283 cap= 3 | C4 pool=101 got=10 short=0 | 3.4s
[278] size=17 budget=  448 C1 valid=64 novel= 0 | C2 uniq= 1 | C3 draws=  448 comp=  1 uniq=  1 novel=  0 pruned=   0 bt=387 cap= 5 | C4 pool=  1 got= 1 short=0 | 3.6s
[279] size=13 budget=  640 C1 valid=64 novel= 0 | C2 uniq= 1 | C3 draws=  640 comp=  1 uniq=  1 novel=  0 pruned=   0 bt=534 cap= 7 | C4 pool=  1 got= 1 short=0 | 5.5s
[280] size=13 budget= 1368 C1 valid=50 novel=50 | C2 uniq=50 | C3 draws= 1368 comp= 26 uniq= 26 novel= 26 pruned=   0 bt=640 cap= 9 | C4 pool=400 got=50 short=0 | 11.2s
[281] size=15 budget= 1301 C1 valid=19 novel=19 | C2 uniq=19 | C3 draws= 1301 comp= 43 uniq= 43 novel= 43 pruned=   0 bt=270 cap= 0 | C4 pool=400 got=19 short=0 | 10.2s
[282] size=19 budget=  361 C1 valid=51 novel= 0 | C2 uniq= 3 | C3 draws=  361 comp=  3 uniq=  3 novel=  0 pruned=   0 bt=302 cap= 4 | C4 pool=  3 got= 3 short=0 | 2.9s
[283] size=17 budget=  694 C1 valid=63 novel=17 | C2 uniq=19 | C3 draws=  694 comp= 23 uniq= 23 novel= 18 pruned=   0 bt=230 cap= 1 | C4 pool=400 got=19 short=0 | 5.5s
[284] size=13 budget=  320 C1 valid=64 novel= 0 | C2 uniq= 1 | C3 draws=  320 comp=  1 uniq=  1 novel=  0 pruned=   0 bt=279 cap= 3 | C4 pool=  1 got= 1 short=0 | 2.6s
[285] size=15 budget= 1032 C1 valid=23 novel=16 | C2 uniq= 6 | C3 draws= 1032 comp=  6 uniq=  6 novel=  5 pruned=   0 bt=779 cap=11 | C4 pool= 21 got= 6 short=0 | 9.2s
[286] size= 9 budget=  421 C1 valid=64 novel= 0 | C2 uniq= 3 | C3 draws=  421 comp=  3 uniq=  3 novel=  0 pruned=   0 bt=353 cap= 4 | C4 pool=  3 got= 3 short=0 | 3.4s
[287] size=11 budget=  704 C1 valid=64 novel= 0 | C2 uniq= 4 | C3 draws=  704 comp=  3 uniq=  3 novel=  0 pruned=   0 bt=568 cap= 8 | C4 pool=  4 got= 4 short=0 | 6.0s
[288] size=19 budget=  384 C1 valid=64 novel= 0 | C2 uniq= 1 | C3 draws=  384 comp=  1 uniq=  1 novel=  0 pruned=   0 bt=335 cap= 5 | C4 pool=  1 got= 1 short=0 | 3.2s
[289] size=17 budget= 1022 C1 valid=62 novel=62 | C2 uniq=19 | C3 draws= 1022 comp=  7 uniq=  7 novel=  7 pruned=   0 bt=727 cap=11 | C4 pool=366 got=19 short=0 | 9.3s
[290] size=11 budget=  448 C1 valid=64 novel= 0 | C2 uniq= 1 | C3 draws=  448 comp=  1 uniq=  1 novel=  0 pruned=   0 bt=393 cap= 5 | C4 pool=  1 got= 1 short=0 | 3.7s
[291] size=17 budget=  662 C1 valid=64 novel=38 | C2 uniq=23 | C3 draws=  662 comp= 10 uniq= 10 novel=  7 pruned=   0 bt=478 cap= 6 | C4 pool=400 got=23 short=0 | 5.2s
[292] size=17 budget=  512 C1 valid=64 novel= 0 | C2 uniq= 1 | C3 draws=  512 comp=  1 uniq=  1 novel=  0 pruned=   0 bt=441 cap= 6 | C4 pool=  1 got= 1 short=0 | 4.1s
[293] size=11 budget=  384 C1 valid=64 novel= 0 | C2 uniq= 1 | C3 draws=  384 comp=  1 uniq=  1 novel=  0 pruned=   0 bt=337 cap= 4 | C4 pool=  1 got= 1 short=0 | 3.1s
[294] size=17 budget=  464 C1 valid=64 novel= 0 | C2 uniq= 2 | C3 draws=  464 comp=  2 uniq=  2 novel=  0 pruned=   0 bt=396 cap= 5 | C4 pool=  2 got= 2 short=0 | 3.8s
[295] size=11 budget=  384 C1 valid=64 novel= 0 | C2 uniq= 1 | C3 draws=  384 comp=  1 uniq=  1 novel=  0 pruned=   0 bt=337 cap= 4 | C4 pool=  1 got= 1 short=0 | 3.1s
[296] size=15 budget=  320 C1 valid=64 novel= 0 | C2 uniq= 1 | C3 draws=  320 comp=  1 uniq=  1 novel=  0 pruned=   0 bt=282 cap= 3 | C4 pool=  1 got= 1 short=0 | 2.6s
[297] size=17 budget=  462 C1 valid=64 novel=16 | C2 uniq= 3 | C3 draws=  462 comp=  4 uniq=  4 novel=  2 pruned=   0 bt=376 cap= 5 | C4 pool=  4 got= 3 short=0 | 3.7s
[298] size=17 budget=  390 C1 valid=64 novel= 9 | C2 uniq= 9 | C3 draws=  390 comp=  3 uniq=  3 novel=  0 pruned=   0 bt=330 cap= 4 | C4 pool= 20 got= 9 short=0 | 3.2s
[299] size=11 budget=  384 C1 valid=64 novel= 0 | C2 uniq= 1 | C3 draws=  384 comp=  1 uniq=  1 novel=  0 pruned=   0 bt=337 cap= 4 | C4 pool=  1 got= 1 short=0 | 3.1s
[300] size=17 budget=  466 C1 valid=59 novel=17 | C2 uniq= 9 | C3 draws=  466 comp=  1 uniq=  1 novel=  0 pruned=   0 bt=402 cap= 5 | C4 pool= 30 got= 9 short=0 | 3.9s
[301] size=11 budget=  256 C1 valid=64 novel= 0 | C2 uniq= 1 | C3 draws=  256 comp=  1 uniq=  1 novel=  0 pruned=   0 bt=225 cap= 3 | C4 pool=  1 got= 1 short=0 | 2.1s
[302] size=13 budget=  448 C1 valid=64 novel= 0 | C2 uniq= 1 | C3 draws=  448 comp=  1 uniq=  1 novel=  0 pruned=   0 bt=387 cap= 5 | C4 pool=  1 got= 1 short=0 | 3.6s
[303] size=11 budget=  394 C1 valid=64 novel=15 | C2 uniq= 5 | C3 draws=  394 comp=  4 uniq=  4 novel=  1 pruned=   0 bt=324 cap= 4 | C4 pool=  6 got= 5 short=0 | 3.2s
[304] size= 7 budget=  256 C1 valid=64 novel= 0 | C2 uniq= 1 | C3 draws=  256 comp=  1 uniq=  1 novel=  0 pruned=   0 bt=231 cap= 2 | C4 pool=  1 got= 1 short=0 | 2.1s
[305] size=13 budget=  448 C1 valid=64 novel= 0 | C2 uniq= 1 | C3 draws=  448 comp=  1 uniq=  1 novel=  0 pruned=   0 bt=387 cap= 5 | C4 pool=  2 got= 1 short=0 | 3.6s
[306] size=15 budget=  573 C1 valid=64 novel=19 | C2 uniq=17 | C3 draws=  573 comp=  8 uniq=  8 novel=  3 pruned=   0 bt=437 cap= 6 | C4 pool=121 got=17 short=0 | 4.6s
[307] size= 9 budget=  611 C1 valid=64 novel= 0 | C2 uniq= 5 | C3 draws=  611 comp=  4 uniq=  4 novel=  0 pruned=   0 bt=472 cap= 6 | C4 pool=  9 got= 5 short=0 | 5.2s
[308] size=11 budget=  320 C1 valid=64 novel= 0 | C2 uniq= 1 | C3 draws=  320 comp=  1 uniq=  1 novel=  0 pruned=   0 bt=283 cap= 3 | C4 pool=  1 got= 1 short=0 | 2.6s
[309] size=13 budget=  342 C1 valid=64 novel= 0 | C2 uniq= 4 | C3 draws=  342 comp=  5 uniq=  5 novel=  0 pruned=   0 bt=277 cap= 3 | C4 pool=  6 got= 4 short=0 | 2.7s
[310] size=15 budget=  384 C1 valid=64 novel= 0 | C2 uniq= 2 | C3 draws=  384 comp=  2 uniq=  2 novel=  0 pruned=   0 bt=327 cap= 4 | C4 pool=  2 got= 2 short=0 | 3.1s
[311] size=13 budget= 1631 C1 valid=15 novel=15 | C2 uniq=15 | C3 draws= 1631 comp= 27 uniq= 27 novel= 27 pruned=   0 bt=749 cap= 8 | C4 pool=400 got=15 short=0 | 14.0s
[312] size= 9 budget=  320 C1 valid=64 novel= 0 | C2 uniq= 2 | C3 draws=  320 comp=  2 uniq=  2 novel=  0 pruned=   0 bt=274 cap= 3 | C4 pool=  2 got= 2 short=0 | 2.6s
[313] size=19 budget=  742 C1 valid=63 novel=16 | C2 uniq=12 | C3 draws=  742 comp=  3 uniq=  3 novel=  2 pruned=   0 bt=583 cap= 9 | C4 pool=242 got=12 short=0 | 6.4s
[314] size= 9 budget=  576 C1 valid=64 novel=18 | C2 uniq= 2 | C3 draws=  576 comp=  2 uniq=  2 novel=  1 pruned=   0 bt=481 cap= 6 | C4 pool=  2 got= 2 short=0 | 4.8s
[315] size=11 budget=  514 C1 valid=64 novel=14 | C2 uniq= 6 | C3 draws=  514 comp=  7 uniq=  7 novel=  3 pruned=   0 bt=392 cap= 5 | C4 pool=  6 got= 6 short=0 | 4.1s
[316] size=11 budget=  393 C1 valid=64 novel= 0 | C2 uniq= 3 | C3 draws=  393 comp=  3 uniq=  3 novel=  0 pruned=   0 bt=335 cap= 4 | C4 pool=  3 got= 3 short=0 | 3.2s
[317] size=13 budget=  384 C1 valid=64 novel= 0 | C2 uniq= 2 | C3 draws=  384 comp=  2 uniq=  2 novel=  0 pruned=   0 bt=327 cap= 4 | C4 pool=  2 got= 2 short=0 | 3.1s
[318] size= 9 budget=  399 C1 valid=64 novel= 3 | C2 uniq= 3 | C3 draws=  399 comp=  3 uniq=  3 novel=  1 pruned=   0 bt=321 cap= 4 | C4 pool=  3 got= 3 short=0 | 3.2s
[319] size=15 budget=  796 C1 valid=64 novel=62 | C2 uniq=14 | C3 draws=  796 comp= 37 uniq= 37 novel= 36 pruned=   0 bt=183 cap= 0 | C4 pool=400 got=14 short=0 | 5.8s
[320] size=13 budget=  384 C1 valid=64 novel= 0 | C2 uniq= 1 | C3 draws=  384 comp=  2 uniq=  2 novel=  0 pruned=   0 bt=326 cap= 4 | C4 pool=  2 got= 1 short=0 | 3.1s
[321] size=11 budget=  640 C1 valid=64 novel=64 | C2 uniq= 1 | C3 draws=  640 comp=  1 uniq=  1 novel=  1 pruned=   0 bt=533 cap= 7 | C4 pool=  1 got= 1 short=0 | 5.6s
[322] size=17 budget=  624 C1 valid=64 novel=30 | C2 uniq=15 | C3 draws=  624 comp= 30 uniq= 30 novel= 25 pruned=   0 bt=165 cap= 0 | C4 pool= 51 got=15 short=0 | 4.4s
[323] size=13 budget=  417 C1 valid=45 novel= 0 | C2 uniq= 1 | C3 draws=  417 comp=  1 uniq=  1 novel=  0 pruned=   0 bt=356 cap= 5 | C4 pool=  1 got= 1 short=0 | 3.4s
[324] size=11 budget=  769 C1 valid=62 novel=32 | C2 uniq=13 | C3 draws=  769 comp=  6 uniq=  6 novel=  3 pruned=   0 bt=598 cap= 8 | C4 pool= 87 got=13 short=0 | 6.5s
[325] size= 9 budget=  355 C1 valid=64 novel= 0 | C2 uniq= 2 | C3 draws=  355 comp=  2 uniq=  2 novel=  0 pruned=   0 bt=304 cap= 4 | C4 pool=  2 got= 2 short=0 | 2.9s
[326] size= 9 budget=  640 C1 valid=64 novel=26 | C2 uniq= 4 | C3 draws=  640 comp=  3 uniq=  3 novel=  1 pruned=   0 bt=514 cap= 7 | C4 pool=  4 got= 4 short=0 | 5.4s
[327] size=15 budget=  801 C1 valid=14 novel= 0 | C2 uniq= 1 | C3 draws=  801 comp=  1 uniq=  1 novel=  0 pruned=   0 bt=691 cap=10 | C4 pool=  1 got= 1 short=0 | 6.8s
[328] size= 9 budget=  544 C1 valid=64 novel= 0 | C2 uniq= 5 | C3 draws=  544 comp=  3 uniq=  3 novel=  0 pruned=   0 bt=439 cap= 6 | C4 pool=  9 got= 5 short=0 | 4.6s
[329] size=11 budget=  256 C1 valid=64 novel= 0 | C2 uniq= 1 | C3 draws=  256 comp=  1 uniq=  1 novel=  0 pruned=   0 bt=225 cap= 3 | C4 pool=  1 got= 1 short=0 | 2.1s
[330] size= 9 budget=  320 C1 valid=64 novel= 0 | C2 uniq= 1 | C3 draws=  320 comp=  1 uniq=  1 novel=  0 pruned=   0 bt=279 cap= 3 | C4 pool=  1 got= 1 short=0 | 2.6s
[331] size=19 budget= 1099 C1 valid=40 novel=19 | C2 uniq=17 | C3 draws= 1099 comp= 28 uniq= 28 novel= 24 pruned=   0 bt=494 cap= 2 | C4 pool=400 got=17 short=0 | 8.9s
[332] size=17 budget= 1176 C1 valid=59 novel=39 | C2 uniq=37 | C3 draws= 1176 comp= 38 uniq= 38 novel= 29 pruned=   0 bt=316 cap= 3 | C4 pool=400 got=37 short=0 | 9.3s
[333] size=13 budget=  432 C1 valid=64 novel= 9 | C2 uniq= 5 | C3 draws=  432 comp=  5 uniq=  5 novel=  1 pruned=   0 bt=350 cap= 4 | C4 pool=  5 got= 5 short=0 | 3.5s
[334] size= 9 budget=  512 C1 valid=64 novel= 0 | C2 uniq= 4 | C3 draws=  512 comp=  3 uniq=  3 novel=  0 pruned=   0 bt=429 cap= 5 | C4 pool=  4 got= 4 short=0 | 4.3s
[335] size=17 budget=  512 C1 valid=64 novel= 0 | C2 uniq= 1 | C3 draws=  512 comp=  1 uniq=  1 novel=  0 pruned=   0 bt=433 cap= 6 | C4 pool=  1 got= 1 short=0 | 4.3s
[336] size=15 budget=  719 C1 valid=64 novel=57 | C2 uniq=13 | C3 draws=  719 comp= 11 uniq= 11 novel=  9 pruned=   0 bt=504 cap= 7 | C4 pool= 14 got=13 short=0 | 5.9s
[337] size=19 budget= 1067 C1 valid=55 novel=48 | C2 uniq=31 | C3 draws= 1067 comp= 33 uniq= 33 novel= 31 pruned=   0 bt=408 cap= 6 | C4 pool=400 got=31 short=0 | 8.2s
[338] size=11 budget=  579 C1 valid=56 novel=21 | C2 uniq= 2 | C3 draws=  579 comp=  2 uniq=  2 novel=  1 pruned=   0 bt=448 cap= 6 | C4 pool=  4 got= 2 short=0 | 5.2s
[339] size=17 budget=  887 C1 valid=62 novel=34 | C2 uniq= 8 | C3 draws=  887 comp=  5 uniq=  5 novel=  4 pruned=   0 bt=661 cap=10 | C4 pool= 10 got= 8 short=0 | 7.8s
[340] size=13 budget=  320 C1 valid=64 novel= 0 | C2 uniq= 1 | C3 draws=  320 comp=  1 uniq=  1 novel=  0 pruned=   0 bt=279 cap= 3 | C4 pool=  1 got= 1 short=0 | 2.6s
[341] size=13 budget=  647 C1 valid=62 novel=21 | C2 uniq=17 | C3 draws=  647 comp=  5 uniq=  5 novel=  3 pruned=   0 bt=505 cap= 7 | C4 pool=103 got=17 short=0 | 5.2s
[342] size=11 budget=  387 C1 valid=64 novel= 8 | C2 uniq= 6 | C3 draws=  387 comp=  3 uniq=  3 novel=  1 pruned=   0 bt=327 cap= 4 | C4 pool=  6 got= 6 short=0 | 3.1s
[343] size= 9 budget=  384 C1 valid=64 novel= 0 | C2 uniq= 1 | C3 draws=  384 comp=  1 uniq=  1 novel=  0 pruned=   0 bt=333 cap= 4 | C4 pool=  1 got= 1 short=0 | 3.1s
[344] size=19 budget=  920 C1 valid= 0 novel= 0 | C2 uniq= 0 | C3 draws=  920 comp=  2 uniq=  2 novel=  2 pruned=   0 bt=654 cap=10 | C4 pool=  2 got= 0 short=0 | 8.1s
[345] size=11 budget=  482 C1 valid=64 novel=22 | C2 uniq= 3 | C3 draws=  482 comp=  3 uniq=  3 novel=  2 pruned=   0 bt=390 cap= 5 | C4 pool=  3 got= 3 short=0 | 4.1s
[346] size=17 budget=  256 C1 valid=64 novel= 0 | C2 uniq= 1 | C3 draws=  256 comp=  1 uniq=  1 novel=  0 pruned=   0 bt=218 cap= 3 | C4 pool=  1 got= 1 short=0 | 2.1s
[347] size=13 budget=  427 C1 valid=64 novel= 0 | C2 uniq= 3 | C3 draws=  427 comp=  2 uniq=  2 novel=  0 pruned=   0 bt=361 cap= 5 | C4 pool=  3 got= 3 short=0 | 3.4s
[348] size=19 budget=  696 C1 valid=61 novel=22 | C2 uniq= 8 | C3 draws=  696 comp=  6 uniq=  6 novel=  2 pruned=   0 bt=528 cap= 8 | C4 pool= 87 got= 8 short=0 | 5.9s
[349] size=17 budget=  448 C1 valid=64 novel= 0 | C2 uniq= 1 | C3 draws=  448 comp=  1 uniq=  1 novel=  0 pruned=   0 bt=387 cap= 5 | C4 pool=  1 got= 1 short=0 | 3.7s
[350] size= 9 budget=  918 C1 valid=64 novel=29 | C2 uniq=32 | C3 draws=  918 comp= 32 uniq= 32 novel= 20 pruned=   0 bt=256 cap= 2 | C4 pool=400 got=32 short=0 | 7.4s
[351] size=19 budget= 1367 C1 valid= 1 novel= 1 | C2 uniq= 1 | C3 draws= 1367 comp=  0 uniq=  0 novel=  0 pruned=   0 bt=944 cap=18 | C4 pool= 77 got= 1 short=0 | 13.3s
[352] size=13 budget=  409 C1 valid=62 novel= 0 | C2 uniq= 1 | C3 draws=  409 comp=  1 uniq=  1 novel=  0 pruned=   0 bt=359 cap= 4 | C4 pool=  1 got= 1 short=0 | 3.5s
[353] size=17 budget=  384 C1 valid=64 novel= 0 | C2 uniq= 1 | C3 draws=  384 comp=  1 uniq=  1 novel=  0 pruned=   0 bt=334 cap= 4 | C4 pool=  1 got= 1 short=0 | 3.1s
[354] size=17 budget=  491 C1 valid=64 novel= 2 | C2 uniq=10 | C3 draws=  491 comp= 10 uniq= 10 novel=  2 pruned=   0 bt=288 cap= 3 | C4 pool= 23 got=10 short=0 | 4.2s
[355] size= 7 budget=  320 C1 valid=64 novel= 0 | C2 uniq= 1 | C3 draws=  320 comp=  1 uniq=  1 novel=  0 pruned=   0 bt=288 cap= 3 | C4 pool=  1 got= 1 short=0 | 2.6s
[356] size=19 budget=  406 C1 valid=64 novel= 9 | C2 uniq= 3 | C3 draws=  406 comp=  3 uniq=  3 novel=  1 pruned=   0 bt=325 cap= 5 | C4 pool=  4 got= 3 short=0 | 3.4s
[357] size=19 budget=  346 C1 valid=64 novel= 0 | C2 uniq= 2 | C3 draws=  346 comp=  2 uniq=  2 novel=  0 pruned=   0 bt=295 cap= 4 | C4 pool=  2 got= 2 short=0 | 2.8s
[358] size=17 budget=  256 C1 valid=64 novel= 0 | C2 uniq= 1 | C3 draws=  256 comp=  1 uniq=  1 novel=  0 pruned=   0 bt=218 cap= 3 | C4 pool=  1 got= 1 short=0 | 2.1s
[359] size=11 budget=  374 C1 valid=64 novel= 0 | C2 uniq= 5 | C3 draws=  374 comp=  5 uniq=  5 novel=  0 pruned=   0 bt=302 cap= 4 | C4 pool=  5 got= 5 short=0 | 2.9s
[360] size=13 budget=  338 C1 valid=64 novel= 6 | C2 uniq= 2 | C3 draws=  338 comp=  4 uniq=  4 novel=  3 pruned=   0 bt=245 cap= 3 | C4 pool= 13 got= 2 short=0 | 2.8s
[361] size=15 budget=  512 C1 valid=64 novel=64 | C2 uniq= 1 | C3 draws=  512 comp=  1 uniq=  1 novel=  1 pruned=   0 bt=448 cap= 6 | C4 pool=  1 got= 1 short=0 | 4.2s
[362] size=15 budget=  384 C1 valid=64 novel= 0 | C2 uniq= 2 | C3 draws=  384 comp=  2 uniq=  2 novel=  0 pruned=   0 bt=331 cap= 4 | C4 pool=  2 got= 2 short=0 | 3.1s
[363] size=17 budget=  602 C1 valid=64 novel= 4 | C2 uniq=13 | C3 draws=  602 comp= 13 uniq= 13 novel=  4 pruned=   0 bt=334 cap= 3 | C4 pool=400 got=13 short=0 | 5.2s
[364] size=13 budget=  567 C1 valid=61 novel= 8 | C2 uniq= 3 | C3 draws=  567 comp=  2 uniq=  2 novel=  1 pruned=   0 bt=476 cap= 6 | C4 pool=  4 got= 3 short=0 | 4.7s
[365] size=15 budget= 1128 C1 valid=35 novel=30 | C2 uniq=30 | C3 draws= 1128 comp= 29 uniq= 29 novel= 28 pruned=   0 bt=467 cap= 7 | C4 pool=400 got=30 short=0 | 8.6s
[366] size=11 budget=  384 C1 valid=64 novel= 0 | C2 uniq= 1 | C3 draws=  384 comp=  1 uniq=  1 novel=  0 pruned=   0 bt=337 cap= 4 | C4 pool=  1 got= 1 short=0 | 3.1s
[367] size=19 budget=  608 C1 valid=56 novel= 5 | C2 uniq= 4 | C3 draws=  608 comp=  4 uniq=  4 novel=  2 pruned=   0 bt=475 cap= 7 | C4 pool= 29 got= 4 short=0 | 5.1s
[368] size=19 budget=  421 C1 valid=64 novel= 0 | C2 uniq= 3 | C3 draws=  421 comp=  3 uniq=  3 novel=  0 pruned=   0 bt=353 cap= 5 | C4 pool=  3 got= 3 short=0 | 3.4s
[369] size=19 budget=  636 C1 valid=60 novel=60 | C2 uniq= 2 | C3 draws=  636 comp=  2 uniq=  2 novel=  2 pruned=   0 bt=541 cap= 8 | C4 pool=  2 got= 2 short=0 | 5.4s
[370] size=17 budget=  337 C1 valid=64 novel= 0 | C2 uniq= 4 | C3 draws=  337 comp=  4 uniq=  4 novel=  0 pruned=   0 bt=273 cap= 4 | C4 pool=  5 got= 4 short=0 | 2.7s
[371] size=19 budget=  536 C1 valid=64 novel= 2 | C2 uniq=12 | C3 draws=  536 comp= 12 uniq= 12 novel=  3 pruned=   0 bt=293 cap= 3 | C4 pool= 65 got=12 short=0 | 4.4s
[372] size=15 budget=  830 C1 valid=63 novel=51 | C2 uniq= 5 | C3 draws=  830 comp=  6 uniq=  6 novel=  5 pruned=   0 bt=620 cap= 8 | C4 pool= 31 got= 5 short=0 | 7.1s
[373] size=11 budget=  448 C1 valid=64 novel= 0 | C2 uniq= 1 | C3 draws=  448 comp=  1 uniq=  1 novel=  0 pruned=   0 bt=393 cap= 5 | C4 pool=  1 got= 1 short=0 | 3.6s
[374] size= 9 budget=  815 C1 valid=60 novel=60 | C2 uniq=22 | C3 draws=  815 comp= 43 uniq= 43 novel= 41 pruned=   0 bt= 38 cap= 0 | C4 pool=400 got=22 short=0 | 5.3s
[375] size=17 budget=  714 C1 valid=29 novel= 1 | C2 uniq= 2 | C3 draws=  714 comp= 11 uniq= 11 novel= 10 pruned=   0 bt=447 cap= 4 | C4 pool=  4 got= 2 short=0 | 6.0s
[376] size=11 budget=  690 C1 valid=64 novel=31 | C2 uniq=30 | C3 draws=  690 comp=  9 uniq=  9 novel=  5 pruned=   0 bt=515 cap= 6 | C4 pool=400 got=30 short=0 | 5.6s
[377] size= 9 budget=  320 C1 valid=64 novel= 0 | C2 uniq= 1 | C3 draws=  320 comp=  1 uniq=  1 novel=  0 pruned=   0 bt=279 cap= 3 | C4 pool=  1 got= 1 short=0 | 2.6s
[378] size=19 budget=  320 C1 valid=64 novel= 0 | C2 uniq= 2 | C3 draws=  320 comp=  2 uniq=  2 novel=  0 pruned=   0 bt=269 cap= 4 | C4 pool=  2 got= 2 short=0 | 2.6s
[379] size=13 budget= 1029 C1 valid=63 novel=41 | C2 uniq=20 | C3 draws= 1029 comp= 12 uniq= 12 novel= 10 pruned=   0 bt=677 cap= 9 | C4 pool=180 got=20 short=0 | 8.8s
[380] size=13 budget=  716 C1 valid=46 novel=14 | C2 uniq= 8 | C3 draws=  716 comp=  4 uniq=  4 novel=  2 pruned=   0 bt=546 cap= 8 | C4 pool=  8 got= 8 short=0 | 6.1s
[381] size=15 budget=  813 C1 valid=64 novel=64 | C2 uniq= 2 | C3 draws=  813 comp=  2 uniq=  2 novel=  2 pruned=   0 bt=675 cap= 9 | C4 pool=  2 got= 2 short=0 | 7.0s
[382] size=15 budget=  694 C1 valid=64 novel= 8 | C2 uniq=10 | C3 draws=  694 comp=  7 uniq=  7 novel=  3 pruned=   0 bt=515 cap= 7 | C4 pool= 14 got=10 short=0 | 5.8s
[383] size=15 budget=  850 C1 valid=62 novel=29 | C2 uniq= 9 | C3 draws=  850 comp=  4 uniq=  4 novel=  2 pruned=   0 bt=646 cap= 9 | C4 pool= 16 got= 9 short=0 | 7.4s
[384] size= 9 budget=  320 C1 valid=64 novel= 0 | C2 uniq= 1 | C3 draws=  320 comp=  1 uniq=  1 novel=  0 pruned=   0 bt=279 cap= 3 | C4 pool=  1 got= 1 short=0 | 2.6s
[385] size=17 budget=  384 C1 valid=64 novel= 0 | C2 uniq= 1 | C3 draws=  384 comp=  1 uniq=  1 novel=  0 pruned=   0 bt=334 cap= 4 | C4 pool=  1 got= 1 short=0 | 3.1s
[386] size=13 budget=  384 C1 valid=64 novel= 0 | C2 uniq= 1 | C3 draws=  384 comp=  1 uniq=  1 novel=  0 pruned=   0 bt=333 cap= 4 | C4 pool=  1 got= 1 short=0 | 3.1s
[387] size=19 budget=  782 C1 valid=51 novel=10 | C2 uniq= 8 | C3 draws=  782 comp=  4 uniq=  4 novel=  3 pruned=   0 bt=601 cap= 9 | C4 pool=400 got= 8 short=0 | 8.4s
[388] size=15 budget=  984 C1 valid=64 novel=54 | C2 uniq=16 | C3 draws=  984 comp=  8 uniq=  8 novel=  7 pruned=   0 bt=651 cap=10 | C4 pool=400 got=16 short=0 | 9.0s
[389] size=11 budget=  374 C1 valid=64 novel= 0 | C2 uniq= 2 | C3 draws=  374 comp=  2 uniq=  2 novel=  0 pruned=   0 bt=322 cap= 4 | C4 pool=  2 got= 2 short=0 | 3.0s
[390] size=17 budget=  955 C1 valid=59 novel=44 | C2 uniq=40 | C3 draws=  955 comp= 22 uniq= 22 novel= 21 pruned=   0 bt=495 cap= 7 | C4 pool=400 got=40 short=0 | 7.7s
[391] size=13 budget=  384 C1 valid=64 novel= 0 | C2 uniq= 1 | C3 draws=  384 comp=  1 uniq=  1 novel=  0 pruned=   0 bt=333 cap= 4 | C4 pool=  1 got= 1 short=0 | 3.0s
[392] size=17 budget=  479 C1 valid=63 novel= 3 | C2 uniq= 2 | C3 draws=  479 comp=  1 uniq=  1 novel=  0 pruned=   0 bt=409 cap= 6 | C4 pool=  2 got= 2 short=0 | 3.9s
[393] size=19 budget= 1280 C1 valid=64 novel=64 | C2 uniq= 4 | C3 draws= 1280 comp=  3 uniq=  3 novel=  3 pruned=   0 bt=827 cap=16 | C4 pool=  6 got= 4 short=0 | 12.3s
[394] size=11 budget= 1719 C1 valid= 7 novel= 7 | C2 uniq= 7 | C3 draws= 1719 comp= 32 uniq= 32 novel= 32 pruned=   0 bt=751 cap= 3 | C4 pool=400 got= 7 short=0 | 14.4s
[395] size=15 budget=  752 C1 valid=63 novel=28 | C2 uniq= 2 | C3 draws=  752 comp=  3 uniq=  3 novel=  2 pruned=   0 bt=575 cap= 9 | C4 pool=  9 got= 2 short=0 | 6.7s
[396] size=17 budget=  649 C1 valid=45 novel=45 | C2 uniq= 1 | C3 draws=  649 comp=  1 uniq=  1 novel=  1 pruned=   0 bt=544 cap= 8 | C4 pool=  1 got= 1 short=0 | 5.7s
[397] size=19 budget=  640 C1 valid=64 novel= 0 | C2 uniq= 1 | C3 draws=  640 comp=  1 uniq=  1 novel=  0 pruned=   0 bt=522 cap= 8 | C4 pool=  1 got= 1 short=0 | 5.5s
[398] size=19 budget=  541 C1 valid=29 novel= 2 | C2 uniq= 4 | C3 draws=  541 comp= 10 uniq= 10 novel=  7 pruned=   0 bt=364 cap= 5 | C4 pool= 43 got= 4 short=0 | 4.4s
[399] size=13 budget=  320 C1 valid=64 novel= 0 | C2 uniq= 2 | C3 draws=  320 comp=  2 uniq=  2 novel=  0 pruned=   0 bt=275 cap= 3 | C4 pool=  2 got= 2 short=0 | 2.6s
[400] size=13 budget=  384 C1 valid=64 novel= 0 | C2 uniq= 1 | C3 draws=  384 comp=  1 uniq=  1 novel=  0 pruned=   0 bt=333 cap= 4 | C4 pool=  1 got= 1 short=0 | 3.1s
[401] size= 9 budget=  360 C1 valid=64 novel= 0 | C2 uniq= 3 | C3 draws=  360 comp=  2 uniq=  2 novel=  0 pruned=   0 bt=306 cap= 4 | C4 pool=  4 got= 3 short=0 | 2.9s
[402] size=19 budget=  338 C1 valid=63 novel=12 | C2 uniq= 2 | C3 draws=  338 comp=  2 uniq=  2 novel=  1 pruned=   0 bt=276 cap= 4 | C4 pool=  3 got= 2 short=0 | 2.8s
[403] size=19 budget=  486 C1 valid=64 novel= 5 | C2 uniq= 5 | C3 draws=  486 comp=  6 uniq=  6 novel=  3 pruned=   0 bt=374 cap= 5 | C4 pool=  7 got= 5 short=0 | 3.9s
[404] size=19 budget=  448 C1 valid=64 novel= 0 | C2 uniq= 1 | C3 draws=  448 comp=  1 uniq=  1 novel=  0 pruned=   0 bt=393 cap= 5 | C4 pool=  1 got= 1 short=0 | 3.6s
[405] size=19 budget=  773 C1 valid=64 novel=45 | C2 uniq=11 | C3 draws=  773 comp=  7 uniq=  7 novel=  4 pruned=   0 bt=567 cap= 9 | C4 pool= 21 got=11 short=0 | 6.5s
[406] size=13 budget=  448 C1 valid=64 novel= 0 | C2 uniq= 1 | C3 draws=  448 comp=  1 uniq=  1 novel=  0 pruned=   0 bt=382 cap= 5 | C4 pool=  1 got= 1 short=0 | 3.7s
[407] size=17 budget=  320 C1 valid=64 novel= 0 | C2 uniq= 1 | C3 draws=  320 comp=  2 uniq=  2 novel=  0 pruned=   0 bt=273 cap= 3 | C4 pool=  2 got= 1 short=0 | 2.6s
[408] size=15 budget=  644 C1 valid=64 novel= 0 | C2 uniq= 5 | C3 draws=  644 comp=  4 uniq=  4 novel=  0 pruned=   0 bt=524 cap= 7 | C4 pool=  9 got= 5 short=0 | 5.3s
[409] size=11 budget=  287 C1 valid=64 novel= 0 | C2 uniq= 2 | C3 draws=  287 comp=  2 uniq=  2 novel=  0 pruned=   0 bt=245 cap= 3 | C4 pool=  2 got= 2 short=0 | 2.3s
[410] size=15 budget=  973 C1 valid=20 novel= 8 | C2 uniq= 7 | C3 draws=  973 comp= 10 uniq= 10 novel=  9 pruned=   0 bt=587 cap= 9 | C4 pool=400 got= 7 short=0 | 8.6s
[411] size=11 budget=  573 C1 valid=64 novel=30 | C2 uniq=17 | C3 draws=  573 comp=  5 uniq=  5 novel=  4 pruned=   0 bt=460 cap= 6 | C4 pool=400 got=17 short=0 | 4.8s
[412] size=19 budget= 1057 C1 valid=45 novel=39 | C2 uniq=17 | C3 draws= 1057 comp= 34 uniq= 34 novel= 32 pruned=   0 bt=442 cap= 2 | C4 pool=400 got=17 short=0 | 8.5s
[413] size=19 budget=  511 C1 valid=64 novel=18 | C2 uniq= 5 | C3 draws=  511 comp=  4 uniq=  4 novel=  1 pruned=   0 bt=396 cap= 6 | C4 pool=  6 got= 5 short=0 | 4.4s
[414] size=17 budget=  448 C1 valid=64 novel= 0 | C2 uniq= 2 | C3 draws=  448 comp=  3 uniq=  3 novel=  1 pruned=   0 bt=376 cap= 5 | C4 pool=  3 got= 2 short=0 | 3.5s
[415] size=15 budget=  484 C1 valid=64 novel= 0 | C2 uniq= 3 | C3 draws=  484 comp=  3 uniq=  3 novel=  0 pruned=   0 bt=399 cap= 5 | C4 pool=  3 got= 3 short=0 | 4.0s
[416] size=11 budget= 1355 C1 valid=55 novel=55 | C2 uniq=40 | C3 draws= 1355 comp= 37 uniq= 37 novel= 37 pruned=   0 bt=385 cap= 5 | C4 pool=400 got=40 short=0 | 10.8s
[417] size=19 budget=  464 C1 valid=64 novel=27 | C2 uniq= 5 | C3 draws=  464 comp=  6 uniq=  6 novel=  4 pruned=   0 bt=353 cap= 5 | C4 pool= 13 got= 5 short=0 | 3.7s
[418] size=19 budget=  448 C1 valid=64 novel= 0 | C2 uniq= 1 | C3 draws=  448 comp=  1 uniq=  1 novel=  0 pruned=   0 bt=393 cap= 5 | C4 pool=  1 got= 1 short=0 | 3.7s
[419] size= 9 budget=  512 C1 valid=64 novel= 0 | C2 uniq= 2 | C3 draws=  512 comp=  4 uniq=  4 novel=  0 pruned=   0 bt=408 cap= 5 | C4 pool=  4 got= 2 short=0 | 4.3s
[420] size=13 budget=  320 C1 valid=64 novel= 0 | C2 uniq= 1 | C3 draws=  320 comp=  1 uniq=  1 novel=  0 pruned=   0 bt=279 cap= 3 | C4 pool=  1 got= 1 short=0 | 2.6s
[421] size=11 budget=  320 C1 valid=64 novel= 0 | C2 uniq= 1 | C3 draws=  320 comp=  1 uniq=  1 novel=  0 pruned=   0 bt=283 cap= 3 | C4 pool=  1 got= 1 short=0 | 2.6s
[422] size=13 budget=  384 C1 valid=64 novel= 0 | C2 uniq= 1 | C3 draws=  384 comp=  1 uniq=  1 novel=  0 pruned=   0 bt=333 cap= 4 | C4 pool=  1 got= 1 short=0 | 3.1s
[423] size= 9 budget=  576 C1 valid=64 novel= 0 | C2 uniq= 2 | C3 draws=  576 comp=  2 uniq=  2 novel=  0 pruned=   0 bt=481 cap= 6 | C4 pool=  2 got= 2 short=0 | 4.8s
[424] size=13 budget=  384 C1 valid=64 novel= 0 | C2 uniq= 1 | C3 draws=  384 comp=  1 uniq=  1 novel=  0 pruned=   0 bt=333 cap= 4 | C4 pool=  1 got= 1 short=0 | 3.1s
[425] size=15 budget= 1109 C1 valid= 9 novel= 4 | C2 uniq= 5 | C3 draws= 1109 comp=  7 uniq=  7 novel=  5 pruned=   0 bt=778 cap=12 | C4 pool=165 got= 5 short=0 | 10.0s
[426] size=11 budget=  256 C1 valid=64 novel= 0 | C2 uniq= 1 | C3 draws=  256 comp=  1 uniq=  1 novel=  0 pruned=   0 bt=225 cap= 3 | C4 pool=  1 got= 1 short=0 | 2.1s
[427] size=13 budget=  473 C1 valid=53 novel= 0 | C2 uniq= 3 | C3 draws=  473 comp=  3 uniq=  3 novel=  0 pruned=   0 bt=408 cap= 5 | C4 pool=  3 got= 3 short=0 | 3.8s
[428] size=17 budget=  522 C1 valid=63 novel=63 | C2 uniq= 1 | C3 draws=  522 comp=  1 uniq=  1 novel=  1 pruned=   0 bt=443 cap= 6 | C4 pool=  1 got= 1 short=0 | 4.5s
[429] size=17 budget=  781 C1 valid=64 novel=42 | C2 uniq= 3 | C3 draws=  781 comp=  4 uniq=  4 novel=  3 pruned=   0 bt=628 cap= 8 | C4 pool= 10 got= 3 short=0 | 6.5s
[430] size= 9 budget=  448 C1 valid=64 novel= 0 | C2 uniq= 1 | C3 draws=  448 comp=  2 uniq=  2 novel=  0 pruned=   0 bt=373 cap= 5 | C4 pool=  2 got= 1 short=0 | 3.8s
[431] size=11 budget=  384 C1 valid=64 novel= 0 | C2 uniq= 1 | C3 draws=  384 comp=  1 uniq=  1 novel=  0 pruned=   0 bt=337 cap= 4 | C4 pool=  1 got= 1 short=0 | 3.1s
[432] size=17 budget=  320 C1 valid=64 novel= 0 | C2 uniq= 1 | C3 draws=  320 comp=  1 uniq=  1 novel=  0 pruned=   0 bt=273 cap= 4 | C4 pool=  2 got= 1 short=0 | 2.6s
[433] size= 9 budget=  548 C1 valid=64 novel= 0 | C2 uniq= 5 | C3 draws=  548 comp=  3 uniq=  3 novel=  0 pruned=   0 bt=436 cap= 6 | C4 pool=  9 got= 5 short=0 | 4.7s
[434] size=17 budget=  631 C1 valid= 0 novel= 0 | C2 uniq= 0 | C3 draws=  631 comp=  1 uniq=  1 novel=  1 pruned=   0 bt=534 cap= 8 | C4 pool=  1 got= 0 short=0 | 5.3s
[435] size=11 budget=  384 C1 valid=64 novel= 0 | C2 uniq= 1 | C3 draws=  384 comp=  1 uniq=  1 novel=  0 pruned=   0 bt=337 cap= 4 | C4 pool=  1 got= 1 short=0 | 3.2s
[436] size=13 budget= 1256 C1 valid=64 novel=64 | C2 uniq= 3 | C3 draws= 1256 comp=  4 uniq=  4 novel=  4 pruned=   0 bt=905 cap=13 | C4 pool=  3 got= 3 short=0 | 11.8s
[437] size=11 budget=  320 C1 valid=64 novel= 0 | C2 uniq= 1 | C3 draws=  320 comp=  2 uniq=  2 novel=  0 pruned=   0 bt=275 cap= 3 | C4 pool=  2 got= 1 short=0 | 2.6s
[438] size=17 budget=  320 C1 valid=64 novel= 0 | C2 uniq= 1 | C3 draws=  320 comp=  1 uniq=  1 novel=  0 pruned=   0 bt=273 cap= 4 | C4 pool=  1 got= 1 short=0 | 2.6s
[439] size=13 budget=  512 C1 valid=64 novel= 0 | C2 uniq= 1 | C3 draws=  512 comp=  1 uniq=  1 novel=  0 pruned=   0 bt=441 cap= 6 | C4 pool=  1 got= 1 short=0 | 4.2s
[440] size=15 budget=  626 C1 valid=62 novel=33 | C2 uniq=16 | C3 draws=  626 comp=  7 uniq=  7 novel=  6 pruned=   0 bt=450 cap= 6 | C4 pool= 98 got=16 short=0 | 5.3s
[441] size=11 budget=  448 C1 valid=64 novel= 0 | C2 uniq= 1 | C3 draws=  448 comp=  1 uniq=  1 novel=  0 pruned=   0 bt=393 cap= 5 | C4 pool=  1 got= 1 short=0 | 3.6s
[442] size=11 budget=  320 C1 valid=64 novel= 0 | C2 uniq= 1 | C3 draws=  320 comp=  1 uniq=  1 novel=  0 pruned=   0 bt=283 cap= 3 | C4 pool=  1 got= 1 short=0 | 2.6s
[443] size=15 budget=  320 C1 valid=64 novel= 0 | C2 uniq= 1 | C3 draws=  320 comp=  1 uniq=  1 novel=  0 pruned=   0 bt=282 cap= 3 | C4 pool=  1 got= 1 short=0 | 2.6s
[444] size=19 budget= 1249 C1 valid=32 novel=32 | C2 uniq= 8 | C3 draws= 1249 comp= 10 uniq= 10 novel= 10 pruned=   0 bt=791 cap=13 | C4 pool= 61 got= 8 short=0 | 11.2s
[445] size=13 budget=  951 C1 valid=64 novel=57 | C2 uniq=49 | C3 draws=  951 comp= 51 uniq= 51 novel= 50 pruned=   0 bt= 72 cap= 1 | C4 pool=400 got=49 short=0 | 6.2s
[446] size= 9 budget=  340 C1 valid=64 novel= 0 | C2 uniq= 3 | C3 draws=  340 comp=  3 uniq=  3 novel=  0 pruned=   0 bt=287 cap= 3 | C4 pool=  3 got= 3 short=0 | 2.7s
[447] size= 9 budget=  256 C1 valid=64 novel= 0 | C2 uniq= 1 | C3 draws=  256 comp=  1 uniq=  1 novel=  0 pruned=   0 bt=225 cap= 2 | C4 pool=  1 got= 1 short=0 | 2.1s
[448] size=17 budget=  355 C1 valid=58 novel= 0 | C2 uniq= 1 | C3 draws=  355 comp=  1 uniq=  1 novel=  0 pruned=   0 bt=307 cap= 4 | C4 pool=  2 got= 1 short=0 | 3.0s
[449] size=13 budget=  504 C1 valid= 3 novel= 0 | C2 uniq= 1 | C3 draws=  504 comp=  0 uniq=  0 novel=  0 pruned=   0 bt=441 cap= 6 | C4 pool=  1 got= 1 short=0 | 4.1s
[450] size=11 budget=  615 C1 valid=64 novel=21 | C2 uniq= 3 | C3 draws=  615 comp=  3 uniq=  3 novel=  1 pruned=   0 bt=497 cap= 7 | C4 pool=  3 got= 3 short=0 | 5.3s
[451] size=11 budget=  527 C1 valid=64 novel=23 | C2 uniq= 2 | C3 draws=  527 comp=  2 uniq=  2 novel=  1 pruned=   0 bt=443 cap= 6 | C4 pool=  6 got= 2 short=0 | 4.4s
[452] size=13 budget=  384 C1 valid=64 novel= 0 | C2 uniq= 1 | C3 draws=  384 comp=  1 uniq=  1 novel=  0 pruned=   0 bt=333 cap= 4 | C4 pool=  1 got= 1 short=0 | 3.1s
[453] size=15 budget=  621 C1 valid=64 novel=32 | C2 uniq= 4 | C3 draws=  621 comp=  3 uniq=  3 novel=  1 pruned=   0 bt=505 cap= 7 | C4 pool=  4 got= 4 short=0 | 5.2s
[454] size=15 budget=  320 C1 valid=64 novel= 0 | C2 uniq= 2 | C3 draws=  320 comp=  3 uniq=  3 novel=  0 pruned=   0 bt=272 cap= 3 | C4 pool=  4 got= 2 short=0 | 2.6s
[455] size=11 budget=  612 C1 valid=64 novel=37 | C2 uniq= 8 | C3 draws=  612 comp= 11 uniq= 11 novel=  8 pruned=   0 bt=430 cap= 5 | C4 pool=  9 got= 8 short=0 | 4.8s
[456] size=13 budget=  662 C1 valid=64 novel=15 | C2 uniq= 2 | C3 draws=  662 comp=  2 uniq=  2 novel=  1 pruned=   0 bt=555 cap= 7 | C4 pool=  2 got= 2 short=0 | 5.4s
[457] size=13 budget=  320 C1 valid=64 novel= 0 | C2 uniq= 1 | C3 draws=  320 comp=  1 uniq=  1 novel=  0 pruned=   0 bt=279 cap= 3 | C4 pool=  1 got= 1 short=0 | 2.6s
[458] size=13 budget=  631 C1 valid=64 novel=22 | C2 uniq= 4 | C3 draws=  631 comp=  4 uniq=  4 novel=  2 pruned=   0 bt=497 cap= 7 | C4 pool=  4 got= 4 short=0 | 5.2s
[459] size=17 budget=  429 C1 valid=45 novel= 0 | C2 uniq= 2 | C3 draws=  429 comp=  2 uniq=  2 novel=  0 pruned=   0 bt=362 cap= 5 | C4 pool=  2 got= 2 short=0 | 3.5s
[460] size=11 budget=  420 C1 valid=64 novel=36 | C2 uniq= 2 | C3 draws=  420 comp=  2 uniq=  2 novel=  1 pruned=   0 bt=367 cap= 4 | C4 pool=  2 got= 2 short=0 | 3.4s
[461] size=13 budget=  392 C1 valid=64 novel=14 | C2 uniq= 6 | C3 draws=  392 comp= 12 uniq= 12 novel= 11 pruned=   0 bt=192 cap= 2 | C4 pool= 13 got= 6 short=0 | 3.0s
[462] size=19 budget=  782 C1 valid=59 novel=59 | C2 uniq= 2 | C3 draws=  782 comp=  2 uniq=  2 novel=  2 pruned=   0 bt=615 cap=10 | C4 pool=  2 got= 2 short=0 | 6.9s
[463] size=17 budget= 2107 C1 valid=21 novel=21 | C2 uniq=19 | C3 draws= 2107 comp= 34 uniq= 34 novel= 34 pruned=   0 bt=672 cap= 9 | C4 pool=400 got=19 short=0 | 60.0s
[464] size=13 budget= 1238 C1 valid=58 novel=58 | C2 uniq=42 | C3 draws= 1238 comp= 44 uniq= 44 novel= 44 pruned=   0 bt=285 cap= 3 | C4 pool=400 got=42 short=0 | 9.2s
[465] size=19 budget=  921 C1 valid=59 novel=46 | C2 uniq=27 | C3 draws=  921 comp= 14 uniq= 14 novel= 12 pruned=   0 bt=638 cap= 6 | C4 pool=400 got=27 short=0 | 7.7s
[466] size=13 budget=  448 C1 valid=64 novel= 0 | C2 uniq= 1 | C3 draws=  448 comp=  1 uniq=  1 novel=  0 pruned=   0 bt=382 cap= 5 | C4 pool=  2 got= 1 short=0 | 3.7s
[467] size=17 budget= 1091 C1 valid=63 novel=63 | C2 uniq= 1 | C3 draws= 1091 comp=  1 uniq=  1 novel=  1 pruned=   0 bt=808 cap=13 | C4 pool=  1 got= 1 short=0 | 10.3s
[468] size=15 budget= 1128 C1 valid=63 novel=63 | C2 uniq= 4 | C3 draws= 1128 comp=  2 uniq=  2 novel=  2 pruned=   0 bt=799 cap=13 | C4 pool=  2 got= 2 short=2 | 10.6s
[469] size=13 budget=  384 C1 valid=64 novel= 0 | C2 uniq= 1 | C3 draws=  384 comp=  1 uniq=  1 novel=  0 pruned=   0 bt=333 cap= 4 | C4 pool=  1 got= 1 short=0 | 3.1s
[470] size= 7 budget=  448 C1 valid=64 novel= 0 | C2 uniq= 1 | C3 draws=  448 comp=  1 uniq=  1 novel=  0 pruned=   0 bt=385 cap= 5 | C4 pool=  2 got= 1 short=0 | 3.7s
[471] size=17 budget=  448 C1 valid=64 novel= 0 | C2 uniq= 1 | C3 draws=  448 comp=  1 uniq=  1 novel=  0 pruned=   0 bt=387 cap= 5 | C4 pool=  1 got= 1 short=0 | 3.6s
[472] size=19 budget=  928 C1 valid=63 novel=63 | C2 uniq= 4 | C3 draws=  928 comp=  4 uniq=  4 novel=  4 pruned=   0 bt=713 cap=10 | C4 pool= 16 got= 4 short=0 | 8.2s
[473] size=11 budget=  618 C1 valid=62 novel=13 | C2 uniq=19 | C3 draws=  618 comp= 11 uniq= 11 novel=  5 pruned=   0 bt=411 cap= 5 | C4 pool=400 got=19 short=0 | 5.1s
[474] size=15 budget=  556 C1 valid=61 novel=15 | C2 uniq= 3 | C3 draws=  556 comp=  2 uniq=  2 novel=  0 pruned=   0 bt=485 cap= 6 | C4 pool=  4 got= 3 short=0 | 4.5s
[475] size=19 budget=  806 C1 valid=64 novel=58 | C2 uniq=21 | C3 draws=  806 comp= 14 uniq= 14 novel= 13 pruned=   0 bt=506 cap= 8 | C4 pool=400 got=21 short=0 | 6.6s
[476] size=15 budget=  615 C1 valid=58 novel=15 | C2 uniq= 7 | C3 draws=  615 comp=  3 uniq=  3 novel=  2 pruned=   0 bt=511 cap= 7 | C4 pool= 40 got= 7 short=0 | 5.0s
[477] size=19 budget=  720 C1 valid=64 novel=47 | C2 uniq= 7 | C3 draws=  720 comp= 13 uniq= 13 novel= 12 pruned=   0 bt=451 cap= 5 | C4 pool= 25 got= 7 short=0 | 5.9s
[478] size= 9 budget=  320 C1 valid=64 novel= 0 | C2 uniq= 1 | C3 draws=  320 comp=  1 uniq=  1 novel=  0 pruned=   0 bt=279 cap= 3 | C4 pool=  1 got= 1 short=0 | 2.6s
[479] size=13 budget=  448 C1 valid=64 novel= 0 | C2 uniq= 1 | C3 draws=  448 comp=  1 uniq=  1 novel=  0 pruned=   0 bt=387 cap= 5 | C4 pool=  1 got= 1 short=0 | 3.6s
[480] size=13 budget=  320 C1 valid=64 novel= 0 | C2 uniq= 1 | C3 draws=  320 comp=  1 uniq=  1 novel=  0 pruned=   0 bt=279 cap= 3 | C4 pool=  1 got= 1 short=0 | 2.6s
[481] size=19 budget=  704 C1 valid=61 novel=61 | C2 uniq= 1 | C3 draws=  704 comp=  1 uniq=  1 novel=  1 pruned=   0 bt=571 cap= 9 | C4 pool=  1 got= 1 short=0 | 6.2s
[482] size=15 budget=  384 C1 valid=64 novel= 0 | C2 uniq= 1 | C3 draws=  384 comp=  1 uniq=  1 novel=  0 pruned=   0 bt=338 cap= 4 | C4 pool=  1 got= 1 short=0 | 3.1s
[483] size=15 budget=  685 C1 valid=64 novel=19 | C2 uniq= 8 | C3 draws=  685 comp=  4 uniq=  4 novel=  2 pruned=   0 bt=551 cap= 8 | C4 pool=400 got= 8 short=0 | 5.8s
[484] size=13 budget= 1653 C1 valid=57 novel=49 | C2 uniq=50 | C3 draws= 1653 comp= 35 uniq= 35 novel= 32 pruned=   0 bt=617 cap= 8 | C4 pool=400 got=50 short=0 | 13.4s
[485] size=11 budget=  384 C1 valid=64 novel= 0 | C2 uniq= 2 | C3 draws=  384 comp=  2 uniq=  2 novel=  0 pruned=   0 bt=331 cap= 4 | C4 pool=  2 got= 2 short=0 | 3.1s
[486] size=19 budget= 1124 C1 valid=49 novel=22 | C2 uniq= 5 | C3 draws= 1124 comp=  7 uniq=  7 novel=  5 pruned=   0 bt=743 cap=13 | C4 pool= 42 got= 5 short=0 | 10.3s
[487] size=17 budget=  662 C1 valid=64 novel=29 | C2 uniq=14 | C3 draws=  662 comp= 11 uniq= 11 novel=  7 pruned=   0 bt=457 cap= 7 | C4 pool= 15 got=14 short=0 | 5.4s
[488] size=15 budget= 1017 C1 valid=57 novel=41 | C2 uniq=27 | C3 draws= 1017 comp= 12 uniq= 12 novel= 10 pruned=   0 bt=746 cap=10 | C4 pool=400 got=27 short=0 | 8.2s
[489] size=19 budget=  919 C1 valid=59 novel=41 | C2 uniq=28 | C3 draws=  919 comp= 14 uniq= 14 novel= 10 pruned=   0 bt=609 cap= 9 | C4 pool=400 got=28 short=0 | 7.3s
[490] size=19 budget=  734 C1 valid=58 novel=37 | C2 uniq=10 | C3 draws=  734 comp= 18 uniq= 18 novel= 16 pruned=   0 bt=398 cap= 3 | C4 pool= 52 got=10 short=0 | 5.7s
[491] size=15 budget=  320 C1 valid=64 novel= 0 | C2 uniq= 1 | C3 draws=  320 comp=  1 uniq=  1 novel=  0 pruned=   0 bt=282 cap= 3 | C4 pool=  1 got= 1 short=0 | 2.6s
[492] size=17 budget=  320 C1 valid=64 novel= 0 | C2 uniq= 1 | C3 draws=  320 comp=  1 uniq=  1 novel=  0 pruned=   0 bt=273 cap= 4 | C4 pool=  1 got= 1 short=0 | 2.6s
[493] size=11 budget=  256 C1 valid=64 novel= 0 | C2 uniq= 1 | C3 draws=  256 comp=  1 uniq=  1 novel=  0 pruned=   0 bt=225 cap= 3 | C4 pool=  1 got= 1 short=0 | 2.1s
[494] size= 9 budget=  976 C1 valid=64 novel=51 | C2 uniq=43 | C3 draws=  976 comp= 18 uniq= 18 novel= 16 pruned=   0 bt=562 cap= 7 | C4 pool=400 got=43 short=0 | 8.0s
[495] size= 9 budget=  320 C1 valid=64 novel= 0 | C2 uniq= 1 | C3 draws=  320 comp=  1 uniq=  1 novel=  0 pruned=   0 bt=279 cap= 3 | C4 pool=  1 got= 1 short=0 | 2.6s
[496] size= 9 budget=  384 C1 valid=64 novel= 0 | C2 uniq= 2 | C3 draws=  384 comp=  1 uniq=  1 novel=  0 pruned=   0 bt=333 cap= 4 | C4 pool=  2 got= 2 short=0 | 3.1s
[497] size=15 budget=  424 C1 valid=64 novel= 2 | C2 uniq=11 | C3 draws=  424 comp= 16 uniq= 16 novel=  7 pruned=   0 bt=162 cap= 2 | C4 pool= 59 got=11 short=0 | 3.3s
[498] size=15 budget=  482 C1 valid=56 novel= 1 | C2 uniq=12 | C3 draws=  482 comp=  5 uniq=  5 novel=  0 pruned=   0 bt=348 cap= 5 | C4 pool=400 got=12 short=0 | 4.3s
[499] size=19 budget=  447 C1 valid=63 novel= 0 | C2 uniq= 2 | C3 draws=  447 comp=  1 uniq=  1 novel=  0 pruned=   0 bt=391 cap= 5 | C4 pool=  2 got= 2 short=0 | 3.6s
[500] size=15 budget=  636 C1 valid=63 novel=63 | C2 uniq= 1 | C3 draws=  636 comp=  1 uniq=  1 novel=  1 pruned=   0 bt=546 cap= 7 | C4 pool=  1 got= 1 short=0 | 5.3s
[501] size= 9 budget=  320 C1 valid=64 novel= 0 | C2 uniq= 2 | C3 draws=  320 comp=  2 uniq=  2 novel=  0 pruned=   0 bt=274 cap= 3 | C4 pool=  2 got= 2 short=0 | 2.6s
[502] size=15 budget=  492 C1 valid=64 novel= 9 | C2 uniq= 4 | C3 draws=  492 comp=  4 uniq=  4 novel=  1 pruned=   0 bt=411 cap= 5 | C4 pool=  4 got= 4 short=0 | 3.9s
[503] size=17 budget= 1026 C1 valid=64 novel=64 | C2 uniq= 2 | C3 draws= 1026 comp=  2 uniq=  2 novel=  2 pruned=   0 bt=768 cap=12 | C4 pool=  3 got= 2 short=0 | 9.4s
[504] size=17 budget= 1139 C1 valid=52 novel=34 | C2 uniq=34 | C3 draws= 1139 comp= 48 uniq= 48 novel= 44 pruned=   0 bt=157 cap= 1 | C4 pool=400 got=34 short=0 | 8.2s
[505] size=11 budget=  384 C1 valid=64 novel= 0 | C2 uniq= 1 | C3 draws=  384 comp=  1 uniq=  1 novel=  0 pruned=   0 bt=337 cap= 4 | C4 pool=  1 got= 1 short=0 | 3.1s
[506] size=13 budget=  512 C1 valid=61 novel=16 | C2 uniq=14 | C3 draws=  512 comp= 13 uniq= 13 novel=  5 pruned=   0 bt=238 cap= 4 | C4 pool=400 got=14 short=0 | 4.4s
[507] size=17 budget= 1100 C1 valid=31 novel=31 | C2 uniq=17 | C3 draws= 1100 comp= 12 uniq= 12 novel= 12 pruned=   0 bt=680 cap=11 | C4 pool=400 got=17 short=0 | 9.8s
[508] size=13 budget=  993 C1 valid=64 novel=53 | C2 uniq=10 | C3 draws=  993 comp= 15 uniq= 15 novel= 14 pruned=   0 bt=619 cap= 4 | C4 pool= 99 got=10 short=0 | 8.6s
[509] size=15 budget=  477 C1 valid=64 novel=13 | C2 uniq= 6 | C3 draws=  477 comp=  5 uniq=  5 novel=  1 pruned=   0 bt=386 cap= 5 | C4 pool=  8 got= 6 short=0 | 3.8s
[510] size= 9 budget=  576 C1 valid=64 novel= 0 | C2 uniq= 1 | C3 draws=  576 comp=  1 uniq=  1 novel=  0 pruned=   0 bt=477 cap= 6 | C4 pool=  2 got= 1 short=0 | 5.0s
[511] size=17 budget=  983 C1 valid=62 novel=31 | C2 uniq=21 | C3 draws=  983 comp= 26 uniq= 26 novel= 21 pruned=   0 bt=427 cap= 3 | C4 pool=400 got=21 short=0 | 8.5s
[512] size=17 budget=  395 C1 valid=64 novel= 0 | C2 uniq= 6 | C3 draws=  395 comp=  4 uniq=  4 novel=  0 pruned=   0 bt=321 cap= 4 | C4 pool=  6 got= 6 short=0 | 3.1s
[513] size=11 budget=  670 C1 valid=63 novel=16 | C2 uniq= 2 | C3 draws=  670 comp=  2 uniq=  2 novel=  1 pruned=   0 bt=555 cap= 7 | C4 pool=  2 got= 2 short=0 | 5.7s
[514] size= 9 budget=  364 C1 valid=64 novel= 0 | C2 uniq= 5 | C3 draws=  364 comp=  4 uniq=  4 novel=  0 pruned=   0 bt=300 cap= 4 | C4 pool=  5 got= 5 short=0 | 3.0s
[515] size=17 budget=  604 C1 valid=26 novel=20 | C2 uniq= 8 | C3 draws=  604 comp=  5 uniq=  5 novel=  4 pruned=   0 bt=489 cap= 5 | C4 pool=106 got= 8 short=0 | 5.0s
[516] size=13 budget=  507 C1 valid=61 novel=13 | C2 uniq=14 | C3 draws=  507 comp=  3 uniq=  3 novel=  1 pruned=   0 bt=427 cap= 5 | C4 pool=400 got=14 short=0 | 4.2s
[517] size=19 budget=  784 C1 valid=64 novel=34 | C2 uniq=24 | C3 draws=  784 comp= 38 uniq= 38 novel= 35 pruned=   0 bt=179 cap= 0 | C4 pool=400 got=24 short=0 | 5.4s
[518] size=13 budget= 1104 C1 valid=60 novel=31 | C2 uniq=35 | C3 draws= 1104 comp= 48 uniq= 48 novel= 38 pruned=   0 bt= 83 cap= 0 | C4 pool=400 got=35 short=0 | 7.7s
[519] size=13 budget=  512 C1 valid=64 novel=64 | C2 uniq= 1 | C3 draws=  512 comp=  1 uniq=  1 novel=  1 pruned=   0 bt=441 cap= 6 | C4 pool=  1 got= 1 short=0 | 4.2s
[520] size=19 budget= 1183 C1 valid=50 novel=38 | C2 uniq=18 | C3 draws= 1183 comp= 26 uniq= 26 novel= 22 pruned=   0 bt=545 cap= 9 | C4 pool=400 got=18 short=0 | 9.7s
[521] size=19 budget=  463 C1 valid=64 novel=17 | C2 uniq= 6 | C3 draws=  463 comp=  5 uniq=  5 novel=  2 pruned=   0 bt=376 cap= 5 | C4 pool=  6 got= 6 short=0 | 3.7s
[522] size=19 budget=  456 C1 valid=59 novel= 0 | C2 uniq= 2 | C3 draws=  456 comp=  2 uniq=  2 novel=  0 pruned=   0 bt=389 cap= 5 | C4 pool=  2 got= 2 short=0 | 3.8s
[523] size=15 budget=  512 C1 valid=64 novel= 0 | C2 uniq= 1 | C3 draws=  512 comp=  1 uniq=  1 novel=  0 pruned=   0 bt=448 cap= 6 | C4 pool=  1 got= 1 short=0 | 4.1s
[524] size=19 budget= 1018 C1 valid=64 novel=50 | C2 uniq=41 | C3 draws= 1018 comp= 32 uniq= 32 novel= 26 pruned=   0 bt=421 cap= 2 | C4 pool=163 got=41 short=0 | 8.0s
[525] size=15 budget=  512 C1 valid=64 novel= 0 | C2 uniq= 1 | C3 draws=  512 comp=  1 uniq=  1 novel=  0 pruned=   0 bt=427 cap= 6 | C4 pool=  1 got= 1 short=0 | 4.3s
[526] size=17 budget=  636 C1 valid=64 novel=16 | C2 uniq=18 | C3 draws=  636 comp=  7 uniq=  7 novel=  5 pruned=   0 bt=477 cap= 7 | C4 pool=374 got=18 short=0 | 5.1s
[527] size=15 budget=  440 C1 valid=64 novel= 0 | C2 uniq= 3 | C3 draws=  440 comp=  3 uniq=  3 novel=  0 pruned=   0 bt=376 cap= 4 | C4 pool=  4 got= 3 short=0 | 3.5s
[528] size=11 budget=  384 C1 valid=64 novel= 0 | C2 uniq= 1 | C3 draws=  384 comp=  2 uniq=  2 novel=  0 pruned=   0 bt=327 cap= 4 | C4 pool=  2 got= 1 short=0 | 3.0s
[529] size= 9 budget=  704 C1 valid=64 novel=21 | C2 uniq=16 | C3 draws=  704 comp=  9 uniq=  9 novel=  6 pruned=   0 bt=502 cap= 6 | C4 pool=400 got=16 short=0 | 5.7s
[530] size=13 budget=  414 C1 valid=64 novel= 7 | C2 uniq= 3 | C3 draws=  414 comp=  3 uniq=  3 novel=  1 pruned=   0 bt=347 cap= 4 | C4 pool=  7 got= 3 short=0 | 3.3s
[531] size=19 budget=  924 C1 valid=34 novel=13 | C2 uniq=18 | C3 draws=  924 comp= 18 uniq= 18 novel= 12 pruned=   0 bt=547 cap= 6 | C4 pool=400 got=18 short=0 | 7.7s
[532] size=11 budget=  384 C1 valid=64 novel= 0 | C2 uniq= 1 | C3 draws=  384 comp=  1 uniq=  1 novel=  0 pruned=   0 bt=337 cap= 4 | C4 pool=  1 got= 1 short=0 | 3.1s
[533] size=19 budget= 1093 C1 valid=61 novel=40 | C2 uniq=15 | C3 draws= 1093 comp= 10 uniq= 10 novel=  7 pruned=   0 bt=723 cap=12 | C4 pool=227 got=15 short=0 | 9.8s
[534] size=15 budget=  448 C1 valid=64 novel=12 | C2 uniq= 5 | C3 draws=  448 comp=  4 uniq=  4 novel=  2 pruned=   0 bt=369 cap= 5 | C4 pool=  5 got= 5 short=0 | 3.6s
[535] size=17 budget=  710 C1 valid=53 novel=34 | C2 uniq=20 | C3 draws=  710 comp= 15 uniq= 15 novel= 12 pruned=   0 bt=463 cap= 5 | C4 pool=400 got=20 short=0 | 5.8s
[536] size=13 budget=  448 C1 valid=64 novel= 0 | C2 uniq= 1 | C3 draws=  448 comp=  1 uniq=  1 novel=  0 pruned=   0 bt=387 cap= 5 | C4 pool=  1 got= 1 short=0 | 3.6s
[537] size=15 budget=  256 C1 valid=64 novel= 0 | C2 uniq= 1 | C3 draws=  256 comp=  1 uniq=  1 novel=  0 pruned=   0 bt=219 cap= 3 | C4 pool=  1 got= 1 short=0 | 2.1s
[538] size=15 budget= 1238 C1 valid=64 novel=64 | C2 uniq= 9 | C3 draws= 1238 comp= 10 uniq= 10 novel= 10 pruned=   0 bt=775 cap=11 | C4 pool=148 got= 9 short=0 | 11.4s
[539] size=13 budget=  954 C1 valid=64 novel=47 | C2 uniq=20 | C3 draws=  954 comp= 12 uniq= 12 novel= 11 pruned=   0 bt=601 cap= 9 | C4 pool=400 got=20 short=0 | 8.1s
[540] size=13 budget=  576 C1 valid=64 novel=64 | C2 uniq= 1 | C3 draws=  576 comp=  1 uniq=  1 novel=  1 pruned=   0 bt=504 cap= 6 | C4 pool=  1 got= 1 short=0 | 4.6s
[541] size=13 budget=  630 C1 valid=64 novel= 0 | C2 uniq= 3 | C3 draws=  630 comp=  3 uniq=  3 novel=  0 pruned=   0 bt=500 cap= 7 | C4 pool=  3 got= 3 short=0 | 5.3s
[542] size=13 budget=  384 C1 valid=64 novel= 0 | C2 uniq= 1 | C3 draws=  384 comp=  1 uniq=  1 novel=  0 pruned=   0 bt=333 cap= 4 | C4 pool=  1 got= 1 short=0 | 3.1s
[543] size=11 budget=  384 C1 valid=64 novel= 0 | C2 uniq= 1 | C3 draws=  384 comp=  1 uniq=  1 novel=  0 pruned=   0 bt=337 cap= 4 | C4 pool=  1 got= 1 short=0 | 3.1s
[544] size=11 budget=  320 C1 valid=64 novel= 0 | C2 uniq= 1 | C3 draws=  320 comp=  1 uniq=  1 novel=  0 pruned=   0 bt=283 cap= 3 | C4 pool=  1 got= 1 short=0 | 2.6s
[545] size= 9 budget=  607 C1 valid=64 novel=22 | C2 uniq=17 | C3 draws=  607 comp=  6 uniq=  6 novel=  4 pruned=   0 bt=478 cap= 6 | C4 pool=400 got=17 short=0 | 4.9s
[546] size=13 budget=  384 C1 valid=64 novel= 0 | C2 uniq= 1 | C3 draws=  384 comp=  1 uniq=  1 novel=  0 pruned=   0 bt=333 cap= 4 | C4 pool=  1 got= 1 short=0 | 3.1s
[547] size=15 budget=  432 C1 valid=64 novel= 0 | C2 uniq= 3 | C3 draws=  432 comp=  3 uniq=  3 novel=  0 pruned=   0 bt=364 cap= 5 | C4 pool=  3 got= 3 short=0 | 3.4s
[548] size=11 budget=  718 C1 valid=64 novel=34 | C2 uniq=13 | C3 draws=  718 comp= 21 uniq= 21 novel= 20 pruned=   0 bt=277 cap= 2 | C4 pool=197 got=13 short=0 | 5.8s
[549] size=17 budget=  342 C1 valid=64 novel= 0 | C2 uniq= 2 | C3 draws=  342 comp=  2 uniq=  2 novel=  0 pruned=   0 bt=286 cap= 4 | C4 pool=  2 got= 2 short=0 | 2.7s
[550] size=15 budget=  578 C1 valid=62 novel=62 | C2 uniq= 1 | C3 draws=  578 comp=  1 uniq=  1 novel=  1 pruned=   0 bt=489 cap= 7 | C4 pool=  1 got= 1 short=0 | 4.8s
[551] size=17 budget=  448 C1 valid=64 novel= 0 | C2 uniq= 1 | C3 draws=  448 comp=  1 uniq=  1 novel=  0 pruned=   0 bt=387 cap= 5 | C4 pool=  1 got= 1 short=0 | 3.6s
[552] size=15 budget=  640 C1 valid=64 novel= 0 | C2 uniq= 1 | C3 draws=  640 comp=  1 uniq=  1 novel=  0 pruned=   0 bt=533 cap= 7 | C4 pool=  2 got= 1 short=0 | 5.6s
[553] size=13 budget=  404 C1 valid=64 novel= 6 | C2 uniq= 8 | C3 draws=  404 comp=  3 uniq=  3 novel=  1 pruned=   0 bt=331 cap= 4 | C4 pool=400 got= 8 short=0 | 3.3s
[554] size=19 budget=  576 C1 valid=64 novel= 0 | C2 uniq= 1 | C3 draws=  576 comp=  1 uniq=  1 novel=  0 pruned=   0 bt=479 cap= 7 | C4 pool=  1 got= 1 short=0 | 4.9s
[555] size=17 budget=  512 C1 valid=64 novel= 0 | C2 uniq= 1 | C3 draws=  512 comp=  1 uniq=  1 novel=  0 pruned=   0 bt=441 cap= 6 | C4 pool=  1 got= 1 short=0 | 4.2s
[556] size=11 budget=  422 C1 valid=64 novel= 0 | C2 uniq= 2 | C3 draws=  422 comp=  2 uniq=  2 novel=  0 pruned=   0 bt=368 cap= 4 | C4 pool=  2 got= 2 short=0 | 3.4s
[557] size=11 budget=  384 C1 valid=64 novel= 0 | C2 uniq= 1 | C3 draws=  384 comp=  1 uniq=  1 novel=  0 pruned=   0 bt=337 cap= 4 | C4 pool=  1 got= 1 short=0 | 3.1s
[558] size=13 budget=  642 C1 valid=50 novel= 6 | C2 uniq= 5 | C3 draws=  642 comp= 19 uniq= 19 novel= 15 pruned=   0 bt=176 cap= 1 | C4 pool=400 got= 5 short=0 | 5.3s
[559] size=19 budget=  256 C1 valid=64 novel= 0 | C2 uniq= 1 | C3 draws=  256 comp=  1 uniq=  1 novel=  0 pruned=   0 bt=219 cap= 3 | C4 pool=  1 got= 1 short=0 | 2.1s
[560] size=15 budget= 1310 C1 valid=61 novel=61 | C2 uniq=53 | C3 draws= 1310 comp= 40 uniq= 40 novel= 40 pruned=   0 bt=305 cap= 5 | C4 pool=400 got=53 short=0 | 10.3s
[561] size=13 budget=  329 C1 valid=64 novel= 6 | C2 uniq= 7 | C3 draws=  329 comp=  4 uniq=  4 novel=  0 pruned=   0 bt=271 cap= 3 | C4 pool=  9 got= 7 short=0 | 2.6s
[562] size=17 budget=  578 C1 valid=57 novel=12 | C2 uniq= 6 | C3 draws=  578 comp=  6 uniq=  6 novel=  4 pruned=   0 bt=448 cap= 6 | C4 pool=  8 got= 6 short=0 | 4.6s
[563] size= 9 budget=  384 C1 valid=64 novel= 0 | C2 uniq= 1 | C3 draws=  384 comp=  1 uniq=  1 novel=  0 pruned=   0 bt=333 cap= 4 | C4 pool=  2 got= 1 short=0 | 3.1s
[564] size=15 budget=  384 C1 valid=64 novel= 0 | C2 uniq= 1 | C3 draws=  384 comp=  1 uniq=  1 novel=  0 pruned=   0 bt=338 cap= 4 | C4 pool=  1 got= 1 short=0 | 3.1s
[565] size=19 budget=  320 C1 valid=64 novel= 0 | C2 uniq= 1 | C3 draws=  320 comp=  1 uniq=  1 novel=  0 pruned=   0 bt=274 cap= 4 | C4 pool=  1 got= 1 short=0 | 2.6s
[566] size=13 budget= 1270 C1 valid=56 novel=56 | C2 uniq=53 | C3 draws= 1270 comp= 64 uniq= 64 novel= 62 pruned=   0 bt= 86 cap= 0 | C4 pool=400 got=53 short=0 | 8.5s
[567] size= 9 budget=  714 C1 valid=58 novel=33 | C2 uniq=24 | C3 draws=  714 comp= 38 uniq= 38 novel= 37 pruned=   0 bt= 34 cap= 0 | C4 pool=400 got=24 short=0 | 4.7s
[568] size= 9 budget= 1241 C1 valid=22 novel=22 | C2 uniq=17 | C3 draws= 1241 comp= 22 uniq= 22 novel= 22 pruned=   0 bt=573 cap= 7 | C4 pool=400 got=17 short=0 | 10.7s
[569] size=13 budget=  320 C1 valid=64 novel= 0 | C2 uniq= 1 | C3 draws=  320 comp=  1 uniq=  1 novel=  0 pruned=   0 bt=279 cap= 3 | C4 pool=  1 got= 1 short=0 | 2.6s
[570] size= 9 budget=  286 C1 valid=64 novel= 0 | C2 uniq= 2 | C3 draws=  286 comp=  2 uniq=  2 novel=  0 pruned=   0 bt=242 cap= 3 | C4 pool=  2 got= 2 short=0 | 2.3s
[571] size=17 budget=  432 C1 valid=64 novel= 0 | C2 uniq= 2 | C3 draws=  432 comp=  2 uniq=  2 novel=  0 pruned=   0 bt=364 cap= 5 | C4 pool=  2 got= 2 short=0 | 3.5s
[572] size=19 budget=  737 C1 valid=64 novel=31 | C2 uniq= 2 | C3 draws=  737 comp=  2 uniq=  2 novel=  1 pruned=   0 bt=585 cap= 9 | C4 pool=  2 got= 2 short=0 | 6.3s
[573] size=11 budget=  576 C1 valid=64 novel= 0 | C2 uniq= 2 | C3 draws=  576 comp=  2 uniq=  2 novel=  0 pruned=   0 bt=473 cap= 6 | C4 pool=  2 got= 2 short=0 | 5.0s
[574] size=17 budget=  977 C1 valid=37 novel=37 | C2 uniq= 4 | C3 draws=  977 comp= 16 uniq= 16 novel= 14 pruned=   0 bt=659 cap= 6 | C4 pool=  8 got= 4 short=0 | 7.9s
[575] size=13 budget=  448 C1 valid=64 novel= 0 | C2 uniq= 2 | C3 draws=  448 comp=  2 uniq=  2 novel=  0 pruned=   0 bt=380 cap= 5 | C4 pool=  2 got= 2 short=0 | 3.6s
[576] size=13 budget=  806 C1 valid=64 novel=33 | C2 uniq= 4 | C3 draws=  806 comp=  4 uniq=  4 novel=  3 pruned=   0 bt=614 cap= 9 | C4 pool=  4 got= 4 short=0 | 6.9s
[577] size=19 budget= 1435 C1 valid=39 novel=39 | C2 uniq= 9 | C3 draws= 1435 comp=  8 uniq=  8 novel=  8 pruned=   0 bt=894 cap=16 | C4 pool= 10 got= 9 short=0 | 13.3s
[578] size= 9 budget=  320 C1 valid=64 novel= 0 | C2 uniq= 1 | C3 draws=  320 comp=  1 uniq=  1 novel=  0 pruned=   0 bt=279 cap= 3 | C4 pool=  1 got= 1 short=0 | 2.6s
[579] size=19 budget=  832 C1 valid=64 novel=64 | C2 uniq= 1 | C3 draws=  832 comp=  1 uniq=  1 novel=  1 pruned=   0 bt=677 cap=10 | C4 pool=  2 got= 1 short=0 | 7.3s
[580] size=17 budget=  577 C1 valid=46 novel= 0 | C2 uniq= 1 | C3 draws=  577 comp=  1 uniq=  1 novel=  0 pruned=   0 bt=499 cap= 7 | C4 pool=  1 got= 1 short=0 | 4.7s
[581] size=17 budget= 1226 C1 valid=20 novel=20 | C2 uniq= 5 | C3 draws= 1226 comp= 15 uniq= 15 novel= 15 pruned=   0 bt=733 cap= 9 | C4 pool=400 got= 5 short=0 | 10.6s
[582] size=15 budget= 1028 C1 valid=58 novel=42 | C2 uniq=30 | C3 draws= 1028 comp= 13 uniq= 13 novel= 11 pruned=   0 bt=660 cap=10 | C4 pool=400 got=30 short=0 | 8.6s
[583] size=13 budget=  320 C1 valid=64 novel= 0 | C2 uniq= 1 | C3 draws=  320 comp=  1 uniq=  1 novel=  0 pruned=   0 bt=276 cap= 3 | C4 pool=  1 got= 1 short=0 | 2.7s
[584] size=17 budget=  448 C1 valid=64 novel= 0 | C2 uniq= 1 | C3 draws=  448 comp=  1 uniq=  1 novel=  0 pruned=   0 bt=387 cap= 5 | C4 pool=  1 got= 1 short=0 | 3.6s
[585] size=11 budget=  320 C1 valid=64 novel= 0 | C2 uniq= 1 | C3 draws=  320 comp=  1 uniq=  1 novel=  0 pruned=   0 bt=283 cap= 3 | C4 pool=  1 got= 1 short=0 | 2.6s
[586] size=19 budget=  729 C1 valid=58 novel=11 | C2 uniq=11 | C3 draws=  729 comp= 13 uniq= 13 novel=  7 pruned=   0 bt=481 cap= 7 | C4 pool=400 got=11 short=0 | 5.9s
[587] size= 9 budget=  512 C1 valid=64 novel= 0 | C2 uniq= 1 | C3 draws=  512 comp=  1 uniq=  1 novel=  0 pruned=   0 bt=427 cap= 5 | C4 pool=  1 got= 1 short=0 | 4.5s
[588] size=17 budget=  460 C1 valid=64 novel=15 | C2 uniq= 7 | C3 draws=  460 comp=  3 uniq=  3 novel=  1 pruned=   0 bt=364 cap= 5 | C4 pool=  7 got= 7 short=0 | 3.9s
[589] size=15 budget=  564 C1 valid=64 novel=28 | C2 uniq=12 | C3 draws=  564 comp= 21 uniq= 21 novel= 20 pruned=   0 bt=211 cap= 0 | C4 pool=194 got=12 short=0 | 4.2s
[590] size=11 budget=  384 C1 valid=64 novel= 0 | C2 uniq= 1 | C3 draws=  384 comp=  1 uniq=  1 novel=  0 pruned=   0 bt=337 cap= 4 | C4 pool=  1 got= 1 short=0 | 3.1s
[591] size=11 budget=  556 C1 valid=64 novel= 1 | C2 uniq=12 | C3 draws=  556 comp=  3 uniq=  3 novel=  0 pruned=   0 bt=464 cap= 6 | C4 pool= 65 got=12 short=0 | 4.7s
[592] size=19 budget=  786 C1 valid=62 novel=13 | C2 uniq=14 | C3 draws=  786 comp=  5 uniq=  5 novel=  3 pruned=   0 bt=607 cap= 9 | C4 pool=400 got=14 short=0 | 8.6s
[593] size=19 budget= 1806 C1 valid=34 novel=34 | C2 uniq=30 | C3 draws= 1806 comp= 31 uniq= 31 novel= 31 pruned=   0 bt=681 cap=11 | C4 pool=400 got=30 short=0 | 16.2s
[594] size=17 budget=  445 C1 valid= 3 novel= 0 | C2 uniq= 1 | C3 draws=  445 comp=  0 uniq=  0 novel=  0 pruned=   0 bt=393 cap= 5 | C4 pool=  1 got= 1 short=0 | 3.7s
[595] size=15 budget=  757 C1 valid=57 novel=25 | C2 uniq= 5 | C3 draws=  757 comp=  4 uniq=  4 novel=  3 pruned=   0 bt=619 cap= 8 | C4 pool= 81 got= 5 short=0 | 6.1s
[596] size=11 budget=  482 C1 valid=64 novel=26 | C2 uniq= 3 | C3 draws=  482 comp=  2 uniq=  2 novel=  1 pruned=   0 bt=405 cap= 5 | C4 pool=  3 got= 3 short=0 | 4.0s
[597] size= 9 budget=  320 C1 valid=64 novel= 0 | C2 uniq= 1 | C3 draws=  320 comp=  1 uniq=  1 novel=  0 pruned=   0 bt=279 cap= 3 | C4 pool=  1 got= 1 short=0 | 2.6s
[598] size=19 budget=  410 C1 valid=63 novel= 0 | C2 uniq= 2 | C3 draws=  410 comp=  2 uniq=  2 novel=  0 pruned=   0 bt=351 cap= 5 | C4 pool=  2 got= 2 short=0 | 3.3s
[599] size=15 budget=  448 C1 valid=64 novel= 0 | C2 uniq= 1 | C3 draws=  448 comp=  1 uniq=  1 novel=  0 pruned=   0 bt=392 cap= 5 | C4 pool=  1 got= 1 short=0 | 3.6s
[600] size= 9 budget=  384 C1 valid=64 novel= 0 | C2 uniq= 1 | C3 draws=  384 comp=  1 uniq=  1 novel=  0 pruned=   0 bt=333 cap= 4 | C4 pool=  1 got= 1 short=0 | 3.1s
[601] size=15 budget=  320 C1 valid=64 novel= 0 | C2 uniq= 1 | C3 draws=  320 comp=  1 uniq=  1 novel=  0 pruned=   0 bt=282 cap= 3 | C4 pool=  1 got= 1 short=0 | 2.6s
[602] size= 9 budget=  320 C1 valid=64 novel= 0 | C2 uniq= 1 | C3 draws=  320 comp=  1 uniq=  1 novel=  0 pruned=   0 bt=279 cap= 3 | C4 pool=  1 got= 1 short=0 | 2.6s
[603] size=17 budget=  384 C1 valid=64 novel= 0 | C2 uniq= 1 | C3 draws=  384 comp=  1 uniq=  1 novel=  0 pruned=   0 bt=334 cap= 4 | C4 pool=  1 got= 1 short=0 | 3.1s
[604] size= 9 budget=  384 C1 valid=64 novel= 0 | C2 uniq= 1 | C3 draws=  384 comp=  1 uniq=  1 novel=  0 pruned=   0 bt=333 cap= 4 | C4 pool=  1 got= 1 short=0 | 3.1s
[605] size=17 budget=  359 C1 valid=63 novel= 5 | C2 uniq=12 | C3 draws=  359 comp=  5 uniq=  5 novel=  3 pruned=   0 bt=272 cap= 4 | C4 pool= 15 got=12 short=0 | 2.8s
[606] size=13 budget=  415 C1 valid=64 novel= 0 | C2 uniq= 3 | C3 draws=  415 comp=  3 uniq=  3 novel=  0 pruned=   0 bt=351 cap= 4 | C4 pool=  3 got= 3 short=0 | 3.3s
[607] size=19 budget=  726 C1 valid=61 novel=33 | C2 uniq= 4 | C3 draws=  726 comp=  3 uniq=  3 novel=  1 pruned=   0 bt=560 cap= 9 | C4 pool=  4 got= 4 short=0 | 6.2s
[608] size= 9 budget=  999 C1 valid=62 novel=44 | C2 uniq=40 | C3 draws=  999 comp= 17 uniq= 17 novel= 16 pruned=   0 bt=575 cap= 8 | C4 pool=400 got=40 short=0 | 8.2s
[609] size=19 budget=  384 C1 valid=64 novel= 0 | C2 uniq= 1 | C3 draws=  384 comp=  1 uniq=  1 novel=  0 pruned=   0 bt=335 cap= 5 | C4 pool=  1 got= 1 short=0 | 3.1s
[610] size= 9 budget=  315 C1 valid=64 novel= 3 | C2 uniq= 5 | C3 draws=  315 comp=  5 uniq=  5 novel=  1 pruned=   0 bt=251 cap= 3 | C4 pool=  6 got= 5 short=0 | 2.5s
[611] size=19 budget=  512 C1 valid=64 novel=64 | C2 uniq= 1 | C3 draws=  512 comp=  1 uniq=  1 novel=  1 pruned=   0 bt=447 cap= 6 | C4 pool=  1 got= 1 short=0 | 4.1s
[612] size=15 budget=  448 C1 valid=64 novel= 0 | C2 uniq= 1 | C3 draws=  448 comp=  1 uniq=  1 novel=  0 pruned=   0 bt=392 cap= 5 | C4 pool=  1 got= 1 short=0 | 3.6s
[613] size=19 budget= 1210 C1 valid=48 novel=27 | C2 uniq=30 | C3 draws= 1210 comp= 49 uniq= 49 novel= 43 pruned=   0 bt=112 cap= 0 | C4 pool=400 got=30 short=0 | 8.8s
[614] size=19 budget=  502 C1 valid=62 novel=10 | C2 uniq=11 | C3 draws=  502 comp= 19 uniq= 19 novel= 13 pruned=   0 bt=183 cap= 1 | C4 pool=191 got=11 short=0 | 3.9s
[615] size=19 budget=  587 C1 valid=64 novel= 9 | C2 uniq=11 | C3 draws=  587 comp= 18 uniq= 18 novel=  8 pruned=   0 bt=228 cap= 3 | C4 pool=400 got=11 short=0 | 4.8s
[616] size=19 budget=  334 C1 valid=64 novel=13 | C2 uniq= 2 | C3 draws=  334 comp=  8 uniq=  8 novel=  7 pruned=   0 bt=208 cap= 0 | C4 pool=  3 got= 2 short=0 | 2.6s
[617] size=13 budget=  640 C1 valid=64 novel=64 | C2 uniq= 1 | C3 draws=  640 comp=  1 uniq=  1 novel=  1 pruned=   0 bt=518 cap= 7 | C4 pool=  1 got= 1 short=0 | 6.2s
[618] size= 9 budget=  330 C1 valid=54 novel= 0 | C2 uniq= 1 | C3 draws=  330 comp=  1 uniq=  1 novel=  0 pruned=   0 bt=290 cap= 3 | C4 pool=  1 got= 1 short=0 | 2.7s
[619] size= 9 budget=  320 C1 valid=64 novel= 0 | C2 uniq= 1 | C3 draws=  320 comp=  1 uniq=  1 novel=  0 pruned=   0 bt=279 cap= 3 | C4 pool=  1 got= 1 short=0 | 2.6s
[620] size=11 budget=  730 C1 valid=64 novel=52 | C2 uniq= 4 | C3 draws=  730 comp=  4 uniq=  4 novel=  3 pruned=   0 bt=563 cap= 8 | C4 pool=  8 got= 4 short=0 | 6.3s
[621] size=17 budget=  448 C1 valid=64 novel= 0 | C2 uniq= 1 | C3 draws=  448 comp=  1 uniq=  1 novel=  0 pruned=   0 bt=387 cap= 5 | C4 pool=  1 got= 1 short=0 | 3.7s
[622] size=13 budget=  430 C1 valid=62 novel= 0 | C2 uniq= 3 | C3 draws=  430 comp=  4 uniq=  4 novel=  0 pruned=   0 bt=357 cap= 4 | C4 pool=  4 got= 3 short=0 | 3.4s
[623] size=15 budget=  256 C1 valid=64 novel= 0 | C2 uniq= 1 | C3 draws=  256 comp=  1 uniq=  1 novel=  0 pruned=   0 bt=219 cap= 3 | C4 pool=  1 got= 1 short=0 | 2.1s
[624] size=19 budget=  576 C1 valid=64 novel= 0 | C2 uniq= 1 | C3 draws=  576 comp=  1 uniq=  1 novel=  0 pruned=   0 bt=479 cap= 7 | C4 pool=  1 got= 1 short=0 | 4.9s
[625] size=17 budget=  704 C1 valid=64 novel=64 | C2 uniq= 1 | C3 draws=  704 comp=  2 uniq=  2 novel=  2 pruned=   0 bt=599 cap= 8 | C4 pool=  4 got= 1 short=0 | 6.1s
[626] size=11 budget=  448 C1 valid=64 novel= 0 | C2 uniq= 1 | C3 draws=  448 comp=  1 uniq=  1 novel=  0 pruned=   0 bt=393 cap= 5 | C4 pool=  1 got= 1 short=0 | 3.6s
[627] size=19 budget=  740 C1 valid=58 novel=57 | C2 uniq= 5 | C3 draws=  740 comp=  7 uniq=  7 novel=  6 pruned=   0 bt=519 cap= 8 | C4 pool= 31 got= 5 short=0 | 6.4s
[628] size=17 budget=  351 C1 valid=64 novel= 0 | C2 uniq= 2 | C3 draws=  351 comp=  2 uniq=  2 novel=  0 pruned=   0 bt=295 cap= 4 | C4 pool=  2 got= 2 short=0 | 2.8s
[629] size=17 budget=  576 C1 valid=64 novel=64 | C2 uniq= 1 | C3 draws=  576 comp=  1 uniq=  1 novel=  1 pruned=   0 bt=487 cap= 7 | C4 pool=  1 got= 1 short=0 | 4.8s
[630] size= 9 budget=  320 C1 valid=64 novel= 0 | C2 uniq= 1 | C3 draws=  320 comp=  1 uniq=  1 novel=  0 pruned=   0 bt=279 cap= 3 | C4 pool=  1 got= 1 short=0 | 2.6s
[631] size=17 budget=  562 C1 valid=63 novel=26 | C2 uniq= 9 | C3 draws=  562 comp= 10 uniq= 10 novel=  8 pruned=   0 bt=332 cap= 4 | C4 pool=400 got= 9 short=0 | 4.9s
[632] size= 9 budget=  384 C1 valid=64 novel= 0 | C2 uniq= 2 | C3 draws=  384 comp=  2 uniq=  2 novel=  0 pruned=   0 bt=327 cap= 4 | C4 pool=  2 got= 2 short=0 | 3.1s
[633] size=15 budget=  735 C1 valid=52 novel=52 | C2 uniq= 6 | C3 draws=  735 comp=  7 uniq=  7 novel=  7 pruned=   0 bt=534 cap= 8 | C4 pool= 15 got= 6 short=0 | 6.2s
[634] size=19 budget=  320 C1 valid=64 novel= 0 | C2 uniq= 1 | C3 draws=  320 comp=  1 uniq=  1 novel=  0 pruned=   0 bt=274 cap= 4 | C4 pool=  1 got= 1 short=0 | 2.6s
[635] size=13 budget=  320 C1 valid=64 novel= 0 | C2 uniq= 1 | C3 draws=  320 comp=  1 uniq=  1 novel=  0 pruned=   0 bt=279 cap= 3 | C4 pool=  1 got= 1 short=0 | 2.6s
[636] size=19 budget= 1496 C1 valid=25 novel=23 | C2 uniq=22 | C3 draws= 1496 comp= 16 uniq= 16 novel= 15 pruned=   0 bt=950 cap=16 | C4 pool=400 got=22 short=0 | 13.3s
[637] size= 9 budget=  353 C1 valid=64 novel= 0 | C2 uniq= 2 | C3 draws=  353 comp=  2 uniq=  2 novel=  0 pruned=   0 bt=304 cap= 4 | C4 pool=  2 got= 2 short=0 | 2.8s
[638] size=17 budget= 1197 C1 valid=42 novel=42 | C2 uniq=24 | C3 draws= 1197 comp= 31 uniq= 31 novel= 31 pruned=   0 bt=513 cap= 2 | C4 pool=400 got=24 short=0 | 9.7s
[639] size=13 budget=  784 C1 valid=45 novel= 9 | C2 uniq=11 | C3 draws=  784 comp=  5 uniq=  5 novel=  2 pruned=   0 bt=608 cap= 8 | C4 pool=400 got=11 short=0 | 6.5s
[640] size=19 budget=  559 C1 valid=52 novel=13 | C2 uniq= 6 | C3 draws=  559 comp=  4 uniq=  4 novel=  2 pruned=   0 bt=469 cap= 7 | C4 pool= 20 got= 6 short=0 | 4.5s
[641] size=15 budget=  384 C1 valid=64 novel= 0 | C2 uniq= 1 | C3 draws=  384 comp=  1 uniq=  1 novel=  0 pruned=   0 bt=338 cap= 4 | C4 pool=  1 got= 1 short=0 | 3.1s
[642] size=13 budget=  320 C1 valid=64 novel= 0 | C2 uniq= 1 | C3 draws=  320 comp=  1 uniq=  1 novel=  0 pruned=   0 bt=279 cap= 3 | C4 pool=  1 got= 1 short=0 | 2.6s
[643] size=17 budget= 1106 C1 valid=43 novel= 0 | C2 uniq= 1 | C3 draws= 1106 comp=  2 uniq=  2 novel=  1 pruned=   0 bt=806 cap=13 | C4 pool=  1 got= 1 short=0 | 9.9s
[644] size= 7 budget=  315 C1 valid=64 novel= 0 | C2 uniq= 5 | C3 draws=  315 comp=  4 uniq=  4 novel=  0 pruned=   0 bt=267 cap= 3 | C4 pool=  5 got= 5 short=0 | 2.5s
[645] size=13 budget=  384 C1 valid=64 novel= 0 | C2 uniq= 1 | C3 draws=  384 comp=  2 uniq=  2 novel=  0 pruned=   0 bt=326 cap= 4 | C4 pool=  2 got= 1 short=0 | 3.1s
[646] size=15 budget=  523 C1 valid=49 novel= 0 | C2 uniq= 1 | C3 draws=  523 comp=  3 uniq=  3 novel=  1 pruned=   0 bt=435 cap= 6 | C4 pool=  2 got= 1 short=0 | 4.1s
[647] size=17 budget=  384 C1 valid=64 novel= 0 | C2 uniq= 1 | C3 draws=  384 comp=  1 uniq=  1 novel=  0 pruned=   0 bt=334 cap= 4 | C4 pool=  1 got= 1 short=0 | 3.2s
[648] size=13 budget=  445 C1 valid=64 novel= 0 | C2 uniq= 6 | C3 draws=  445 comp=  4 uniq=  4 novel=  0 pruned=   0 bt=363 cap= 5 | C4 pool=  6 got= 6 short=0 | 3.5s
[649] size=19 budget=  430 C1 valid=64 novel= 0 | C2 uniq= 3 | C3 draws=  430 comp=  3 uniq=  3 novel=  0 pruned=   0 bt=362 cap= 5 | C4 pool=  3 got= 3 short=0 | 3.4s
[650] size=11 budget=  341 C1 valid=64 novel= 0 | C2 uniq= 2 | C3 draws=  341 comp=  2 uniq=  2 novel=  0 pruned=   0 bt=294 cap= 3 | C4 pool=  2 got= 2 short=0 | 2.8s
[651] size=11 budget=  320 C1 valid=64 novel= 0 | C2 uniq= 1 | C3 draws=  320 comp=  1 uniq=  1 novel=  0 pruned=   0 bt=283 cap= 3 | C4 pool=  1 got= 1 short=0 | 2.6s
[652] size=19 budget=  541 C1 valid=64 novel=64 | C2 uniq= 3 | C3 draws=  541 comp=  4 uniq=  4 novel=  4 pruned=   0 bt=463 cap= 6 | C4 pool=  4 got= 3 short=0 | 4.3s
[653] size=19 budget=  777 C1 valid=64 novel=47 | C2 uniq= 9 | C3 draws=  777 comp=  8 uniq=  8 novel=  7 pruned=   0 bt=555 cap= 8 | C4 pool=  9 got= 9 short=0 | 6.6s
[654] size=17 budget=  320 C1 valid=64 novel= 0 | C2 uniq= 1 | C3 draws=  320 comp=  1 uniq=  1 novel=  0 pruned=   0 bt=273 cap= 4 | C4 pool=  1 got= 1 short=0 | 2.6s
[655] size=13 budget=  728 C1 valid=63 novel=27 | C2 uniq=27 | C3 draws=  728 comp=  9 uniq=  9 novel=  5 pruned=   0 bt=541 cap= 7 | C4 pool=400 got=27 short=0 | 5.8s
[656] size= 9 budget=  320 C1 valid=64 novel= 0 | C2 uniq= 1 | C3 draws=  320 comp=  1 uniq=  1 novel=  0 pruned=   0 bt=279 cap= 3 | C4 pool=  1 got= 1 short=0 | 2.6s
[657] size=17 budget=  960 C1 valid=64 novel= 0 | C2 uniq= 1 | C3 draws=  960 comp=  1 uniq=  1 novel=  0 pruned=   0 bt=711 cap=12 | C4 pool=  2 got= 1 short=0 | 8.7s
[658] size=13 budget=  320 C1 valid=64 novel= 0 | C2 uniq= 1 | C3 draws=  320 comp=  1 uniq=  1 novel=  0 pruned=   0 bt=279 cap= 3 | C4 pool=  1 got= 1 short=0 | 2.6s
[659] size=19 budget=  640 C1 valid=64 novel=64 | C2 uniq= 1 | C3 draws=  640 comp=  1 uniq=  1 novel=  1 pruned=   0 bt=512 cap= 8 | C4 pool=  2 got= 1 short=0 | 5.7s
[660] size=19 budget= 1310 C1 valid=63 novel=63 | C2 uniq=25 | C3 draws= 1310 comp= 14 uniq= 14 novel= 14 pruned=   0 bt=744 cap=12 | C4 pool=400 got=25 short=0 | 11.9s
[661] size=15 budget=  512 C1 valid=64 novel= 0 | C2 uniq= 1 | C3 draws=  512 comp=  1 uniq=  1 novel=  0 pruned=   0 bt=427 cap= 6 | C4 pool=  2 got= 1 short=0 | 4.4s
[662] size=19 budget=  448 C1 valid=64 novel= 0 | C2 uniq= 1 | C3 draws=  448 comp=  1 uniq=  1 novel=  0 pruned=   0 bt=393 cap= 5 | C4 pool=  2 got= 1 short=0 | 3.7s
[663] size=15 budget= 1084 C1 valid=55 novel=40 | C2 uniq=21 | C3 draws= 1084 comp= 17 uniq= 17 novel= 16 pruned=   0 bt=567 cap= 9 | C4 pool=400 got=21 short=0 | 9.1s
[664] size=11 budget=  256 C1 valid=64 novel= 0 | C2 uniq= 1 | C3 draws=  256 comp=  1 uniq=  1 novel=  0 pruned=   0 bt=219 cap= 3 | C4 pool=  1 got= 1 short=0 | 2.2s
[665] size=15 budget=  408 C1 valid=64 novel= 0 | C2 uniq= 3 | C3 draws=  408 comp=  3 uniq=  3 novel=  0 pruned=   0 bt=343 cap= 4 | C4 pool=  3 got= 3 short=0 | 3.3s
[666] size=17 budget=  798 C1 valid=61 novel=43 | C2 uniq=15 | C3 draws=  798 comp= 12 uniq= 12 novel=  9 pruned=   0 bt=519 cap= 6 | C4 pool=400 got=15 short=0 | 7.3s
[667] size=13 budget=  384 C1 valid=64 novel= 0 | C2 uniq= 1 | C3 draws=  384 comp=  1 uniq=  1 novel=  0 pruned=   0 bt=333 cap= 4 | C4 pool=  2 got= 1 short=0 | 3.1s
[668] size=19 budget=  969 C1 valid=42 novel=11 | C2 uniq=15 | C3 draws=  969 comp= 13 uniq= 13 novel=  9 pruned=   0 bt=587 cap= 8 | C4 pool=400 got=15 short=0 | 8.1s
[669] size=11 budget=  618 C1 valid=64 novel= 0 | C2 uniq= 2 | C3 draws=  618 comp=  2 uniq=  2 novel=  0 pruned=   0 bt=506 cap= 7 | C4 pool=  2 got= 2 short=0 | 5.2s
[670] size=17 budget= 1266 C1 valid=23 novel=22 | C2 uniq=19 | C3 draws= 1266 comp=  5 uniq=  5 novel=  5 pruned=   0 bt=915 cap=15 | C4 pool=400 got=19 short=0 | 11.7s
[671] size=19 budget=  512 C1 valid=64 novel= 0 | C2 uniq= 1 | C3 draws=  512 comp=  1 uniq=  1 novel=  0 pruned=   0 bt=447 cap= 6 | C4 pool=  1 got= 1 short=0 | 4.2s
[672] size=15 budget=  448 C1 valid=64 novel= 0 | C2 uniq= 1 | C3 draws=  448 comp=  1 uniq=  1 novel=  0 pruned=   0 bt=392 cap= 5 | C4 pool=  1 got= 1 short=0 | 3.6s
[673] size=15 budget=  256 C1 valid=64 novel= 0 | C2 uniq= 1 | C3 draws=  256 comp=  1 uniq=  1 novel=  0 pruned=   0 bt=219 cap= 3 | C4 pool=  1 got= 1 short=0 | 2.1s
[674] size=17 budget=  576 C1 valid=63 novel=63 | C2 uniq= 2 | C3 draws=  576 comp=  2 uniq=  2 novel=  2 pruned=   0 bt=454 cap= 7 | C4 pool=  2 got= 2 short=0 | 5.0s
[675] size=11 budget=  384 C1 valid=64 novel= 0 | C2 uniq= 1 | C3 draws=  384 comp=  1 uniq=  1 novel=  0 pruned=   0 bt=337 cap= 4 | C4 pool=  1 got= 1 short=0 | 3.1s
[676] size=15 budget=  384 C1 valid=64 novel= 0 | C2 uniq= 1 | C3 draws=  384 comp=  1 uniq=  1 novel=  0 pruned=   0 bt=338 cap= 4 | C4 pool=  1 got= 1 short=0 | 3.1s
[677] size=15 budget= 1254 C1 valid=48 novel=48 | C2 uniq=13 | C3 draws= 1254 comp=  6 uniq=  6 novel=  6 pruned=   0 bt=879 cap=14 | C4 pool=400 got=13 short=0 | 11.7s
[678] size=11 budget=  576 C1 valid=64 novel=64 | C2 uniq= 1 | C3 draws=  576 comp=  1 uniq=  1 novel=  1 pruned=   0 bt=490 cap= 6 | C4 pool=  1 got= 1 short=0 | 5.0s
[679] size=13 budget=  597 C1 valid=64 novel=26 | C2 uniq=16 | C3 draws=  597 comp=  5 uniq=  5 novel=  4 pruned=   0 bt=460 cap= 6 | C4 pool=400 got=16 short=0 | 4.9s
[680] size=17 budget=  549 C1 valid=57 novel= 0 | C2 uniq= 1 | C3 draws=  549 comp=  1 uniq=  1 novel=  0 pruned=   0 bt=476 cap= 7 | C4 pool=  1 got= 1 short=0 | 4.6s
[681] size=19 budget=  526 C1 valid=64 novel= 8 | C2 uniq= 5 | C3 draws=  526 comp=  5 uniq=  5 novel=  1 pruned=   0 bt=408 cap= 6 | C4 pool=  6 got= 5 short=0 | 4.3s
[682] size=19 budget=  843 C1 valid=20 novel= 0 | C2 uniq= 1 | C3 draws=  843 comp=  1 uniq=  1 novel=  0 pruned=   0 bt=648 cap=11 | C4 pool=  1 got= 1 short=0 | 7.8s
[683] size= 9 budget=  406 C1 valid=64 novel= 0 | C2 uniq= 3 | C3 draws=  406 comp=  3 uniq=  3 novel=  0 pruned=   0 bt=345 cap= 4 | C4 pool=  4 got= 3 short=0 | 3.3s
[684] size=17 budget= 1411 C1 valid= 5 novel= 5 | C2 uniq= 4 | C3 draws= 1411 comp= 17 uniq= 17 novel= 17 pruned=   0 bt=738 cap=11 | C4 pool=400 got= 4 short=0 | 13.0s
[685] size=19 budget=  936 C1 valid=64 novel=15 | C2 uniq=21 | C3 draws=  936 comp= 12 uniq= 12 novel=  5 pruned=   0 bt=551 cap= 8 | C4 pool=400 got=21 short=0 | 8.8s
[686] size=15 budget=  422 C1 valid=62 novel= 9 | C2 uniq= 8 | C3 draws=  422 comp= 12 uniq= 12 novel=  9 pruned=   0 bt=140 cap= 2 | C4 pool=400 got= 8 short=0 | 3.6s
[687] size=19 budget=  748 C1 valid=64 novel=44 | C2 uniq= 3 | C3 draws=  748 comp=  3 uniq=  3 novel=  2 pruned=   0 bt=590 cap= 9 | C4 pool=  3 got= 3 short=0 | 6.3s
[688] size=19 budget=  371 C1 valid=64 novel= 2 | C2 uniq= 4 | C3 draws=  371 comp=  2 uniq=  2 novel=  1 pruned=   0 bt=313 cap= 4 | C4 pool= 73 got= 4 short=0 | 3.1s
[689] size=13 budget=  786 C1 valid=64 novel=64 | C2 uniq=18 | C3 draws=  786 comp= 44 uniq= 44 novel= 43 pruned=   0 bt=109 cap= 0 | C4 pool=400 got=18 short=0 | 5.1s
[690] size=17 budget=  905 C1 valid=61 novel=52 | C2 uniq=18 | C3 draws=  905 comp= 31 uniq= 31 novel= 28 pruned=   0 bt=338 cap= 1 | C4 pool=400 got=18 short=0 | 7.2s
[691] size=11 budget=  397 C1 valid=64 novel= 0 | C2 uniq= 3 | C3 draws=  397 comp=  3 uniq=  3 novel=  0 pruned=   0 bt=333 cap= 4 | C4 pool=  5 got= 3 short=0 | 3.2s
[692] size=11 budget=  322 C1 valid=63 novel= 0 | C2 uniq= 1 | C3 draws=  322 comp=  1 uniq=  1 novel=  0 pruned=   0 bt=284 cap= 3 | C4 pool=  2 got= 1 short=0 | 2.6s
[693] size=19 budget=  384 C1 valid=64 novel= 0 | C2 uniq= 1 | C3 draws=  384 comp=  1 uniq=  1 novel=  0 pruned=   0 bt=335 cap= 5 | C4 pool=  1 got= 1 short=0 | 3.1s
[694] size=19 budget=  384 C1 valid=64 novel= 0 | C2 uniq= 1 | C3 draws=  384 comp=  1 uniq=  1 novel=  0 pruned=   0 bt=335 cap= 5 | C4 pool=  1 got= 1 short=0 | 3.1s
[695] size=19 budget=  680 C1 valid= 0 novel= 0 | C2 uniq= 0 | C3 draws=  680 comp=  0 uniq=  0 novel=  0 pruned=   0 bt=594 cap= 9 | C4 pool=  2 got= 0 short=0 | 5.9s
[696] size=11 budget=  384 C1 valid=64 novel= 0 | C2 uniq= 1 | C3 draws=  384 comp=  1 uniq=  1 novel=  0 pruned=   0 bt=337 cap= 4 | C4 pool=  1 got= 1 short=0 | 3.1s
[697] size=19 budget=  320 C1 valid=64 novel= 0 | C2 uniq= 1 | C3 draws=  320 comp=  1 uniq=  1 novel=  0 pruned=   0 bt=274 cap= 4 | C4 pool=  1 got= 1 short=0 | 2.6s
[698] size=11 budget=  256 C1 valid=64 novel= 0 | C2 uniq= 1 | C3 draws=  256 comp=  1 uniq=  1 novel=  0 pruned=   0 bt=225 cap= 3 | C4 pool=  1 got= 1 short=0 | 2.1s
[699] size=19 budget=  576 C1 valid=64 novel=64 | C2 uniq= 1 | C3 draws=  576 comp=  1 uniq=  1 novel=  1 pruned=   0 bt=501 cap= 7 | C4 pool=  1 got= 1 short=0 | 4.8s
[700] size=17 budget= 1001 C1 valid=64 novel=64 | C2 uniq=23 | C3 draws= 1001 comp= 17 uniq= 17 novel= 17 pruned=   0 bt=603 cap= 7 | C4 pool= 48 got=23 short=0 | 8.4s
[701] size=13 budget=  384 C1 valid=64 novel= 0 | C2 uniq= 1 | C3 draws=  384 comp=  1 uniq=  1 novel=  0 pruned=   0 bt=333 cap= 4 | C4 pool=  1 got= 1 short=0 | 3.1s
[702] size=11 budget=  320 C1 valid=64 novel= 0 | C2 uniq= 1 | C3 draws=  320 comp=  1 uniq=  1 novel=  0 pruned=   0 bt=283 cap= 3 | C4 pool=  1 got= 1 short=0 | 2.6s
[703] size=15 budget=  568 C1 valid=63 novel=20 | C2 uniq=12 | C3 draws=  568 comp=  3 uniq=  3 novel=  2 pruned=   0 bt=480 cap= 6 | C4 pool=400 got=12 short=0 | 4.6s
[704] size=11 budget=  448 C1 valid=64 novel= 0 | C2 uniq= 1 | C3 draws=  448 comp=  1 uniq=  1 novel=  0 pruned=   0 bt=393 cap= 5 | C4 pool=  1 got= 1 short=0 | 3.6s
[705] size=15 budget=  944 C1 valid=64 novel=64 | C2 uniq=20 | C3 draws=  944 comp= 16 uniq= 16 novel= 16 pruned=   0 bt=556 cap= 8 | C4 pool=400 got=20 short=0 | 8.5s
[706] size=13 budget=  576 C1 valid=64 novel= 0 | C2 uniq= 1 | C3 draws=  576 comp=  1 uniq=  1 novel=  0 pruned=   0 bt=476 cap= 6 | C4 pool=  1 got= 1 short=0 | 5.1s
[707] size=19 budget= 1539 C1 valid=10 novel=10 | C2 uniq= 8 | C3 draws= 1539 comp= 17 uniq= 17 novel= 17 pruned=   0 bt=952 cap=14 | C4 pool=400 got= 8 short=0 | 13.2s
[708] size=17 budget=  439 C1 valid=47 novel= 0 | C2 uniq= 1 | C3 draws=  439 comp=  1 uniq=  1 novel=  0 pruned=   0 bt=377 cap= 5 | C4 pool=  1 got= 1 short=0 | 3.7s
[709] size=15 budget= 1031 C1 valid=64 novel=64 | C2 uniq= 3 | C3 draws= 1031 comp=  2 uniq=  2 novel=  2 pruned=   0 bt=788 cap=12 | C4 pool=  1 got= 1 short=2 | 9.2s
[710] size=17 budget=  384 C1 valid=64 novel= 0 | C2 uniq= 1 | C3 draws=  384 comp=  1 uniq=  1 novel=  0 pruned=   0 bt=334 cap= 4 | C4 pool=  1 got= 1 short=0 | 3.1s
[711] size=15 budget=  320 C1 valid=64 novel= 0 | C2 uniq= 1 | C3 draws=  320 comp=  1 uniq=  1 novel=  0 pruned=   0 bt=282 cap= 3 | C4 pool=  2 got= 1 short=0 | 2.6s
[712] size=17 budget=  372 C1 valid=64 novel= 0 | C2 uniq= 4 | C3 draws=  372 comp=  4 uniq=  4 novel=  0 pruned=   0 bt=304 cap= 4 | C4 pool=  4 got= 4 short=0 | 2.9s
[713] size=15 budget=  320 C1 valid=64 novel= 0 | C2 uniq= 1 | C3 draws=  320 comp=  1 uniq=  1 novel=  0 pruned=   0 bt=282 cap= 3 | C4 pool=  1 got= 1 short=0 | 2.6s
[714] size=13 budget=  576 C1 valid=64 novel=64 | C2 uniq= 1 | C3 draws=  576 comp=  1 uniq=  1 novel=  1 pruned=   0 bt=476 cap= 6 | C4 pool=  1 got= 1 short=0 | 5.1s
[715] size=15 budget=  966 C1 valid=60 novel=48 | C2 uniq=15 | C3 draws=  966 comp= 11 uniq= 11 novel= 10 pruned=   0 bt=585 cap= 9 | C4 pool=400 got=15 short=0 | 8.6s
[716] size=15 budget=  446 C1 valid=64 novel= 9 | C2 uniq= 5 | C3 draws=  446 comp=  4 uniq=  4 novel=  1 pruned=   0 bt=366 cap= 5 | C4 pool=  6 got= 5 short=0 | 3.6s
[717] size=19 budget=  699 C1 valid=26 novel=12 | C2 uniq=12 | C3 draws=  699 comp=  4 uniq=  4 novel=  1 pruned=   0 bt=541 cap= 8 | C4 pool=159 got=12 short=0 | 6.0s
[718] size=17 budget=  693 C1 valid=60 novel=25 | C2 uniq= 6 | C3 draws=  693 comp=  4 uniq=  4 novel=  2 pruned=   0 bt=530 cap= 8 | C4 pool=  6 got= 6 short=0 | 6.0s
[719] size=11 budget=  601 C1 valid=63 novel= 7 | C2 uniq= 2 | C3 draws=  601 comp=  5 uniq=  5 novel=  4 pruned=   0 bt=482 cap= 5 | C4 pool=  2 got= 2 short=0 | 4.9s
[720] size=13 budget=  384 C1 valid=64 novel= 0 | C2 uniq= 1 | C3 draws=  384 comp=  1 uniq=  1 novel=  0 pruned=   0 bt=333 cap= 4 | C4 pool=  2 got= 1 short=0 | 3.1s
[721] size=19 budget=  441 C1 valid=61 novel= 5 | C2 uniq= 6 | C3 draws=  441 comp=  9 uniq=  9 novel=  6 pruned=   0 bt=290 cap= 3 | C4 pool= 10 got= 6 short=0 | 3.5s
[722] size=17 budget=  500 C1 valid=64 novel= 0 | C2 uniq= 5 | C3 draws=  500 comp=  3 uniq=  3 novel=  0 pruned=   0 bt=404 cap= 6 | C4 pool=  9 got= 5 short=0 | 4.1s
[723] size=13 budget=  512 C1 valid=64 novel= 0 | C2 uniq= 1 | C3 draws=  512 comp=  1 uniq=  1 novel=  0 pruned=   0 bt=433 cap= 6 | C4 pool=  1 got= 1 short=0 | 4.4s
[724] size=11 budget=  384 C1 valid=64 novel= 0 | C2 uniq= 1 | C3 draws=  384 comp=  1 uniq=  1 novel=  0 pruned=   0 bt=337 cap= 4 | C4 pool=  2 got= 1 short=0 | 3.1s
[725] size=13 budget=  474 C1 valid=64 novel=30 | C2 uniq= 3 | C3 draws=  474 comp=  3 uniq=  3 novel=  2 pruned=   0 bt=399 cap= 5 | C4 pool=  5 got= 3 short=0 | 3.9s
[726] size=19 budget= 1349 C1 valid=37 novel=37 | C2 uniq=25 | C3 draws= 1349 comp= 51 uniq= 51 novel= 51 pruned=   0 bt=133 cap= 1 | C4 pool=400 got=25 short=0 | 9.6s
[727] size= 9 budget=  352 C1 valid=64 novel= 7 | C2 uniq= 5 | C3 draws=  352 comp=  4 uniq=  4 novel=  0 pruned=   0 bt=290 cap= 3 | C4 pool=  8 got= 5 short=0 | 2.9s
[728] size=13 budget=  320 C1 valid=64 novel= 0 | C2 uniq= 1 | C3 draws=  320 comp=  1 uniq=  1 novel=  0 pruned=   0 bt=279 cap= 3 | C4 pool=  1 got= 1 short=0 | 2.6s
[729] size=19 budget=  326 C1 valid=62 novel= 0 | C2 uniq= 1 | C3 draws=  326 comp=  1 uniq=  1 novel=  0 pruned=   0 bt=282 cap= 4 | C4 pool=  1 got= 1 short=0 | 2.6s
[730] size=19 budget=  384 C1 valid=64 novel= 0 | C2 uniq= 1 | C3 draws=  384 comp=  1 uniq=  1 novel=  0 pruned=   0 bt=335 cap= 5 | C4 pool=  1 got= 1 short=0 | 3.1s
[731] size=13 budget=  832 C1 valid=64 novel=64 | C2 uniq= 1 | C3 draws=  832 comp=  1 uniq=  1 novel=  1 pruned=   0 bt=670 cap=10 | C4 pool=  2 got= 1 short=0 | 7.4s
[732] size=19 budget=  512 C1 valid=64 novel= 0 | C2 uniq= 1 | C3 draws=  512 comp=  1 uniq=  1 novel=  0 pruned=   0 bt=447 cap= 6 | C4 pool=  1 got= 1 short=0 | 4.3s
[733] size=17 budget=  506 C1 valid=63 novel=16 | C2 uniq= 9 | C3 draws=  506 comp=  4 uniq=  4 novel=  2 pruned=   0 bt=408 cap= 6 | C4 pool= 51 got= 9 short=0 | 4.0s
[734] size=15 budget=  795 C1 valid=63 novel=63 | C2 uniq= 3 | C3 draws=  795 comp= 10 uniq= 10 novel= 10 pruned=   0 bt=569 cap= 4 | C4 pool=  9 got= 3 short=0 | 6.7s
[735] size=11 budget=  356 C1 valid=64 novel= 0 | C2 uniq= 2 | C3 draws=  356 comp=  2 uniq=  2 novel=  0 pruned=   0 bt=305 cap= 4 | C4 pool=  2 got= 2 short=0 | 2.9s
[736] size=19 budget=  562 C1 valid=59 novel=13 | C2 uniq=15 | C3 draws=  562 comp= 18 uniq= 18 novel= 13 pruned=   0 bt=295 cap= 3 | C4 pool=400 got=15 short=0 | 4.2s
[737] size=11 budget=  256 C1 valid=64 novel= 0 | C2 uniq= 1 | C3 draws=  256 comp=  1 uniq=  1 novel=  0 pruned=   0 bt=225 cap= 3 | C4 pool=  1 got= 1 short=0 | 2.1s
[738] size= 7 budget=  347 C1 valid=64 novel= 0 | C2 uniq= 6 | C3 draws=  347 comp=  5 uniq=  5 novel=  0 pruned=   0 bt=284 cap= 3 | C4 pool=  6 got= 6 short=0 | 2.7s
[739] size=15 budget=  384 C1 valid=64 novel= 0 | C2 uniq= 1 | C3 draws=  384 comp=  1 uniq=  1 novel=  0 pruned=   0 bt=338 cap= 4 | C4 pool=  1 got= 1 short=0 | 3.1s
[740] size=11 budget=  256 C1 valid=64 novel= 0 | C2 uniq= 1 | C3 draws=  256 comp=  1 uniq=  1 novel=  0 pruned=   0 bt=225 cap= 3 | C4 pool=  1 got= 1 short=0 | 2.1s
[741] size=15 budget=  779 C1 valid=63 novel=48 | C2 uniq=18 | C3 draws=  779 comp=  7 uniq=  7 novel=  5 pruned=   0 bt=582 cap= 8 | C4 pool=261 got=18 short=0 | 6.5s
[742] size=13 budget=  320 C1 valid=64 novel= 0 | C2 uniq= 1 | C3 draws=  320 comp=  1 uniq=  1 novel=  0 pruned=   0 bt=279 cap= 3 | C4 pool=  1 got= 1 short=0 | 2.6s
[743] size=15 budget=  805 C1 valid=63 novel=63 | C2 uniq= 6 | C3 draws=  805 comp=  4 uniq=  4 novel=  4 pruned=   0 bt=653 cap= 9 | C4 pool=  6 got= 6 short=0 | 6.9s
[744] size=15 budget=  634 C1 valid=53 novel=17 | C2 uniq=10 | C3 draws=  634 comp=  8 uniq=  8 novel=  3 pruned=   0 bt=462 cap= 6 | C4 pool=400 got=10 short=0 | 5.1s
[745] size=19 budget=  958 C1 valid=59 novel=59 | C2 uniq=17 | C3 draws=  958 comp= 36 uniq= 36 novel= 36 pruned=   0 bt=306 cap= 1 | C4 pool=400 got=17 short=0 | 7.0s
[746] size=17 budget=  448 C1 valid=64 novel= 0 | C2 uniq= 1 | C3 draws=  448 comp=  1 uniq=  1 novel=  0 pruned=   0 bt=387 cap= 5 | C4 pool=  1 got= 1 short=0 | 3.7s
[747] size=11 budget=  448 C1 valid=64 novel= 0 | C2 uniq= 1 | C3 draws=  448 comp=  1 uniq=  1 novel=  0 pruned=   0 bt=393 cap= 5 | C4 pool=  1 got= 1 short=0 | 3.6s
[748] size=19 budget=  724 C1 valid=56 novel= 0 | C2 uniq= 5 | C3 draws=  724 comp=  6 uniq=  6 novel=  2 pruned=   0 bt=546 cap= 8 | C4 pool= 11 got= 5 short=0 | 5.9s
[749] size=11 budget=  619 C1 valid=64 novel=43 | C2 uniq= 3 | C3 draws=  619 comp=  3 uniq=  3 novel=  2 pruned=   0 bt=497 cap= 7 | C4 pool=  3 got= 3 short=0 | 5.3s
[750] size=17 budget=  551 C1 valid=64 novel= 0 | C2 uniq= 3 | C3 draws=  551 comp=  3 uniq=  3 novel=  0 pruned=   0 bt=456 cap= 6 | C4 pool=  3 got= 3 short=0 | 4.7s
[751] size=13 budget=  577 C1 valid=64 novel=35 | C2 uniq=14 | C3 draws=  577 comp= 13 uniq= 13 novel=  7 pruned=   0 bt=396 cap= 5 | C4 pool= 24 got=14 short=0 | 4.6s
[752] size=15 budget=  455 C1 valid=64 novel=11 | C2 uniq= 7 | C3 draws=  455 comp=  4 uniq=  4 novel=  0 pruned=   0 bt=379 cap= 5 | C4 pool=  8 got= 7 short=0 | 3.6s
[753] size=15 budget= 1156 C1 valid=64 novel=64 | C2 uniq=31 | C3 draws= 1156 comp= 17 uniq= 17 novel= 17 pruned=   0 bt=654 cap=10 | C4 pool=400 got=31 short=0 | 10.2s
[754] size= 9 budget=  570 C1 valid=64 novel= 0 | C2 uniq= 3 | C3 draws=  570 comp=  3 uniq=  3 novel=  0 pruned=   0 bt=473 cap= 6 | C4 pool=  3 got= 3 short=0 | 4.8s
[755] size= 9 budget=  470 C1 valid=63 novel= 0 | C2 uniq= 4 | C3 draws=  470 comp=  4 uniq=  4 novel=  0 pruned=   0 bt=377 cap= 5 | C4 pool=  4 got= 4 short=0 | 3.8s
[756] size=15 budget=  576 C1 valid=64 novel=64 | C2 uniq= 1 | C3 draws=  576 comp=  1 uniq=  1 novel=  1 pruned=   0 bt=479 cap= 7 | C4 pool=  1 got= 1 short=0 | 4.9s
[757] size=17 budget=  971 C1 valid=30 novel=26 | C2 uniq=20 | C3 draws=  971 comp= 10 uniq= 10 novel=  9 pruned=   0 bt=644 cap=10 | C4 pool=400 got=20 short=0 | 8.7s
[758] size= 9 budget=  326 C1 valid=64 novel= 7 | C2 uniq= 5 | C3 draws=  326 comp=  3 uniq=  3 novel=  0 pruned=   0 bt=275 cap= 3 | C4 pool=  5 got= 5 short=0 | 2.6s
[759] size=19 budget=  561 C1 valid=45 novel= 0 | C2 uniq= 1 | C3 draws=  561 comp=  1 uniq=  1 novel=  0 pruned=   0 bt=483 cap= 7 | C4 pool=  1 got= 1 short=0 | 4.6s
[760] size=13 budget=  704 C1 valid=64 novel=64 | C2 uniq= 1 | C3 draws=  704 comp=  1 uniq=  1 novel=  1 pruned=   0 bt=585 cap= 8 | C4 pool=  1 got= 1 short=0 | 6.0s
[761] size=11 budget=  384 C1 valid=64 novel= 0 | C2 uniq= 1 | C3 draws=  384 comp=  1 uniq=  1 novel=  0 pruned=   0 bt=337 cap= 4 | C4 pool=  1 got= 1 short=0 | 3.1s
[762] size= 9 budget= 1016 C1 valid=62 novel=52 | C2 uniq=46 | C3 draws= 1016 comp= 53 uniq= 53 novel= 51 pruned=   0 bt= 17 cap= 0 | C4 pool=400 got=46 short=0 | 6.6s
[763] size= 9 budget=  582 C1 valid=63 novel=43 | C2 uniq= 9 | C3 draws=  582 comp=  7 uniq=  7 novel=  6 pruned=   0 bt=435 cap= 5 | C4 pool=187 got= 9 short=0 | 4.8s
[764] size= 9 budget=  576 C1 valid=64 novel= 0 | C2 uniq= 1 | C3 draws=  576 comp=  1 uniq=  1 novel=  0 pruned=   0 bt=496 cap= 6 | C4 pool=  2 got= 1 short=0 | 4.9s
[765] size=13 budget=  501 C1 valid=63 novel=26 | C2 uniq= 7 | C3 draws=  501 comp=  5 uniq=  5 novel=  3 pruned=   0 bt=377 cap= 5 | C4 pool= 31 got= 7 short=0 | 4.3s
[766] size=15 budget=  631 C1 valid=61 novel=18 | C2 uniq=23 | C3 draws=  631 comp= 14 uniq= 14 novel=  9 pruned=   0 bt=371 cap= 4 | C4 pool=400 got=23 short=0 | 4.9s
[767] size=17 budget=  322 C1 valid=63 novel= 0 | C2 uniq= 1 | C3 draws=  322 comp=  1 uniq=  1 novel=  0 pruned=   0 bt=269 cap= 4 | C4 pool=  1 got= 1 short=0 | 2.7s
[768] size=17 budget=  529 C1 valid=60 novel=16 | C2 uniq= 3 | C3 draws=  529 comp=  7 uniq=  7 novel=  6 pruned=   0 bt=372 cap= 2 | C4 pool=  3 got= 3 short=0 | 4.6s
[769] size=17 budget=  575 C1 valid=23 novel=21 | C2 uniq= 2 | C3 draws=  575 comp=  2 uniq=  2 novel=  1 pruned=   0 bt=490 cap= 7 | C4 pool=  2 got= 2 short=0 | 4.6s
[770] size=17 budget=  410 C1 valid=44 novel= 6 | C2 uniq= 4 | C3 draws=  410 comp=  1 uniq=  1 novel=  0 pruned=   0 bt=351 cap= 5 | C4 pool=  4 got= 4 short=0 | 3.3s
[771] size=19 budget=  448 C1 valid=64 novel= 0 | C2 uniq= 1 | C3 draws=  448 comp=  1 uniq=  1 novel=  0 pruned=   0 bt=393 cap= 5 | C4 pool=  1 got= 1 short=0 | 3.6s
[772] size=15 budget=  256 C1 valid=64 novel= 0 | C2 uniq= 1 | C3 draws=  256 comp=  1 uniq=  1 novel=  0 pruned=   0 bt=219 cap= 3 | C4 pool=  1 got= 1 short=0 | 2.0s
[773] size=15 budget=  647 C1 valid=62 novel=54 | C2 uniq= 3 | C3 draws=  647 comp=  3 uniq=  3 novel=  2 pruned=   0 bt=538 cap= 7 | C4 pool=  3 got= 3 short=0 | 5.7s
[774] size= 9 budget=  320 C1 valid=64 novel= 0 | C2 uniq= 1 | C3 draws=  320 comp=  1 uniq=  1 novel=  0 pruned=   0 bt=279 cap= 3 | C4 pool=  1 got= 1 short=0 | 2.6s
[775] size=17 budget=  576 C1 valid=64 novel= 0 | C2 uniq= 1 | C3 draws=  576 comp=  1 uniq=  1 novel=  0 pruned=   0 bt=487 cap= 7 | C4 pool=  1 got= 1 short=0 | 4.8s
[776] size=11 budget=  504 C1 valid=64 novel= 0 | C2 uniq= 6 | C3 draws=  504 comp=  4 uniq=  4 novel=  0 pruned=   0 bt=406 cap= 5 | C4 pool=  8 got= 6 short=0 | 4.2s
[777] size=19 budget= 1119 C1 valid=60 novel=60 | C2 uniq=11 | C3 draws= 1119 comp=  8 uniq=  8 novel=  8 pruned=   0 bt=742 cap=13 | C4 pool= 32 got=11 short=0 | 9.9s
[778] size=13 budget=  883 C1 valid=38 novel=36 | C2 uniq=14 | C3 draws=  883 comp=  7 uniq=  7 novel=  7 pruned=   0 bt=643 cap= 9 | C4 pool=400 got=14 short=0 | 7.7s
[779] size=13 budget=  320 C1 valid=64 novel= 0 | C2 uniq= 1 | C3 draws=  320 comp=  1 uniq=  1 novel=  0 pruned=   0 bt=279 cap= 3 | C4 pool=  1 got= 1 short=0 | 2.6s
[780] size=15 budget=  721 C1 valid=50 novel=10 | C2 uniq= 7 | C3 draws=  721 comp=  5 uniq=  5 novel=  2 pruned=   0 bt=569 cap= 8 | C4 pool= 27 got= 7 short=0 | 5.8s
[781] size=11 budget=  410 C1 valid=64 novel=14 | C2 uniq= 3 | C3 draws=  410 comp=  4 uniq=  4 novel=  1 pruned=   0 bt=333 cap= 4 | C4 pool=  4 got= 3 short=0 | 3.3s
[782] size=19 budget= 1165 C1 valid=58 novel=47 | C2 uniq=36 | C3 draws= 1165 comp= 28 uniq= 28 novel= 27 pruned=   0 bt=506 cap= 6 | C4 pool=400 got=36 short=0 | 9.1s
[783] size=11 budget=  644 C1 valid=64 novel=23 | C2 uniq=10 | C3 draws=  644 comp=  4 uniq=  4 novel=  3 pruned=   0 bt=527 cap= 7 | C4 pool= 87 got=10 short=0 | 5.2s
[784] size=15 budget=  917 C1 valid=53 novel=31 | C2 uniq=28 | C3 draws=  917 comp= 11 uniq= 11 novel=  8 pruned=   0 bt=681 cap= 8 | C4 pool=400 got=28 short=0 | 7.6s
[785] size=11 budget=  949 C1 valid=57 novel=31 | C2 uniq=24 | C3 draws=  949 comp= 20 uniq= 20 novel= 18 pruned=   0 bt=483 cap= 6 | C4 pool=400 got=24 short=0 | 8.2s
[786] size=15 budget=  597 C1 valid=64 novel=22 | C2 uniq=13 | C3 draws=  597 comp=  6 uniq=  6 novel=  4 pruned=   0 bt=469 cap= 6 | C4 pool=400 got=13 short=0 | 4.8s
[787] size=19 budget=  384 C1 valid=64 novel= 0 | C2 uniq= 1 | C3 draws=  384 comp=  1 uniq=  1 novel=  0 pruned=   0 bt=335 cap= 5 | C4 pool=  1 got= 1 short=0 | 3.1s
[788] size=15 budget=  437 C1 valid=64 novel= 7 | C2 uniq= 5 | C3 draws=  437 comp=  5 uniq=  5 novel=  1 pruned=   0 bt=356 cap= 5 | C4 pool=  6 got= 5 short=0 | 3.5s
[789] size= 9 budget=  384 C1 valid=64 novel= 0 | C2 uniq= 1 | C3 draws=  384 comp=  1 uniq=  1 novel=  0 pruned=   0 bt=333 cap= 4 | C4 pool=  2 got= 1 short=0 | 3.1s
[790] size=19 budget=  840 C1 valid=34 novel=29 | C2 uniq= 6 | C3 draws=  840 comp=  7 uniq=  7 novel=  5 pruned=   0 bt=626 cap= 9 | C4 pool=  4 got= 4 short=2 | 7.1s
[791] size=11 budget=  448 C1 valid=64 novel= 0 | C2 uniq= 1 | C3 draws=  448 comp=  1 uniq=  1 novel=  0 pruned=   0 bt=393 cap= 5 | C4 pool=  1 got= 1 short=0 | 3.6s
[792] size=15 budget=  384 C1 valid=64 novel= 0 | C2 uniq= 2 | C3 draws=  384 comp=  2 uniq=  2 novel=  0 pruned=   0 bt=331 cap= 4 | C4 pool=  2 got= 2 short=0 | 3.1s
[793] size=17 budget=  320 C1 valid=64 novel= 0 | C2 uniq= 1 | C3 draws=  320 comp=  1 uniq=  1 novel=  0 pruned=   0 bt=273 cap= 4 | C4 pool=  1 got= 1 short=0 | 2.6s
[794] size=11 budget=  713 C1 valid=57 novel= 0 | C2 uniq= 2 | C3 draws=  713 comp=  2 uniq=  2 novel=  0 pruned=   0 bt=559 cap= 8 | C4 pool=  2 got= 2 short=0 | 6.4s
[795] size=15 budget=  330 C1 valid=64 novel= 0 | C2 uniq= 6 | C3 draws=  330 comp=  3 uniq=  3 novel=  0 pruned=   0 bt=282 cap= 3 | C4 pool=  7 got= 6 short=0 | 2.6s
[796] size=19 budget= 1317 C1 valid=35 novel=29 | C2 uniq=20 | C3 draws= 1317 comp= 36 uniq= 36 novel= 35 pruned=   0 bt=448 cap= 5 | C4 pool=400 got=20 short=0 | 10.5s
[797] size=15 budget= 2096 C1 valid=49 novel=49 | C2 uniq=46 | C3 draws= 2096 comp= 61 uniq= 61 novel= 61 pruned=   0 bt= 41 cap= 1 | C4 pool=400 got=46 short=0 | 16.5s
[798] size= 9 budget=  384 C1 valid=64 novel= 0 | C2 uniq= 1 | C3 draws=  384 comp=  1 uniq=  1 novel=  0 pruned=   0 bt=333 cap= 4 | C4 pool=  1 got= 1 short=0 | 3.1s
[799] size=13 budget=  256 C1 valid=64 novel= 0 | C2 uniq= 1 | C3 draws=  256 comp=  1 uniq=  1 novel=  0 pruned=   0 bt=217 cap= 3 | C4 pool=  1 got= 1 short=0 | 2.1s
[800] size= 9 budget=  304 C1 valid=64 novel= 0 | C2 uniq= 2 | C3 draws=  304 comp=  1 uniq=  1 novel=  0 pruned=   0 bt=263 cap= 3 | C4 pool=  2 got= 2 short=0 | 2.5s
[801] size=13 budget=  384 C1 valid=64 novel= 0 | C2 uniq= 1 | C3 draws=  384 comp=  1 uniq=  1 novel=  0 pruned=   0 bt=333 cap= 4 | C4 pool=  1 got= 1 short=0 | 3.1s
[802] size= 9 budget=  320 C1 valid=64 novel= 0 | C2 uniq= 1 | C3 draws=  320 comp=  1 uniq=  1 novel=  0 pruned=   0 bt=279 cap= 3 | C4 pool=  1 got= 1 short=0 | 2.6s
[803] size=19 budget= 1041 C1 valid=49 novel=49 | C2 uniq=18 | C3 draws= 1041 comp= 11 uniq= 11 novel= 11 pruned=   0 bt=664 cap=10 | C4 pool=400 got=18 short=0 | 9.0s
[804] size=15 budget=  572 C1 valid=64 novel= 7 | C2 uniq=15 | C3 draws=  572 comp=  3 uniq=  3 novel=  1 pruned=   0 bt=481 cap= 6 | C4 pool=400 got=15 short=0 | 4.9s
[805] size=13 budget=  900 C1 valid=64 novel=50 | C2 uniq=18 | C3 draws=  900 comp= 10 uniq= 10 novel=  8 pruned=   0 bt=604 cap= 9 | C4 pool= 97 got=18 short=0 | 7.6s
[806] size= 9 budget=  371 C1 valid=64 novel= 0 | C2 uniq= 7 | C3 draws=  371 comp=  6 uniq=  6 novel=  0 pruned=   0 bt=299 cap= 3 | C4 pool=  7 got= 7 short=0 | 2.9s
[807] size=19 budget=  950 C1 valid=61 novel=20 | C2 uniq=19 | C3 draws=  950 comp= 12 uniq= 12 novel=  8 pruned=   0 bt=672 cap= 6 | C4 pool=400 got=19 short=0 | 8.1s
[808] size=13 budget=  732 C1 valid=64 novel=27 | C2 uniq= 5 | C3 draws=  732 comp=  4 uniq=  4 novel=  3 pruned=   0 bt=598 cap= 7 | C4 pool=  9 got= 5 short=0 | 6.1s
[809] size=19 budget=  859 C1 valid=60 novel=24 | C2 uniq=20 | C3 draws=  859 comp=  9 uniq=  9 novel=  6 pruned=   0 bt=628 cap= 9 | C4 pool=400 got=20 short=0 | 7.2s
[810] size=19 budget= 1218 C1 valid=63 novel=63 | C2 uniq=14 | C3 draws= 1218 comp= 21 uniq= 21 novel= 21 pruned=   0 bt=681 cap= 4 | C4 pool=400 got=14 short=0 | 11.1s
[811] size=13 budget=  390 C1 valid=63 novel= 0 | C2 uniq= 1 | C3 draws=  390 comp=  1 uniq=  1 novel=  0 pruned=   0 bt=338 cap= 4 | C4 pool=  1 got= 1 short=0 | 3.3s
[812] size=13 budget=  515 C1 valid=63 novel=31 | C2 uniq= 5 | C3 draws=  515 comp= 26 uniq= 26 novel= 24 pruned=   0 bt=154 cap= 0 | C4 pool= 28 got= 5 short=0 | 3.4s
[813] size=15 budget=  912 C1 valid=64 novel=23 | C2 uniq=23 | C3 draws=  912 comp= 20 uniq= 20 novel= 12 pruned=   0 bt=493 cap= 6 | C4 pool=400 got=23 short=0 | 7.4s
[814] size= 9 budget=  384 C1 valid=64 novel= 0 | C2 uniq= 1 | C3 draws=  384 comp=  1 uniq=  1 novel=  0 pruned=   0 bt=333 cap= 4 | C4 pool=  1 got= 1 short=0 | 3.1s
[815] size=19 budget=  320 C1 valid=64 novel= 0 | C2 uniq= 1 | C3 draws=  320 comp=  1 uniq=  1 novel=  0 pruned=   0 bt=274 cap= 4 | C4 pool=  1 got= 1 short=0 | 2.6s
[816] size=19 budget=  512 C1 valid=64 novel=64 | C2 uniq= 1 | C3 draws=  512 comp=  2 uniq=  2 novel=  2 pruned=   0 bt=448 cap= 6 | C4 pool=  2 got= 1 short=0 | 4.1s
[817] size=13 budget=  384 C1 valid=64 novel= 0 | C2 uniq= 1 | C3 draws=  384 comp=  1 uniq=  1 novel=  0 pruned=   0 bt=333 cap= 4 | C4 pool=  1 got= 1 short=0 | 3.1s
[818] size=19 budget=  576 C1 valid=64 novel= 0 | C2 uniq= 1 | C3 draws=  576 comp=  1 uniq=  1 novel=  0 pruned=   0 bt=479 cap= 7 | C4 pool=  1 got= 1 short=0 | 4.8s
[819] size=11 budget=  512 C1 valid=64 novel= 0 | C2 uniq= 1 | C3 draws=  512 comp=  1 uniq=  1 novel=  0 pruned=   0 bt=432 cap= 6 | C4 pool=  1 got= 1 short=0 | 4.3s
[820] size=11 budget=  384 C1 valid=64 novel= 0 | C2 uniq= 1 | C3 draws=  384 comp=  1 uniq=  1 novel=  0 pruned=   0 bt=337 cap= 4 | C4 pool=  1 got= 1 short=0 | 3.1s
[821] size= 9 budget=  384 C1 valid=51 novel= 0 | C2 uniq= 2 | C3 draws=  384 comp=  2 uniq=  2 novel=  0 pruned=   0 bt=327 cap= 4 | C4 pool=  2 got= 2 short=0 | 3.1s
[822] size=17 budget=  444 C1 valid=64 novel= 0 | C2 uniq= 3 | C3 draws=  444 comp=  3 uniq=  3 novel=  0 pruned=   0 bt=369 cap= 5 | C4 pool=  3 got= 3 short=0 | 3.6s
[823] size=15 budget=  403 C1 valid=64 novel= 0 | C2 uniq= 5 | C3 draws=  403 comp=  3 uniq=  3 novel=  0 pruned=   0 bt=342 cap= 4 | C4 pool=  6 got= 5 short=0 | 3.2s
[824] size=15 budget=  612 C1 valid=62 novel=22 | C2 uniq= 3 | C3 draws=  612 comp=  4 uniq=  4 novel=  2 pruned=   0 bt=503 cap= 7 | C4 pool=  5 got= 3 short=0 | 5.0s
[825] size=11 budget=  798 C1 valid=64 novel=41 | C2 uniq=37 | C3 draws=  798 comp= 15 uniq= 15 novel= 11 pruned=   0 bt=513 cap= 6 | C4 pool=400 got=37 short=0 | 6.3s
[826] size=19 budget=  704 C1 valid=64 novel=64 | C2 uniq= 1 | C3 draws=  704 comp=  1 uniq=  1 novel=  1 pruned=   0 bt=563 cap= 9 | C4 pool=  1 got= 1 short=0 | 6.2s
[827] size=19 budget=  876 C1 valid=55 novel=55 | C2 uniq= 2 | C3 draws=  876 comp=  2 uniq=  2 novel=  2 pruned=   0 bt=671 cap=11 | C4 pool=  2 got= 2 short=0 | 7.8s
[828] size=19 budget=  860 C1 valid=50 novel= 0 | C2 uniq= 1 | C3 draws=  860 comp=  1 uniq=  1 novel=  0 pruned=   0 bt=697 cap=11 | C4 pool=  1 got= 1 short=0 | 7.5s
[829] size=17 budget=  868 C1 valid=63 novel=63 | C2 uniq=11 | C3 draws=  868 comp= 15 uniq= 15 novel= 15 pruned=   0 bt=562 cap= 3 | C4 pool=232 got=11 short=0 | 7.3s
[830] size=17 budget=  734 C1 valid=11 novel=11 | C2 uniq= 2 | C3 draws=  734 comp=  4 uniq=  4 novel=  4 pruned=   0 bt=604 cap= 7 | C4 pool=  1 got= 1 short=1 | 6.1s
[831] size=19 budget=  386 C1 valid=64 novel= 0 | C2 uniq= 2 | C3 draws=  386 comp=  2 uniq=  2 novel=  0 pruned=   0 bt=335 cap= 4 | C4 pool=  2 got= 2 short=0 | 3.1s
[832] size=11 budget=  510 C1 valid=64 novel=17 | C2 uniq=18 | C3 draws=  510 comp= 11 uniq= 11 novel=  9 pruned=   0 bt=328 cap= 4 | C4 pool=400 got=18 short=0 | 4.0s
[833] size=19 budget= 1041 C1 valid=38 novel=38 | C2 uniq=11 | C3 draws= 1041 comp= 24 uniq= 24 novel= 24 pruned=   0 bt=513 cap= 5 | C4 pool=400 got=11 short=0 | 8.2s
[834] size=15 budget=  621 C1 valid=64 novel= 5 | C2 uniq= 8 | C3 draws=  621 comp=  4 uniq=  4 novel=  0 pruned=   0 bt=504 cap= 7 | C4 pool=352 got= 8 short=0 | 5.9s
[835] size=17 budget=  640 C1 valid=64 novel= 0 | C2 uniq= 1 | C3 draws=  640 comp=  1 uniq=  1 novel=  0 pruned=   0 bt=539 cap= 8 | C4 pool=  1 got= 1 short=0 | 5.4s
[836] size=17 budget=  384 C1 valid=64 novel= 0 | C2 uniq= 1 | C3 draws=  384 comp=  1 uniq=  1 novel=  0 pruned=   0 bt=334 cap= 4 | C4 pool=  1 got= 1 short=0 | 3.1s
[837] size=17 budget=  384 C1 valid=64 novel= 0 | C2 uniq= 1 | C3 draws=  384 comp=  1 uniq=  1 novel=  0 pruned=   0 bt=334 cap= 4 | C4 pool=  2 got= 1 short=0 | 3.1s
[838] size=11 budget= 1061 C1 valid=62 novel=60 | C2 uniq=47 | C3 draws= 1061 comp= 32 uniq= 32 novel= 31 pruned=   0 bt=430 cap= 6 | C4 pool=400 got=47 short=0 | 8.0s
[839] size=15 budget=  704 C1 valid=64 novel=64 | C2 uniq= 1 | C3 draws=  704 comp=  1 uniq=  1 novel=  1 pruned=   0 bt=585 cap= 8 | C4 pool=  2 got= 1 short=0 | 6.0s
[840] size=11 budget=  384 C1 valid=64 novel= 0 | C2 uniq= 1 | C3 draws=  384 comp=  1 uniq=  1 novel=  0 pruned=   0 bt=337 cap= 4 | C4 pool=  1 got= 1 short=0 | 3.1s
[841] size=15 budget=  663 C1 valid=57 novel=25 | C2 uniq=10 | C3 draws=  663 comp=  6 uniq=  6 novel=  5 pruned=   0 bt=492 cap= 7 | C4 pool= 64 got=10 short=0 | 5.4s
[842] size=19 budget=  611 C1 valid=35 novel= 2 | C2 uniq= 3 | C3 draws=  611 comp=  3 uniq=  3 novel=  1 pruned=   0 bt=477 cap= 7 | C4 pool=  6 got= 3 short=0 | 5.3s
[843] size=17 budget=  996 C1 valid=64 novel=16 | C2 uniq=11 | C3 draws=  996 comp=  8 uniq=  8 novel=  4 pruned=   0 bt=664 cap=11 | C4 pool= 87 got=11 short=0 | 8.8s
[844] size=19 budget=  561 C1 valid=61 novel= 0 | C2 uniq= 4 | C3 draws=  561 comp=  3 uniq=  3 novel=  0 pruned=   0 bt=452 cap= 7 | C4 pool=  6 got= 4 short=0 | 4.7s
[845] size=19 budget=  717 C1 valid=64 novel=60 | C2 uniq=17 | C3 draws=  717 comp= 41 uniq= 41 novel= 40 pruned=   0 bt=102 cap= 0 | C4 pool= 97 got=17 short=0 | 4.5s
[846] size=13 budget=  551 C1 valid=62 novel= 9 | C2 uniq=16 | C3 draws=  551 comp= 16 uniq= 16 novel= 10 pruned=   0 bt=230 cap= 2 | C4 pool=400 got=16 short=0 | 4.5s
[847] size=15 budget=  560 C1 valid=64 novel=17 | C2 uniq=11 | C3 draws=  560 comp= 10 uniq= 10 novel=  6 pruned=   0 bt=397 cap= 5 | C4 pool= 12 got=11 short=0 | 4.4s
[848] size=11 budget=  434 C1 valid=63 novel= 0 | C2 uniq= 2 | C3 draws=  434 comp=  2 uniq=  2 novel=  0 pruned=   0 bt=375 cap= 5 | C4 pool=  2 got= 2 short=0 | 3.5s
[849] size=11 budget=  320 C1 valid=64 novel= 0 | C2 uniq= 2 | C3 draws=  320 comp=  2 uniq=  2 novel=  0 pruned=   0 bt=279 cap= 3 | C4 pool=  2 got= 2 short=0 | 2.6s
[850] size=11 budget=  256 C1 valid=64 novel= 0 | C2 uniq= 1 | C3 draws=  256 comp=  1 uniq=  1 novel=  0 pruned=   0 bt=225 cap= 3 | C4 pool=  1 got= 1 short=0 | 2.1s
[851] size=11 budget=  320 C1 valid=64 novel= 0 | C2 uniq= 1 | C3 draws=  320 comp=  1 uniq=  1 novel=  0 pruned=   0 bt=283 cap= 3 | C4 pool=  1 got= 1 short=0 | 2.6s
[852] size=13 budget=  320 C1 valid=64 novel= 0 | C2 uniq= 1 | C3 draws=  320 comp=  1 uniq=  1 novel=  0 pruned=   0 bt=279 cap= 3 | C4 pool=  1 got= 1 short=0 | 2.6s
[853] size=15 budget=  354 C1 valid=63 novel= 5 | C2 uniq= 3 | C3 draws=  354 comp= 12 uniq= 12 novel= 11 pruned=   0 bt=176 cap= 2 | C4 pool=  7 got= 3 short=0 | 2.6s
[854] size=19 budget=  609 C1 valid=60 novel=26 | C2 uniq= 3 | C3 draws=  609 comp=  2 uniq=  2 novel=  1 pruned=   0 bt=515 cap= 7 | C4 pool=  3 got= 3 short=0 | 5.1s
[855] size=19 budget=  671 C1 valid=51 novel= 5 | C2 uniq= 9 | C3 draws=  671 comp=  8 uniq=  8 novel=  4 pruned=   0 bt=510 cap= 7 | C4 pool= 25 got= 9 short=0 | 5.4s
[856] size=19 budget=  390 C1 valid=64 novel= 1 | C2 uniq= 2 | C3 draws=  390 comp=  6 uniq=  6 novel=  5 pruned=   0 bt=240 cap= 2 | C4 pool=  4 got= 2 short=0 | 3.3s
[857] size=15 budget=  376 C1 valid=55 novel= 0 | C2 uniq= 1 | C3 draws=  376 comp=  1 uniq=  1 novel=  0 pruned=   0 bt=324 cap= 4 | C4 pool=  1 got= 1 short=0 | 3.2s
[858] size=15 budget=  256 C1 valid=64 novel= 0 | C2 uniq= 1 | C3 draws=  256 comp=  1 uniq=  1 novel=  0 pruned=   0 bt=219 cap= 3 | C4 pool=  1 got= 1 short=0 | 2.1s
[859] size= 9 budget=  530 C1 valid=64 novel=20 | C2 uniq=18 | C3 draws=  530 comp=  5 uniq=  5 novel=  2 pruned=   0 bt=433 cap= 5 | C4 pool=400 got=18 short=0 | 4.4s
[860] size=19 budget=  512 C1 valid=64 novel= 0 | C2 uniq= 1 | C3 draws=  512 comp=  1 uniq=  1 novel=  0 pruned=   0 bt=447 cap= 6 | C4 pool=  1 got= 1 short=0 | 4.1s
[861] size=17 budget=  332 C1 valid=64 novel= 7 | C2 uniq= 9 | C3 draws=  332 comp=  2 uniq=  2 novel=  0 pruned=   0 bt=278 cap= 4 | C4 pool= 16 got= 9 short=0 | 2.7s
[862] size=17 budget=  320 C1 valid=64 novel= 0 | C2 uniq= 1 | C3 draws=  320 comp=  1 uniq=  1 novel=  0 pruned=   0 bt=273 cap= 4 | C4 pool=  1 got= 1 short=0 | 2.6s
[863] size=17 budget=  645 C1 valid=64 novel=46 | C2 uniq=10 | C3 draws=  645 comp=  7 uniq=  7 novel=  5 pruned=   0 bt=494 cap= 7 | C4 pool= 11 got=10 short=0 | 5.2s
[864] size=19 budget=  886 C1 valid=64 novel=42 | C2 uniq= 6 | C3 draws=  886 comp=  7 uniq=  7 novel=  5 pruned=   0 bt=653 cap= 9 | C4 pool=  8 got= 6 short=0 | 7.7s
[865] size=13 budget=  449 C1 valid=63 novel= 0 | C2 uniq= 1 | C3 draws=  449 comp=  1 uniq=  1 novel=  0 pruned=   0 bt=388 cap= 5 | C4 pool=  1 got= 1 short=0 | 3.6s
[866] size=11 budget=  820 C1 valid=64 novel=10 | C2 uniq= 7 | C3 draws=  820 comp=  5 uniq=  5 novel=  2 pruned=   0 bt=581 cap= 8 | C4 pool= 23 got= 7 short=0 | 7.3s
[867] size=11 budget=  448 C1 valid=64 novel= 0 | C2 uniq= 1 | C3 draws=  448 comp=  1 uniq=  1 novel=  0 pruned=   0 bt=381 cap= 5 | C4 pool=  1 got= 1 short=0 | 3.7s
[868] size=11 budget=  384 C1 valid=64 novel= 0 | C2 uniq= 1 | C3 draws=  384 comp=  1 uniq=  1 novel=  0 pruned=   0 bt=337 cap= 4 | C4 pool=  1 got= 1 short=0 | 3.1s
[869] size=15 budget=  465 C1 valid=63 novel=11 | C2 uniq= 6 | C3 draws=  465 comp=  6 uniq=  6 novel=  1 pruned=   0 bt=367 cap= 5 | C4 pool=  8 got= 6 short=0 | 3.6s
[870] size=15 budget=  529 C1 valid=64 novel= 0 | C2 uniq= 3 | C3 draws=  529 comp=  3 uniq=  3 novel=  0 pruned=   0 bt=432 cap= 6 | C4 pool=  4 got= 3 short=0 | 4.4s
[871] size=17 budget=  648 C1 valid=63 novel=18 | C2 uniq= 7 | C3 draws=  648 comp=  2 uniq=  2 novel=  0 pruned=   0 bt=553 cap= 8 | C4 pool= 10 got= 7 short=0 | 5.2s
[872] size=19 budget=  516 C1 valid=57 novel= 0 | C2 uniq= 2 | C3 draws=  516 comp=  2 uniq=  2 novel=  0 pruned=   0 bt=450 cap= 6 | C4 pool=  2 got= 2 short=0 | 4.2s
[873] size=11 budget=  769 C1 valid=64 novel=64 | C2 uniq= 6 | C3 draws=  769 comp=  4 uniq=  4 novel=  4 pruned=   0 bt=605 cap= 8 | C4 pool=  6 got= 6 short=0 | 6.6s
[874] size=19 budget=  704 C1 valid=64 novel=64 | C2 uniq= 1 | C3 draws=  704 comp=  1 uniq=  1 novel=  1 pruned=   0 bt=573 cap= 9 | C4 pool=  1 got= 1 short=0 | 6.0s
[875] size=17 budget=  683 C1 valid=60 novel=23 | C2 uniq=10 | C3 draws=  683 comp=  5 uniq=  5 novel=  4 pruned=   0 bt=522 cap= 7 | C4 pool=159 got=10 short=0 | 5.9s
[876] size=11 budget=  320 C1 valid=64 novel= 0 | C2 uniq= 1 | C3 draws=  320 comp=  1 uniq=  1 novel=  0 pruned=   0 bt=283 cap= 3 | C4 pool=  1 got= 1 short=0 | 2.6s
[877] size=19 budget=  256 C1 valid=64 novel= 0 | C2 uniq= 1 | C3 draws=  256 comp=  1 uniq=  1 novel=  0 pruned=   0 bt=219 cap= 3 | C4 pool=  1 got= 1 short=0 | 2.1s
[878] size=15 budget= 1080 C1 valid=29 novel=29 | C2 uniq=17 | C3 draws= 1080 comp= 53 uniq= 53 novel= 53 pruned=   0 bt= 31 cap= 0 | C4 pool=400 got=17 short=0 | 7.2s
[879] size=13 budget=  358 C1 valid=64 novel= 0 | C2 uniq= 4 | C3 draws=  358 comp=  3 uniq=  3 novel=  0 pruned=   0 bt=294 cap= 4 | C4 pool=  4 got= 4 short=0 | 2.8s
[880] size=11 budget=  576 C1 valid=64 novel=64 | C2 uniq= 1 | C3 draws=  576 comp=  1 uniq=  1 novel=  1 pruned=   0 bt=482 cap= 6 | C4 pool=  1 got= 1 short=0 | 5.0s
[881] size= 9 budget=  616 C1 valid=56 novel=12 | C2 uniq=14 | C3 draws=  616 comp=  6 uniq=  6 novel=  3 pruned=   0 bt=472 cap= 6 | C4 pool=400 got=14 short=0 | 5.0s
[882] size=13 budget=  570 C1 valid=64 novel=64 | C2 uniq= 2 | C3 draws=  570 comp=  2 uniq=  2 novel=  2 pruned=   0 bt=477 cap= 6 | C4 pool=  2 got= 2 short=0 | 4.8s
[883] size=19 budget=  480 C1 valid=62 novel= 7 | C2 uniq= 4 | C3 draws=  480 comp=  3 uniq=  3 novel=  1 pruned=   0 bt=403 cap= 6 | C4 pool=  5 got= 4 short=0 | 3.8s
[884] size= 9 budget=  549 C1 valid=64 novel= 0 | C2 uniq= 2 | C3 draws=  549 comp=  2 uniq=  2 novel=  0 pruned=   0 bt=458 cap= 6 | C4 pool=  2 got= 2 short=0 | 4.6s
[885] size=15 budget=  925 C1 valid=58 novel=30 | C2 uniq=29 | C3 draws=  925 comp= 18 uniq= 18 novel= 15 pruned=   0 bt=509 cap= 7 | C4 pool=400 got=29 short=0 | 8.1s
[886] size= 9 budget=  320 C1 valid=64 novel= 0 | C2 uniq= 1 | C3 draws=  320 comp=  1 uniq=  1 novel=  0 pruned=   0 bt=279 cap= 3 | C4 pool=  1 got= 1 short=0 | 2.6s
[887] size=11 budget=  524 C1 valid=64 novel= 0 | C2 uniq= 2 | C3 draws=  524 comp=  2 uniq=  2 novel=  0 pruned=   0 bt=435 cap= 6 | C4 pool=  2 got= 2 short=0 | 4.5s
[888] size= 7 budget=  320 C1 valid=64 novel= 0 | C2 uniq= 2 | C3 draws=  320 comp=  2 uniq=  2 novel=  0 pruned=   0 bt=284 cap= 3 | C4 pool=  2 got= 2 short=0 | 2.6s
[889] size=15 budget=  384 C1 valid=64 novel= 0 | C2 uniq= 1 | C3 draws=  384 comp=  1 uniq=  1 novel=  0 pruned=   0 bt=338 cap= 4 | C4 pool=  1 got= 1 short=0 | 3.1s
[890] size=13 budget=  320 C1 valid=64 novel= 0 | C2 uniq= 1 | C3 draws=  320 comp=  1 uniq=  1 novel=  0 pruned=   0 bt=279 cap= 3 | C4 pool=  1 got= 1 short=0 | 2.6s
[891] size=19 budget=  517 C1 valid=64 novel= 5 | C2 uniq= 7 | C3 draws=  517 comp=  7 uniq=  7 novel=  2 pruned=   0 bt=411 cap= 5 | C4 pool=  9 got= 7 short=0 | 4.1s
[892] size=11 budget=  578 C1 valid=64 novel=37 | C2 uniq= 6 | C3 draws=  578 comp=  3 uniq=  3 novel=  1 pruned=   0 bt=485 cap= 6 | C4 pool= 60 got= 6 short=0 | 4.8s
[893] size=19 budget=  934 C1 valid= 3 novel= 0 | C2 uniq= 1 | C3 draws=  934 comp=  1 uniq=  1 novel=  0 pruned=   0 bt=811 cap=12 | C4 pool=  1 got= 1 short=0 | 7.7s
[894] size= 9 budget=  512 C1 valid=64 novel= 0 | C2 uniq= 2 | C3 draws=  512 comp=  2 uniq=  2 novel=  0 pruned=   0 bt=435 cap= 5 | C4 pool=  4 got= 2 short=0 | 4.3s
[895] size=13 budget=  363 C1 valid=64 novel= 0 | C2 uniq= 5 | C3 draws=  363 comp=  3 uniq=  3 novel=  0 pruned=   0 bt=302 cap= 4 | C4 pool=  6 got= 5 short=0 | 2.9s
[896] size= 9 budget=  366 C1 valid=64 novel= 0 | C2 uniq= 3 | C3 draws=  366 comp=  3 uniq=  3 novel=  0 pruned=   0 bt=305 cap= 4 | C4 pool=  3 got= 3 short=0 | 2.9s
[897] size=11 budget=  640 C1 valid=64 novel= 0 | C2 uniq= 1 | C3 draws=  640 comp=  1 uniq=  1 novel=  0 pruned=   0 bt=534 cap= 7 | C4 pool=  1 got= 1 short=0 | 5.4s
[898] size=13 budget=  560 C1 valid=64 novel=20 | C2 uniq= 3 | C3 draws=  560 comp=  4 uniq=  4 novel=  3 pruned=   0 bt=434 cap= 6 | C4 pool=  6 got= 3 short=0 | 4.6s
[899] size=15 budget=  379 C1 valid=60 novel= 0 | C2 uniq= 1 | C3 draws=  379 comp=  1 uniq=  1 novel=  0 pruned=   0 bt=333 cap= 4 | C4 pool=  1 got= 1 short=0 | 3.2s
[900] size=19 budget=  361 C1 valid=64 novel= 2 | C2 uniq= 5 | C3 draws=  361 comp=  5 uniq=  5 novel=  2 pruned=   0 bt=246 cap= 3 | C4 pool= 92 got= 5 short=0 | 3.0s
[901] size=15 budget=  408 C1 valid=24 novel= 0 | C2 uniq= 2 | C3 draws=  408 comp=  1 uniq=  1 novel=  0 pruned=   0 bt=355 cap= 5 | C4 pool=  2 got= 2 short=0 | 3.3s
[902] size=15 budget=  504 C1 valid=64 novel= 0 | C2 uniq= 2 | C3 draws=  504 comp=  2 uniq=  2 novel=  0 pruned=   0 bt=423 cap= 6 | C4 pool=  2 got= 2 short=0 | 4.1s
[903] size=15 budget=  363 C1 valid=64 novel= 0 | C2 uniq= 3 | C3 draws=  363 comp=  3 uniq=  3 novel=  0 pruned=   0 bt=306 cap= 4 | C4 pool=  3 got= 3 short=0 | 2.9s
[904] size=11 budget=  448 C1 valid=64 novel= 0 | C2 uniq= 1 | C3 draws=  448 comp=  1 uniq=  1 novel=  0 pruned=   0 bt=393 cap= 5 | C4 pool=  1 got= 1 short=0 | 3.6s
[905] size=13 budget=  750 C1 valid=64 novel=16 | C2 uniq= 3 | C3 draws=  750 comp=  3 uniq=  3 novel=  1 pruned=   0 bt=594 cap= 8 | C4 pool=  3 got= 3 short=0 | 6.5s
[906] size=15 budget=  320 C1 valid=64 novel= 0 | C2 uniq= 1 | C3 draws=  320 comp=  1 uniq=  1 novel=  0 pruned=   0 bt=282 cap= 3 | C4 pool=  1 got= 1 short=0 | 2.6s
[907] size=19 budget= 1254 C1 valid=61 novel=61 | C2 uniq= 6 | C3 draws= 1254 comp=  2 uniq=  2 novel=  2 pruned=   0 bt=921 cap=15 | C4 pool=  2 got= 2 short=4 | 11.5s
[908] size=11 budget=  384 C1 valid=64 novel= 0 | C2 uniq= 1 | C3 draws=  384 comp=  1 uniq=  1 novel=  0 pruned=   0 bt=337 cap= 4 | C4 pool=  1 got= 1 short=0 | 3.1s
[909] size=11 budget=  843 C1 valid=48 novel=16 | C2 uniq=16 | C3 draws=  843 comp= 39 uniq= 39 novel= 33 pruned=   0 bt=123 cap= 1 | C4 pool=400 got=16 short=0 | 5.7s
[910] size=17 budget=  665 C1 valid=60 novel=27 | C2 uniq= 2 | C3 draws=  665 comp=  2 uniq=  2 novel=  1 pruned=   0 bt=539 cap= 8 | C4 pool=  2 got= 2 short=0 | 5.6s
[911] size=19 budget=  320 C1 valid=64 novel= 0 | C2 uniq= 1 | C3 draws=  320 comp=  1 uniq=  1 novel=  0 pruned=   0 bt=274 cap= 4 | C4 pool=  1 got= 1 short=0 | 2.6s
[912] size= 9 budget=  544 C1 valid=63 novel=12 | C2 uniq= 7 | C3 draws=  544 comp=  5 uniq=  5 novel=  1 pruned=   0 bt=427 cap= 5 | C4 pool= 82 got= 7 short=0 | 4.4s
[913] size= 7 budget=  965 C1 valid=64 novel=49 | C2 uniq=49 | C3 draws=  965 comp= 27 uniq= 27 novel= 24 pruned=   0 bt=442 cap= 6 | C4 pool=400 got=49 short=0 | 7.5s
[914] size=17 budget=  563 C1 valid=64 novel=13 | C2 uniq=15 | C3 draws=  563 comp= 21 uniq= 21 novel= 15 pruned=   0 bt=164 cap= 0 | C4 pool=400 got=15 short=0 | 4.4s
[915] size=19 budget=  688 C1 valid=64 novel=29 | C2 uniq=25 | C3 draws=  688 comp=  9 uniq=  9 novel=  6 pruned=   0 bt=510 cap= 7 | C4 pool=400 got=25 short=0 | 5.5s
[916] size=11 budget= 1176 C1 valid=64 novel=59 | C2 uniq=56 | C3 draws= 1176 comp= 34 uniq= 34 novel= 33 pruned=   0 bt=409 cap= 6 | C4 pool=400 got=56 short=0 | 9.1s
[917] size=15 budget=  530 C1 valid=63 novel=29 | C2 uniq= 2 | C3 draws=  530 comp=  2 uniq=  2 novel=  1 pruned=   0 bt=443 cap= 6 | C4 pool=  2 got= 2 short=0 | 4.4s
[918] size=15 budget= 1153 C1 valid=44 novel=44 | C2 uniq=24 | C3 draws= 1153 comp= 15 uniq= 15 novel= 15 pruned=   0 bt=705 cap= 9 | C4 pool=400 got=24 short=0 | 10.1s
[919] size=17 budget=  639 C1 valid=63 novel=63 | C2 uniq= 2 | C3 draws=  639 comp=  1 uniq=  1 novel=  1 pruned=   0 bt=513 cap= 8 | C4 pool=  2 got= 2 short=0 | 5.6s
[920] size=11 budget=  435 C1 valid=64 novel= 0 | C2 uniq= 4 | C3 draws=  435 comp=  4 uniq=  4 novel=  0 pruned=   0 bt=357 cap= 4 | C4 pool=  4 got= 4 short=0 | 3.6s
[921] size=15 budget=  384 C1 valid=64 novel= 0 | C2 uniq= 1 | C3 draws=  384 comp=  1 uniq=  1 novel=  0 pruned=   0 bt=338 cap= 4 | C4 pool=  1 got= 1 short=0 | 3.1s
[922] size=11 budget=  448 C1 valid=64 novel= 0 | C2 uniq= 1 | C3 draws=  448 comp=  1 uniq=  1 novel=  0 pruned=   0 bt=393 cap= 5 | C4 pool=  1 got= 1 short=0 | 3.6s
[923] size= 9 budget=  870 C1 valid=62 novel=36 | C2 uniq=22 | C3 draws=  870 comp= 28 uniq= 28 novel= 27 pruned=   0 bt=246 cap= 2 | C4 pool=400 got=22 short=0 | 7.0s
[924] size= 9 budget=  492 C1 valid=64 novel= 5 | C2 uniq=11 | C3 draws=  492 comp= 18 uniq= 18 novel= 10 pruned=   0 bt=212 cap= 1 | C4 pool=400 got=11 short=0 | 3.9s
[925] size=15 budget=  691 C1 valid= 3 novel= 1 | C2 uniq= 2 | C3 draws=  691 comp= 12 uniq= 12 novel= 11 pruned=   0 bt=409 cap= 2 | C4 pool=400 got= 2 short=0 | 5.8s
[926] size=13 budget=  496 C1 valid=64 novel= 0 | C2 uniq= 2 | C3 draws=  496 comp=  2 uniq=  2 novel=  0 pruned=   0 bt=427 cap= 5 | C4 pool=  2 got= 2 short=0 | 4.0s
[927] size=17 budget=  438 C1 valid=64 novel= 0 | C2 uniq= 3 | C3 draws=  438 comp=  3 uniq=  3 novel=  0 pruned=   0 bt=363 cap= 5 | C4 pool=  3 got= 3 short=0 | 3.5s
[928] size=13 budget=  525 C1 valid=64 novel=13 | C2 uniq= 7 | C3 draws=  525 comp=  6 uniq=  6 novel=  1 pruned=   0 bt=423 cap= 5 | C4 pool= 12 got= 7 short=0 | 4.2s
[929] size= 9 budget=  322 C1 valid=64 novel= 0 | C2 uniq= 7 | C3 draws=  322 comp=  4 uniq=  4 novel=  0 pruned=   0 bt=269 cap= 3 | C4 pool=  7 got= 7 short=0 | 2.5s
[930] size=15 budget=  993 C1 valid=64 novel=40 | C2 uniq=22 | C3 draws=  993 comp= 17 uniq= 17 novel= 12 pruned=   0 bt=578 cap= 7 | C4 pool=400 got=22 short=0 | 9.1s
[931] size=17 budget= 1187 C1 valid=64 novel=64 | C2 uniq= 2 | C3 draws= 1187 comp=  2 uniq=  2 novel=  2 pruned=   0 bt=866 cap=14 | C4 pool=  2 got= 2 short=0 | 11.1s
[932] size=15 budget=  256 C1 valid=64 novel= 0 | C2 uniq= 1 | C3 draws=  256 comp=  1 uniq=  1 novel=  0 pruned=   0 bt=219 cap= 3 | C4 pool=  1 got= 1 short=0 | 2.1s
[933] size=17 budget=  499 C1 valid=61 novel=10 | C2 uniq= 4 | C3 draws=  499 comp=  4 uniq=  4 novel=  1 pruned=   0 bt=408 cap= 6 | C4 pool=  4 got= 4 short=0 | 4.0s
[934] size=13 budget=  384 C1 valid=64 novel= 0 | C2 uniq= 1 | C3 draws=  384 comp=  1 uniq=  1 novel=  0 pruned=   0 bt=333 cap= 4 | C4 pool=  1 got= 1 short=0 | 3.1s
[935] size=13 budget=  358 C1 valid=64 novel= 0 | C2 uniq= 3 | C3 draws=  358 comp=  2 uniq=  2 novel=  0 pruned=   0 bt=302 cap= 4 | C4 pool=  3 got= 3 short=0 | 2.9s
[936] size=13 budget= 1055 C1 valid=64 novel=32 | C2 uniq=37 | C3 draws= 1055 comp= 33 uniq= 33 novel= 24 pruned=   0 bt=368 cap= 3 | C4 pool=400 got=37 short=0 | 8.4s
[937] size=19 budget=  684 C1 valid=49 novel=24 | C2 uniq= 8 | C3 draws=  684 comp= 10 uniq= 10 novel=  7 pruned=   0 bt=466 cap= 7 | C4 pool=339 got= 8 short=0 | 5.7s
[938] size=15 budget=  320 C1 valid=64 novel= 0 | C2 uniq= 1 | C3 draws=  320 comp=  1 uniq=  1 novel=  0 pruned=   0 bt=282 cap= 3 | C4 pool=  1 got= 1 short=0 | 2.6s
[939] size=19 budget=  476 C1 valid=64 novel=16 | C2 uniq= 6 | C3 draws=  476 comp=  5 uniq=  5 novel=  2 pruned=   0 bt=386 cap= 5 | C4 pool=  6 got= 6 short=0 | 3.8s
[940] size=13 budget=  729 C1 valid=64 novel=11 | C2 uniq= 5 | C3 draws=  729 comp=  3 uniq=  3 novel=  0 pruned=   0 bt=572 cap= 8 | C4 pool=  5 got= 5 short=0 | 6.3s
[941] size=13 budget=  850 C1 valid=64 novel=50 | C2 uniq=26 | C3 draws=  850 comp= 18 uniq= 18 novel= 17 pruned=   0 bt=537 cap= 2 | C4 pool=400 got=26 short=0 | 6.9s
[942] size=19 budget=  426 C1 valid=64 novel=14 | C2 uniq= 2 | C3 draws=  426 comp=  2 uniq=  2 novel=  1 pruned=   0 bt=362 cap= 5 | C4 pool=  2 got= 2 short=0 | 3.5s
[943] size=19 budget=  448 C1 valid=64 novel= 0 | C2 uniq= 2 | C3 draws=  448 comp=  2 uniq=  2 novel=  0 pruned=   0 bt=385 cap= 5 | C4 pool=  2 got= 2 short=0 | 3.6s
[944] size=17 budget=  320 C1 valid=64 novel= 0 | C2 uniq= 1 | C3 draws=  320 comp=  1 uniq=  1 novel=  0 pruned=   0 bt=273 cap= 4 | C4 pool=  1 got= 1 short=0 | 2.6s
[945] size=19 budget=  320 C1 valid=64 novel= 0 | C2 uniq= 1 | C3 draws=  320 comp=  1 uniq=  1 novel=  0 pruned=   0 bt=274 cap= 4 | C4 pool=  1 got= 1 short=0 | 2.6s
[946] size=17 budget= 1025 C1 valid=64 novel=64 | C2 uniq=22 | C3 draws= 1025 comp= 11 uniq= 11 novel= 11 pruned=   0 bt=649 cap=10 | C4 pool= 28 got=22 short=0 | 9.0s
[947] size=17 budget=  510 C1 valid=62 novel=13 | C2 uniq=10 | C3 draws=  510 comp=  5 uniq=  5 novel=  2 pruned=   0 bt=403 cap= 5 | C4 pool= 31 got=10 short=0 | 4.2s
[948] size=11 budget=  418 C1 valid=64 novel= 0 | C2 uniq= 2 | C3 draws=  418 comp=  2 uniq=  2 novel=  0 pruned=   0 bt=360 cap= 4 | C4 pool=  2 got= 2 short=0 | 3.4s
[949] size=11 budget= 1516 C1 valid=64 novel=64 | C2 uniq=62 | C3 draws= 1516 comp= 66 uniq= 66 novel= 66 pruned=   0 bt= 12 cap= 0 | C4 pool=400 got=62 short=0 | 10.3s
[950] size=17 budget=  256 C1 valid=64 novel= 0 | C2 uniq= 1 | C3 draws=  256 comp=  1 uniq=  1 novel=  0 pruned=   0 bt=196 cap= 3 | C4 pool=  1 got= 1 short=0 | 2.2s
[951] size=13 budget=  256 C1 valid=64 novel= 0 | C2 uniq= 1 | C3 draws=  256 comp=  1 uniq=  1 novel=  0 pruned=   0 bt=217 cap= 3 | C4 pool=  1 got= 1 short=0 | 2.1s
[952] size=11 budget=  384 C1 valid=64 novel= 0 | C2 uniq= 1 | C3 draws=  384 comp=  1 uniq=  1 novel=  0 pruned=   0 bt=337 cap= 4 | C4 pool=  1 got= 1 short=0 | 3.1s
[953] size= 9 budget=  320 C1 valid=64 novel= 0 | C2 uniq= 1 | C3 draws=  320 comp=  1 uniq=  1 novel=  0 pruned=   0 bt=279 cap= 3 | C4 pool=  1 got= 1 short=0 | 2.6s
[954] size=15 budget=  909 C1 valid=57 novel=24 | C2 uniq=12 | C3 draws=  909 comp= 10 uniq= 10 novel=  8 pruned=   0 bt=602 cap= 8 | C4 pool= 73 got=12 short=0 | 7.8s
[955] size= 9 budget=  320 C1 valid=64 novel= 0 | C2 uniq= 1 | C3 draws=  320 comp=  1 uniq=  1 novel=  0 pruned=   0 bt=279 cap= 3 | C4 pool=  1 got= 1 short=0 | 2.6s
[956] size=13 budget=  360 C1 valid=64 novel= 0 | C2 uniq= 2 | C3 draws=  360 comp=  2 uniq=  2 novel=  0 pruned=   0 bt=304 cap= 4 | C4 pool=  2 got= 2 short=0 | 2.9s
[957] size=13 budget=  364 C1 valid=64 novel= 0 | C2 uniq= 2 | C3 draws=  364 comp=  2 uniq=  2 novel=  0 pruned=   0 bt=308 cap= 4 | C4 pool=  2 got= 2 short=0 | 2.9s
[958] size=17 budget= 1057 C1 valid=64 novel=62 | C2 uniq=38 | C3 draws= 1057 comp= 50 uniq= 50 novel= 48 pruned=   0 bt=173 cap= 0 | C4 pool=400 got=38 short=0 | 7.4s
[959] size=13 budget=  320 C1 valid=64 novel= 0 | C2 uniq= 1 | C3 draws=  320 comp=  1 uniq=  1 novel=  0 pruned=   0 bt=279 cap= 3 | C4 pool=  1 got= 1 short=0 | 2.6s
[960] size=17 budget=  592 C1 valid=62 novel=22 | C2 uniq=14 | C3 draws=  592 comp=  4 uniq=  4 novel=  3 pruned=   0 bt=476 cap= 7 | C4 pool=400 got=14 short=0 | 4.9s
[961] size=19 budget=  765 C1 valid=58 novel=23 | C2 uniq=16 | C3 draws=  765 comp= 15 uniq= 15 novel= 11 pruned=   0 bt=460 cap= 7 | C4 pool= 30 got=16 short=0 | 6.3s
[962] size=11 budget=  448 C1 valid=64 novel= 0 | C2 uniq= 1 | C3 draws=  448 comp=  1 uniq=  1 novel=  0 pruned=   0 bt=393 cap= 5 | C4 pool=  1 got= 1 short=0 | 3.6s
[963] size= 9 budget=  699 C1 valid=60 novel=20 | C2 uniq=18 | C3 draws=  699 comp=  8 uniq=  8 novel=  2 pruned=   0 bt=503 cap= 7 | C4 pool=400 got=18 short=0 | 6.0s
[964] size= 9 budget=  384 C1 valid=64 novel= 0 | C2 uniq= 1 | C3 draws=  384 comp=  1 uniq=  1 novel=  0 pruned=   0 bt=333 cap= 4 | C4 pool=  1 got= 1 short=0 | 3.1s
[965] size=11 budget=  419 C1 valid=64 novel= 0 | C2 uniq= 2 | C3 draws=  419 comp=  2 uniq=  2 novel=  0 pruned=   0 bt=365 cap= 4 | C4 pool=  2 got= 2 short=0 | 3.4s
[966] size= 9 budget=  256 C1 valid=64 novel= 0 | C2 uniq= 1 | C3 draws=  256 comp=  1 uniq=  1 novel=  0 pruned=   0 bt=225 cap= 2 | C4 pool=  1 got= 1 short=0 | 2.1s
[967] size= 9 budget=  931 C1 valid=64 novel=46 | C2 uniq=35 | C3 draws=  931 comp= 21 uniq= 21 novel= 18 pruned=   0 bt=484 cap= 7 | C4 pool=400 got=35 short=0 | 7.6s
[968] size=11 budget=  448 C1 valid=64 novel= 0 | C2 uniq= 1 | C3 draws=  448 comp=  1 uniq=  1 novel=  0 pruned=   0 bt=381 cap= 5 | C4 pool=  1 got= 1 short=0 | 3.7s
[969] size=19 budget=  577 C1 valid=62 novel=25 | C2 uniq= 5 | C3 draws=  577 comp=  7 uniq=  7 novel=  5 pruned=   0 bt=449 cap= 4 | C4 pool= 10 got= 5 short=0 | 4.6s
[970] size= 7 budget=  320 C1 valid=64 novel= 0 | C2 uniq= 1 | C3 draws=  320 comp=  1 uniq=  1 novel=  0 pruned=   0 bt=288 cap= 3 | C4 pool=  1 got= 1 short=0 | 2.6s
[971] size=15 budget=  320 C1 valid=64 novel= 0 | C2 uniq= 2 | C3 draws=  320 comp=  2 uniq=  2 novel=  0 pruned=   0 bt=274 cap= 3 | C4 pool=  2 got= 2 short=0 | 2.6s
[972] size=11 budget=  531 C1 valid=64 novel= 3 | C2 uniq=13 | C3 draws=  531 comp=  8 uniq=  8 novel=  3 pruned=   0 bt=392 cap= 5 | C4 pool=347 got=13 short=0 | 4.4s
[973] size=19 budget=  526 C1 valid=50 novel= 3 | C2 uniq= 2 | C3 draws=  526 comp=  2 uniq=  2 novel=  1 pruned=   0 bt=460 cap= 5 | C4 pool=  2 got= 2 short=0 | 4.3s
[974] size=19 budget=  320 C1 valid=64 novel= 0 | C2 uniq= 1 | C3 draws=  320 comp=  1 uniq=  1 novel=  0 pruned=   0 bt=274 cap= 4 | C4 pool=  2 got= 1 short=0 | 2.6s
[975] size=17 budget=  384 C1 valid=64 novel= 0 | C2 uniq= 1 | C3 draws=  384 comp=  1 uniq=  1 novel=  0 pruned=   0 bt=334 cap= 4 | C4 pool=  1 got= 1 short=0 | 3.1s
[976] size=17 budget=  812 C1 valid=63 novel= 2 | C2 uniq=16 | C3 draws=  812 comp= 10 uniq= 10 novel=  1 pruned=   0 bt=544 cap= 8 | C4 pool= 87 got=16 short=0 | 7.5s
[977] size= 7 budget=  822 C1 valid=62 novel=42 | C2 uniq=32 | C3 draws=  822 comp= 51 uniq= 51 novel= 48 pruned=   0 bt= 58 cap= 0 | C4 pool=400 got=32 short=0 | 5.1s
[978] size=17 budget=  973 C1 valid=64 novel=40 | C2 uniq=29 | C3 draws=  973 comp= 36 uniq= 36 novel= 34 pruned=   0 bt=206 cap= 0 | C4 pool=400 got=29 short=0 | 7.3s
[979] size=13 budget=  514 C1 valid=64 novel= 2 | C2 uniq= 3 | C3 draws=  514 comp=  2 uniq=  2 novel=  0 pruned=   0 bt=418 cap= 6 | C4 pool=  3 got= 3 short=0 | 4.3s
[980] size=11 budget=  384 C1 valid=64 novel= 0 | C2 uniq= 1 | C3 draws=  384 comp=  1 uniq=  1 novel=  0 pruned=   0 bt=337 cap= 4 | C4 pool=  1 got= 1 short=0 | 3.1s
[981] size=13 budget=  640 C1 valid=64 novel= 0 | C2 uniq= 1 | C3 draws=  640 comp=  1 uniq=  1 novel=  0 pruned=   0 bt=526 cap= 7 | C4 pool=  1 got= 1 short=0 | 5.6s
[982] size=19 budget=  256 C1 valid=64 novel= 0 | C2 uniq= 1 | C3 draws=  256 comp=  1 uniq=  1 novel=  0 pruned=   0 bt=219 cap= 3 | C4 pool=  1 got= 1 short=0 | 2.1s
[983] size=19 budget=  384 C1 valid=64 novel= 0 | C2 uniq= 1 | C3 draws=  384 comp=  1 uniq=  1 novel=  0 pruned=   0 bt=335 cap= 5 | C4 pool=  1 got= 1 short=0 | 3.1s
[984] size=15 budget=  355 C1 valid=64 novel= 0 | C2 uniq= 2 | C3 draws=  355 comp=  2 uniq=  2 novel=  0 pruned=   0 bt=303 cap= 4 | C4 pool=  2 got= 2 short=0 | 2.9s
[985] size=15 budget=  640 C1 valid=64 novel= 0 | C2 uniq= 1 | C3 draws=  640 comp=  1 uniq=  1 novel=  0 pruned=   0 bt=539 cap= 7 | C4 pool=  1 got= 1 short=0 | 5.5s
[986] size=17 budget= 1279 C1 valid=62 novel=49 | C2 uniq=23 | C3 draws= 1279 comp= 25 uniq= 25 novel= 23 pruned=   0 bt=612 cap= 6 | C4 pool=246 got=23 short=0 | 11.3s
[987] size=11 budget=  320 C1 valid=64 novel= 0 | C2 uniq= 1 | C3 draws=  320 comp=  1 uniq=  1 novel=  0 pruned=   0 bt=283 cap= 3 | C4 pool=  1 got= 1 short=0 | 2.6s
[988] size=19 budget=  802 C1 valid=64 novel=17 | C2 uniq=24 | C3 draws=  802 comp=  8 uniq=  8 novel=  3 pruned=   0 bt=590 cap= 8 | C4 pool=400 got=24 short=0 | 8.8s
[989] size= 9 budget=  427 C1 valid=64 novel= 0 | C2 uniq= 3 | C3 draws=  427 comp=  3 uniq=  3 novel=  0 pruned=   0 bt=362 cap= 4 | C4 pool=  3 got= 3 short=0 | 3.4s
[990] size=17 budget=  640 C1 valid=64 novel=64 | C2 uniq= 1 | C3 draws=  640 comp=  1 uniq=  1 novel=  1 pruned=   0 bt=513 cap= 8 | C4 pool=  1 got= 1 short=0 | 5.6s
[991] size=13 budget=  445 C1 valid=64 novel= 0 | C2 uniq= 5 | C3 draws=  445 comp=  4 uniq=  4 novel=  0 pruned=   0 bt=363 cap= 5 | C4 pool=  5 got= 5 short=0 | 3.5s
[992] size=11 budget=  640 C1 valid=64 novel= 0 | C2 uniq= 1 | C3 draws=  640 comp=  1 uniq=  1 novel=  0 pruned=   0 bt=533 cap= 7 | C4 pool=  1 got= 1 short=0 | 5.5s
[993] size= 9 budget=  382 C1 valid=64 novel= 0 | C2 uniq= 3 | C3 draws=  382 comp=  3 uniq=  3 novel=  0 pruned=   0 bt=318 cap= 4 | C4 pool=  3 got= 3 short=0 | 3.0s
[994] size=11 budget=  384 C1 valid=64 novel= 0 | C2 uniq= 1 | C3 draws=  384 comp=  1 uniq=  1 novel=  0 pruned=   0 bt=333 cap= 4 | C4 pool=  1 got= 1 short=0 | 3.2s
[995] size=15 budget= 1093 C1 valid=64 novel=62 | C2 uniq=30 | C3 draws= 1093 comp= 18 uniq= 18 novel= 17 pruned=   0 bt=570 cap= 9 | C4 pool= 48 got=30 short=0 | 9.5s
[996] size=15 budget=  320 C1 valid=64 novel= 0 | C2 uniq= 1 | C3 draws=  320 comp=  1 uniq=  1 novel=  0 pruned=   0 bt=282 cap= 3 | C4 pool=  1 got= 1 short=0 | 2.6s
[997] size=15 budget=  295 C1 valid=64 novel= 0 | C2 uniq= 2 | C3 draws=  295 comp=  2 uniq=  2 novel=  0 pruned=   0 bt=250 cap= 3 | C4 pool=  4 got= 2 short=0 | 2.4s
[998] size= 9 budget=  320 C1 valid=64 novel= 0 | C2 uniq= 1 | C3 draws=  320 comp=  1 uniq=  1 novel=  0 pruned=   0 bt=279 cap= 3 | C4 pool=  1 got= 1 short=0 | 2.6s
[999] size=11 budget=  704 C1 valid=64 novel=64 | C2 uniq= 1 | C3 draws=  704 comp=  1 uniq=  1 novel=  1 pruned=   0 bt=558 cap= 8 | C4 pool=  1 got= 1 short=0 | 6.3s
[1000] size=15 budget=  770 C1 valid=64 novel=32 | C2 uniq=14 | C3 draws=  770 comp= 13 uniq= 13 novel=  8 pruned=   0 bt=475 cap= 7 | C4 pool=339 got=14 short=0 | 6.5s
[1001] size=11 budget=  256 C1 valid=64 novel= 0 | C2 uniq= 1 | C3 draws=  256 comp=  1 uniq=  1 novel=  0 pruned=   0 bt=225 cap= 3 | C4 pool=  1 got= 1 short=0 | 2.1s
[1002] size=13 budget=  558 C1 valid=64 novel=20 | C2 uniq=14 | C3 draws=  558 comp=  6 uniq=  6 novel=  3 pruned=   0 bt=427 cap= 6 | C4 pool= 34 got=14 short=0 | 4.5s
[1003] size=15 budget=  320 C1 valid=64 novel= 0 | C2 uniq= 1 | C3 draws=  320 comp=  1 uniq=  1 novel=  0 pruned=   0 bt=282 cap= 3 | C4 pool=  1 got= 1 short=0 | 2.6s
[1004] size=15 budget= 1041 C1 valid=60 novel=46 | C2 uniq=17 | C3 draws= 1041 comp= 12 uniq= 12 novel= 11 pruned=   0 bt=661 cap=10 | C4 pool=400 got=17 short=0 | 9.0s
[1005] size=19 budget=  384 C1 valid=64 novel= 0 | C2 uniq= 1 | C3 draws=  384 comp=  1 uniq=  1 novel=  0 pruned=   0 bt=335 cap= 5 | C4 pool=  1 got= 1 short=0 | 3.1s
[1006] size= 7 budget=  280 C1 valid=64 novel= 0 | C2 uniq= 2 | C3 draws=  280 comp=  2 uniq=  2 novel=  0 pruned=   0 bt=237 cap= 3 | C4 pool=  3 got= 2 short=0 | 2.2s
[1007] size=17 budget=  437 C1 valid=58 novel= 0 | C2 uniq= 2 | C3 draws=  437 comp=  2 uniq=  2 novel=  0 pruned=   0 bt=370 cap= 5 | C4 pool=  2 got= 2 short=0 | 3.5s
[1008] size=13 budget=  672 C1 valid=64 novel=64 | C2 uniq= 3 | C3 draws=  672 comp=  4 uniq=  4 novel=  4 pruned=   0 bt=563 cap= 6 | C4 pool=  3 got= 3 short=0 | 5.5s
[1009] size=13 budget=  560 C1 valid=64 novel=19 | C2 uniq=20 | C3 draws=  560 comp= 18 uniq= 18 novel= 13 pruned=   0 bt=305 cap= 3 | C4 pool=400 got=20 short=0 | 4.2s
[1010] size=11 budget=  699 C1 valid=64 novel= 8 | C2 uniq= 6 | C3 draws=  699 comp=  2 uniq=  2 novel=  0 pruned=   0 bt=558 cap= 8 | C4 pool=  2 got= 2 short=4 | 6.1s
[1011] size=13 budget=  320 C1 valid=64 novel= 0 | C2 uniq= 1 | C3 draws=  320 comp=  1 uniq=  1 novel=  0 pruned=   0 bt=279 cap= 3 | C4 pool=  1 got= 1 short=0 | 2.6s
[1012] size=11 budget=  422 C1 valid=64 novel= 0 | C2 uniq= 5 | C3 draws=  422 comp=  4 uniq=  4 novel=  0 pruned=   0 bt=354 cap= 4 | C4 pool=  5 got= 5 short=0 | 3.3s
[1013] size= 9 budget=  320 C1 valid=64 novel= 0 | C2 uniq= 1 | C3 draws=  320 comp=  1 uniq=  1 novel=  0 pruned=   0 bt=279 cap= 3 | C4 pool=  1 got= 1 short=0 | 2.6s
[1014] size=19 budget=  384 C1 valid=64 novel= 0 | C2 uniq= 1 | C3 draws=  384 comp=  1 uniq=  1 novel=  0 pruned=   0 bt=335 cap= 5 | C4 pool=  1 got= 1 short=0 | 3.1s
[1015] size=13 budget=  500 C1 valid=64 novel=13 | C2 uniq= 9 | C3 draws=  500 comp=  4 uniq=  4 novel=  1 pruned=   0 bt=402 cap= 5 | C4 pool= 13 got= 9 short=0 | 4.0s
[1016] size=13 budget=  888 C1 valid=64 novel= 0 | C2 uniq= 3 | C3 draws=  888 comp=  3 uniq=  3 novel=  0 pruned=   0 bt=707 cap=10 | C4 pool=  3 got= 3 short=0 | 7.8s
[1017] size=15 budget=  966 C1 valid=63 novel=60 | C2 uniq=28 | C3 draws=  966 comp= 51 uniq= 51 novel= 50 pruned=   0 bt= 86 cap= 0 | C4 pool=400 got=28 short=0 | 6.9s
[1018] size=19 budget=  384 C1 valid=64 novel= 0 | C2 uniq= 1 | C3 draws=  384 comp=  1 uniq=  1 novel=  0 pruned=   0 bt=335 cap= 5 | C4 pool=  1 got= 1 short=0 | 3.1s
[1019] size=17 budget=  256 C1 valid=64 novel= 0 | C2 uniq= 1 | C3 draws=  256 comp=  1 uniq=  1 novel=  0 pruned=   0 bt=218 cap= 3 | C4 pool=  1 got= 1 short=0 | 2.1s
[1020] size=15 budget=  576 C1 valid=64 novel=64 | C2 uniq= 1 | C3 draws=  576 comp=  1 uniq=  1 novel=  1 pruned=   0 bt=479 cap= 7 | C4 pool=  1 got= 1 short=0 | 4.9s
[1021] size=11 budget=  448 C1 valid=64 novel= 0 | C2 uniq= 2 | C3 draws=  448 comp=  2 uniq=  2 novel=  0 pruned=   0 bt=385 cap= 5 | C4 pool=  2 got= 2 short=0 | 3.6s
[1022] size=15 budget=  962 C1 valid=61 novel=61 | C2 uniq=32 | C3 draws=  962 comp= 21 uniq= 21 novel= 21 pruned=   0 bt=551 cap= 6 | C4 pool=400 got=32 short=0 | 7.6s
[1023] size=11 budget=  320 C1 valid=64 novel= 0 | C2 uniq= 1 | C3 draws=  320 comp=  1 uniq=  1 novel=  0 pruned=   0 bt=283 cap= 3 | C4 pool=  1 got= 1 short=0 | 2.6s
[1024] size=13 budget=  473 C1 valid=55 novel= 0 | C2 uniq= 1 | C3 draws=  473 comp=  1 uniq=  1 novel=  0 pruned=   0 bt=414 cap= 5 | C4 pool=  1 got= 1 short=0 | 3.9s
[1025] size=13 budget=  576 C1 valid=63 novel=63 | C2 uniq= 1 | C3 draws=  576 comp=  1 uniq=  1 novel=  1 pruned=   0 bt=497 cap= 6 | C4 pool=  1 got= 1 short=0 | 4.8s
[1026] size= 7 budget=  448 C1 valid=64 novel= 0 | C2 uniq= 1 | C3 draws=  448 comp=  1 uniq=  1 novel=  0 pruned=   0 bt=380 cap= 5 | C4 pool=  2 got= 1 short=0 | 3.8s
[1027] size= 9 budget=  594 C1 valid=64 novel= 0 | C2 uniq= 4 | C3 draws=  594 comp=  3 uniq=  3 novel=  0 pruned=   0 bt=479 cap= 6 | C4 pool=  4 got= 4 short=0 | 5.1s
[1028] size=15 budget= 1022 C1 valid=60 novel=43 | C2 uniq=48 | C3 draws= 1022 comp= 54 uniq= 54 novel= 51 pruned=   0 bt= 94 cap= 1 | C4 pool=400 got=48 short=0 | 6.8s
[1029] size=15 budget=  485 C1 valid=64 novel= 0 | C2 uniq= 2 | C3 draws=  485 comp=  2 uniq=  2 novel=  0 pruned=   0 bt=413 cap= 5 | C4 pool=  2 got= 2 short=0 | 4.0s
[1030] size=13 budget= 1045 C1 valid=64 novel=64 | C2 uniq= 3 | C3 draws= 1045 comp=  3 uniq=  3 novel=  3 pruned=   0 bt=743 cap=12 | C4 pool=  8 got= 3 short=0 | 9.8s
[1031] size=15 budget=  736 C1 valid=64 novel=22 | C2 uniq=15 | C3 draws=  736 comp= 24 uniq= 24 novel= 20 pruned=   0 bt=272 cap= 3 | C4 pool= 97 got=15 short=0 | 5.6s
[1032] size=17 budget=  907 C1 valid=56 novel=38 | C2 uniq=29 | C3 draws=  907 comp= 31 uniq= 31 novel= 28 pruned=   0 bt=339 cap= 2 | C4 pool=400 got=29 short=0 | 7.2s
[1033] size=15 budget=  499 C1 valid=64 novel= 6 | C2 uniq= 7 | C3 draws=  499 comp=  5 uniq=  5 novel=  2 pruned=   0 bt=393 cap= 5 | C4 pool=  6 got= 6 short=1 | 4.1s
[1034] size=19 budget=  384 C1 valid=64 novel= 0 | C2 uniq= 1 | C3 draws=  384 comp=  1 uniq=  1 novel=  0 pruned=   0 bt=335 cap= 5 | C4 pool=  1 got= 1 short=0 | 3.1s
[1035] size=13 budget=  963 C1 valid=58 novel=48 | C2 uniq=44 | C3 draws=  963 comp= 38 uniq= 38 novel= 36 pruned=   0 bt=250 cap= 4 | C4 pool=400 got=44 short=0 | 7.4s
[1036] size=17 budget=  495 C1 valid=64 novel= 8 | C2 uniq= 8 | C3 draws=  495 comp=  4 uniq=  4 novel=  2 pruned=   0 bt=391 cap= 5 | C4 pool= 87 got= 8 short=0 | 4.0s
[1037] size=13 budget=  513 C1 valid=64 novel=12 | C2 uniq= 8 | C3 draws=  513 comp=  1 uniq=  1 novel=  0 pruned=   0 bt=446 cap= 6 | C4 pool=187 got= 8 short=0 | 4.2s
[1038] size=19 budget=  420 C1 valid=64 novel= 0 | C2 uniq= 5 | C3 draws=  420 comp=  5 uniq=  5 novel=  0 pruned=   0 bt=340 cap= 5 | C4 pool=  6 got= 5 short=0 | 3.3s
[1039] size=15 budget=  640 C1 valid=64 novel=64 | C2 uniq= 1 | C3 draws=  640 comp=  2 uniq=  2 novel=  2 pruned=   0 bt=526 cap= 7 | C4 pool=  2 got= 1 short=0 | 5.6s
[1040] size=11 budget= 1414 C1 valid=64 novel=45 | C2 uniq=38 | C3 draws= 1414 comp= 25 uniq= 25 novel= 23 pruned=   0 bt=700 cap= 9 | C4 pool=400 got=38 short=0 | 11.5s
[1041] size=11 budget=  512 C1 valid=64 novel= 0 | C2 uniq= 1 | C3 draws=  512 comp=  1 uniq=  1 novel=  0 pruned=   0 bt=432 cap= 6 | C4 pool=  1 got= 1 short=0 | 4.3s
[1042] size=19 budget=  870 C1 valid=46 novel=20 | C2 uniq=12 | C3 draws=  870 comp= 11 uniq= 11 novel=  9 pruned=   0 bt=562 cap= 8 | C4 pool=400 got=12 short=0 | 7.5s
[1043] size= 9 budget=  320 C1 valid=64 novel= 0 | C2 uniq= 1 | C3 draws=  320 comp=  1 uniq=  1 novel=  0 pruned=   0 bt=279 cap= 3 | C4 pool=  1 got= 1 short=0 | 2.6s
[1044] size=11 budget=  783 C1 valid=61 novel=45 | C2 uniq= 5 | C3 draws=  783 comp=  9 uniq=  9 novel=  9 pruned=   0 bt=488 cap= 6 | C4 pool= 18 got= 5 short=0 | 6.8s
[1045] size=11 budget=  384 C1 valid=64 novel= 0 | C2 uniq= 2 | C3 draws=  384 comp=  1 uniq=  1 novel=  0 pruned=   0 bt=337 cap= 4 | C4 pool=  2 got= 2 short=0 | 3.1s
[1046] size=19 budget=  832 C1 valid=59 novel=50 | C2 uniq=15 | C3 draws=  832 comp= 13 uniq= 13 novel= 12 pruned=   0 bt=528 cap= 8 | C4 pool=166 got=15 short=0 | 6.9s
[1047] size=19 budget=  448 C1 valid=64 novel= 0 | C2 uniq= 1 | C3 draws=  448 comp=  1 uniq=  1 novel=  0 pruned=   0 bt=393 cap= 5 | C4 pool=  1 got= 1 short=0 | 3.6s
[1048] size=15 budget=  576 C1 valid=64 novel= 0 | C2 uniq= 1 | C3 draws=  576 comp=  1 uniq=  1 novel=  0 pruned=   0 bt=471 cap= 7 | C4 pool=  1 got= 1 short=0 | 4.9s
[1049] size=17 budget=  320 C1 valid=64 novel= 0 | C2 uniq= 1 | C3 draws=  320 comp=  1 uniq=  1 novel=  0 pruned=   0 bt=273 cap= 4 | C4 pool=  1 got= 1 short=0 | 2.6s
[1050] size=17 budget=  488 C1 valid=64 novel= 0 | C2 uniq= 2 | C3 draws=  488 comp=  2 uniq=  2 novel=  0 pruned=   0 bt=410 cap= 6 | C4 pool=  2 got= 2 short=0 | 3.9s
[1051] size=17 budget=  796 C1 valid=15 novel=15 | C2 uniq= 1 | C3 draws=  796 comp=  8 uniq=  8 novel=  8 pruned=   0 bt=513 cap= 7 | C4 pool=  2 got= 1 short=0 | 7.1s
[1052] size=11 budget=  466 C1 valid=64 novel= 0 | C2 uniq= 3 | C3 draws=  466 comp=  3 uniq=  3 novel=  0 pruned=   0 bt=395 cap= 5 | C4 pool=  4 got= 3 short=0 | 3.8s
[1053] size=13 budget=  551 C1 valid=64 novel= 0 | C2 uniq= 4 | C3 draws=  551 comp=  4 uniq=  4 novel=  0 pruned=   0 bt=442 cap= 6 | C4 pool=  8 got= 4 short=0 | 4.6s
[1054] size=11 budget=  564 C1 valid=64 novel= 7 | C2 uniq= 5 | C3 draws=  564 comp=  5 uniq=  5 novel=  1 pruned=   0 bt=444 cap= 6 | C4 pool=  6 got= 5 short=0 | 4.7s
[1055] size=13 budget=  683 C1 valid=58 novel=17 | C2 uniq= 6 | C3 draws=  683 comp=  4 uniq=  4 novel=  1 pruned=   0 bt=561 cap= 7 | C4 pool=  6 got= 6 short=0 | 5.6s
[1056] size=17 budget=  352 C1 valid=64 novel= 0 | C2 uniq= 3 | C3 draws=  352 comp=  3 uniq=  3 novel=  0 pruned=   0 bt=290 cap= 4 | C4 pool=  3 got= 3 short=0 | 2.8s
[1057] size=17 budget=  577 C1 valid=58 novel=23 | C2 uniq= 4 | C3 draws=  577 comp=  3 uniq=  3 novel=  2 pruned=   0 bt=458 cap= 7 | C4 pool=  4 got= 4 short=0 | 4.8s
[1058] size=13 budget= 1215 C1 valid=58 novel=58 | C2 uniq=57 | C3 draws= 1215 comp= 59 uniq= 59 novel= 59 pruned=   0 bt= 76 cap= 1 | C4 pool=400 got=57 short=0 | 8.2s
[1059] size=17 budget=  564 C1 valid=64 novel=20 | C2 uniq= 5 | C3 draws=  564 comp= 18 uniq= 18 novel= 16 pruned=   0 bt=265 cap= 0 | C4 pool= 77 got= 5 short=0 | 4.4s
[1060] size=15 budget=  384 C1 valid=64 novel= 0 | C2 uniq= 2 | C3 draws=  384 comp=  2 uniq=  2 novel=  0 pruned=   0 bt=331 cap= 4 | C4 pool=  2 got= 2 short=0 | 3.1s
[1061] size=11 budget=  448 C1 valid=64 novel= 0 | C2 uniq= 1 | C3 draws=  448 comp=  1 uniq=  1 novel=  0 pruned=   0 bt=393 cap= 5 | C4 pool=  1 got= 1 short=0 | 3.6s
[1062] size=13 budget=  320 C1 valid=64 novel= 0 | C2 uniq= 1 | C3 draws=  320 comp=  1 uniq=  1 novel=  0 pruned=   0 bt=279 cap= 3 | C4 pool=  1 got= 1 short=0 | 2.6s
[1063] size=13 budget=  320 C1 valid=64 novel= 0 | C2 uniq= 1 | C3 draws=  320 comp=  1 uniq=  1 novel=  0 pruned=   0 bt=279 cap= 3 | C4 pool=  1 got= 1 short=0 | 2.6s
[1064] size=13 budget=  320 C1 valid=64 novel= 0 | C2 uniq= 1 | C3 draws=  320 comp=  1 uniq=  1 novel=  0 pruned=   0 bt=279 cap= 3 | C4 pool=  1 got= 1 short=0 | 2.6s
[1065] size=13 budget=  923 C1 valid=53 novel=22 | C2 uniq=25 | C3 draws=  923 comp= 10 uniq= 10 novel=  7 pruned=   0 bt=648 cap= 7 | C4 pool=400 got=25 short=0 | 7.6s
[1066] size= 9 budget=  508 C1 valid=64 novel= 2 | C2 uniq=10 | C3 draws=  508 comp=  2 uniq=  2 novel=  0 pruned=   0 bt=436 cap= 5 | C4 pool= 65 got=10 short=0 | 4.2s
[1067] size=13 budget=  384 C1 valid=64 novel= 0 | C2 uniq= 1 | C3 draws=  384 comp=  1 uniq=  1 novel=  0 pruned=   0 bt=333 cap= 4 | C4 pool=  1 got= 1 short=0 | 3.1s
[1068] size=15 budget=  729 C1 valid=64 novel=37 | C2 uniq= 3 | C3 draws=  729 comp=  3 uniq=  3 novel=  2 pruned=   0 bt=576 cap= 8 | C4 pool=  4 got= 3 short=0 | 6.4s
[1069] size= 9 budget=  356 C1 valid=64 novel= 0 | C2 uniq= 2 | C3 draws=  356 comp=  2 uniq=  2 novel=  0 pruned=   0 bt=304 cap= 4 | C4 pool=  2 got= 2 short=0 | 2.8s
[1070] size=19 budget=  508 C1 valid=64 novel=47 | C2 uniq= 2 | C3 draws=  508 comp=  2 uniq=  2 novel=  1 pruned=   0 bt=437 cap= 6 | C4 pool=  2 got= 2 short=0 | 4.1s
[1071] size=17 budget= 1069 C1 valid=63 novel=59 | C2 uniq=56 | C3 draws= 1069 comp= 59 uniq= 59 novel= 58 pruned=   0 bt= 98 cap= 0 | C4 pool=400 got=56 short=0 | 7.0s
[1072] size=13 budget=  384 C1 valid=64 novel= 0 | C2 uniq= 1 | C3 draws=  384 comp=  1 uniq=  1 novel=  0 pruned=   0 bt=333 cap= 4 | C4 pool=  1 got= 1 short=0 | 3.1s
[1073] size=19 budget=  467 C1 valid=64 novel= 1 | C2 uniq= 4 | C3 draws=  467 comp=  3 uniq=  3 novel=  0 pruned=   0 bt=397 cap= 5 | C4 pool=  4 got= 4 short=0 | 3.7s
[1074] size=15 budget=  981 C1 valid=58 novel=58 | C2 uniq=28 | C3 draws=  981 comp= 20 uniq= 20 novel= 20 pruned=   0 bt=495 cap= 7 | C4 pool=400 got=28 short=0 | 8.1s
[1075] size= 9 budget=  448 C1 valid=64 novel= 0 | C2 uniq= 1 | C3 draws=  448 comp=  1 uniq=  1 novel=  0 pruned=   0 bt=387 cap= 5 | C4 pool=  1 got= 1 short=0 | 3.6s
[1076] size= 9 budget=  592 C1 valid=64 novel=64 | C2 uniq= 3 | C3 draws=  592 comp=  3 uniq=  3 novel=  3 pruned=   0 bt=491 cap= 6 | C4 pool=  3 got= 3 short=0 | 4.8s
[1077] size=19 budget= 1030 C1 valid=38 novel=38 | C2 uniq= 2 | C3 draws= 1030 comp=  3 uniq=  3 novel=  3 pruned=   0 bt=784 cap=12 | C4 pool=  3 got= 2 short=0 | 9.6s
[1078] size= 9 budget=  475 C1 valid=64 novel= 9 | C2 uniq= 9 | C3 draws=  475 comp=  4 uniq=  4 novel=  1 pruned=   0 bt=381 cap= 5 | C4 pool= 87 got= 9 short=0 | 3.8s
[1079] size=11 budget=  979 C1 valid=60 novel=60 | C2 uniq=34 | C3 draws=  979 comp= 28 uniq= 28 novel= 28 pruned=   0 bt=427 cap= 4 | C4 pool=400 got=34 short=0 | 7.7s
[1080] size=11 budget=  384 C1 valid=64 novel= 0 | C2 uniq= 1 | C3 draws=  384 comp=  1 uniq=  1 novel=  0 pruned=   0 bt=337 cap= 4 | C4 pool=  1 got= 1 short=0 | 3.2s
[1081] size=19 budget=  624 C1 valid=64 novel=34 | C2 uniq=16 | C3 draws=  624 comp= 10 uniq= 10 novel=  5 pruned=   0 bt=452 cap= 6 | C4 pool=257 got=16 short=0 | 5.1s
[1082] size= 9 budget=  755 C1 valid=64 novel=40 | C2 uniq=37 | C3 draws=  755 comp= 24 uniq= 24 novel= 17 pruned=   0 bt=344 cap= 4 | C4 pool=400 got=37 short=0 | 5.8s
[1083] size=15 budget=  320 C1 valid=64 novel= 0 | C2 uniq= 1 | C3 draws=  320 comp=  1 uniq=  1 novel=  0 pruned=   0 bt=282 cap= 3 | C4 pool=  1 got= 1 short=0 | 2.6s
[1084] size=15 budget= 1095 C1 valid=56 novel=38 | C2 uniq= 6 | C3 draws= 1095 comp=  7 uniq=  7 novel=  6 pruned=   0 bt=754 cap=11 | C4 pool= 18 got= 6 short=0 | 9.7s
[1085] size= 9 budget=  295 C1 valid=64 novel= 0 | C2 uniq= 2 | C3 draws=  295 comp=  2 uniq=  2 novel=  0 pruned=   0 bt=250 cap= 3 | C4 pool=  2 got= 2 short=0 | 2.4s
[1086] size=17 budget=  448 C1 valid=64 novel= 0 | C2 uniq= 1 | C3 draws=  448 comp=  1 uniq=  1 novel=  0 pruned=   0 bt=387 cap= 5 | C4 pool=  1 got= 1 short=0 | 3.6s
[1087] size=17 budget= 1089 C1 valid=36 novel=36 | C2 uniq=10 | C3 draws= 1089 comp= 13 uniq= 13 novel= 13 pruned=   0 bt=707 cap= 9 | C4 pool=114 got=10 short=0 | 9.2s
[1088] size=13 budget=  636 C1 valid=64 novel=22 | C2 uniq=19 | C3 draws=  636 comp=  2 uniq=  2 novel=  0 pruned=   0 bt=545 cap= 7 | C4 pool= 87 got=19 short=0 | 5.2s
[1089] size=13 budget=  576 C1 valid=64 novel=20 | C2 uniq=15 | C3 draws=  576 comp=  8 uniq=  8 novel=  6 pruned=   0 bt=410 cap= 5 | C4 pool=400 got=15 short=0 | 4.6s
[1090] size= 7 budget=  448 C1 valid=64 novel= 0 | C2 uniq= 3 | C3 draws=  448 comp=  4 uniq=  4 novel=  1 pruned=   0 bt=359 cap= 4 | C4 pool=  3 got= 3 short=0 | 3.6s
[1091] size=17 budget=  899 C1 valid=51 novel=51 | C2 uniq= 3 | C3 draws=  899 comp=  3 uniq=  3 novel=  3 pruned=   0 bt=701 cap=11 | C4 pool=  3 got= 3 short=0 | 7.8s
[1092] size=13 budget=  556 C1 valid=64 novel= 0 | C2 uniq= 3 | C3 draws=  556 comp=  3 uniq=  3 novel=  0 pruned=   0 bt=459 cap= 6 | C4 pool=  3 got= 3 short=0 | 4.6s
[1093] size=17 budget=  490 C1 valid=64 novel= 0 | C2 uniq= 5 | C3 draws=  490 comp=  3 uniq=  3 novel=  0 pruned=   0 bt=401 cap= 6 | C4 pool=  6 got= 5 short=0 | 4.0s
[1094] size= 9 budget=  512 C1 valid=64 novel= 0 | C2 uniq= 1 | C3 draws=  512 comp=  1 uniq=  1 novel=  0 pruned=   0 bt=443 cap= 5 | C4 pool=  1 got= 1 short=0 | 4.4s
[1095] size=19 budget=  512 C1 valid=45 novel= 0 | C2 uniq= 1 | C3 draws=  512 comp=  2 uniq=  2 novel=  1 pruned=   0 bt=441 cap= 6 | C4 pool=  2 got= 1 short=0 | 4.2s
[1096] size=11 budget=  380 C1 valid=64 novel= 2 | C2 uniq= 8 | C3 draws=  380 comp=  6 uniq=  6 novel=  0 pruned=   0 bt=302 cap= 4 | C4 pool=  9 got= 8 short=0 | 3.0s
[1097] size=17 budget= 1452 C1 valid=20 novel=20 | C2 uniq=17 | C3 draws= 1452 comp= 54 uniq= 54 novel= 54 pruned=   0 bt= 98 cap= 1 | C4 pool=400 got=17 short=0 | 10.4s
[1098] size=11 budget=  376 C1 valid=64 novel= 0 | C2 uniq= 6 | C3 draws=  376 comp=  5 uniq=  5 novel=  0 pruned=   0 bt=305 cap= 4 | C4 pool=  7 got= 6 short=0 | 3.0s
[1099] size=15 budget=  825 C1 valid=64 novel= 0 | C2 uniq= 5 | C3 draws=  825 comp=  5 uniq=  5 novel=  0 pruned=   0 bt=609 cap= 9 | C4 pool=  9 got= 5 short=0 | 7.4s
[1100] size=11 budget=  752 C1 valid=64 novel=30 | C2 uniq=10 | C3 draws=  752 comp= 13 uniq= 13 novel= 11 pruned=   0 bt=413 cap= 4 | C4 pool=400 got=10 short=0 | 6.5s
[1101] size=17 budget=  320 C1 valid=64 novel= 0 | C2 uniq= 1 | C3 draws=  320 comp=  1 uniq=  1 novel=  0 pruned=   0 bt=273 cap= 4 | C4 pool=  1 got= 1 short=0 | 2.6s
[1102] size=15 budget=  448 C1 valid=64 novel= 0 | C2 uniq= 1 | C3 draws=  448 comp=  1 uniq=  1 novel=  0 pruned=   0 bt=392 cap= 5 | C4 pool=  1 got= 1 short=0 | 3.6s
[1103] size=15 budget=  326 C1 valid=63 novel= 0 | C2 uniq= 1 | C3 draws=  326 comp=  1 uniq=  1 novel=  0 pruned=   0 bt=277 cap= 4 | C4 pool=  1 got= 1 short=0 | 2.8s
[1104] size=15 budget=  418 C1 valid=51 novel= 0 | C2 uniq= 1 | C3 draws=  418 comp=  1 uniq=  1 novel=  0 pruned=   0 bt=364 cap= 5 | C4 pool=  1 got= 1 short=0 | 3.4s
[1105] size=11 budget=  320 C1 valid=64 novel= 0 | C2 uniq= 1 | C3 draws=  320 comp=  1 uniq=  1 novel=  0 pruned=   0 bt=283 cap= 3 | C4 pool=  2 got= 1 short=0 | 2.6s
[1106] size=11 budget=  320 C1 valid=64 novel= 0 | C2 uniq= 1 | C3 draws=  320 comp=  1 uniq=  1 novel=  0 pruned=   0 bt=283 cap= 3 | C4 pool=  1 got= 1 short=0 | 2.6s
[1107] size=13 budget=  512 C1 valid=64 novel=64 | C2 uniq= 1 | C3 draws=  512 comp=  1 uniq=  1 novel=  1 pruned=   0 bt=420 cap= 6 | C4 pool=  1 got= 1 short=0 | 4.4s
[1108] size=11 budget=  256 C1 valid=64 novel= 0 | C2 uniq= 1 | C3 draws=  256 comp=  1 uniq=  1 novel=  0 pruned=   0 bt=225 cap= 3 | C4 pool=  1 got= 1 short=0 | 2.1s
[1109] size= 9 budget=  615 C1 valid=64 novel= 0 | C2 uniq= 3 | C3 draws=  615 comp=  3 uniq=  3 novel=  0 pruned=   0 bt=496 cap= 6 | C4 pool=  3 got= 3 short=0 | 5.3s
[1110] size=15 budget=  576 C1 valid=64 novel=64 | C2 uniq= 1 | C3 draws=  576 comp=  1 uniq=  1 novel=  1 pruned=   0 bt=488 cap= 7 | C4 pool=  1 got= 1 short=0 | 4.8s
[1111] size=17 budget=  656 C1 valid=64 novel=26 | C2 uniq= 2 | C3 draws=  656 comp=  2 uniq=  2 novel=  1 pruned=   0 bt=523 cap= 8 | C4 pool=  2 got= 2 short=0 | 5.6s
[1112] size=19 budget=  320 C1 valid=64 novel= 0 | C2 uniq= 2 | C3 draws=  320 comp=  2 uniq=  2 novel=  0 pruned=   0 bt=269 cap= 4 | C4 pool=  2 got= 2 short=0 | 2.6s
[1113] size=17 budget=  384 C1 valid=64 novel= 0 | C2 uniq= 1 | C3 draws=  384 comp=  1 uniq=  1 novel=  0 pruned=   0 bt=334 cap= 4 | C4 pool=  1 got= 1 short=0 | 3.2s
[1114] size=15 budget=  769 C1 valid=64 novel=41 | C2 uniq=42 | C3 draws=  769 comp= 49 uniq= 49 novel= 42 pruned=   0 bt= 71 cap= 0 | C4 pool=400 got=42 short=0 | 4.9s
[1115] size= 9 budget=  620 C1 valid=64 novel=11 | C2 uniq= 4 | C3 draws=  620 comp=  2 uniq=  2 novel=  0 pruned=   0 bt=532 cap= 7 | C4 pool= 23 got= 4 short=0 | 5.1s
[1116] size=11 budget=  709 C1 valid=62 novel=19 | C2 uniq=23 | C3 draws=  709 comp=  4 uniq=  4 novel=  2 pruned=   0 bt=589 cap= 7 | C4 pool=400 got=23 short=0 | 5.9s
[1117] size=13 budget=  576 C1 valid=64 novel= 0 | C2 uniq= 1 | C3 draws=  576 comp=  1 uniq=  1 novel=  0 pruned=   0 bt=497 cap= 6 | C4 pool=  2 got= 1 short=0 | 4.9s
[1118] size=11 budget=  320 C1 valid=64 novel= 0 | C2 uniq= 1 | C3 draws=  320 comp=  1 uniq=  1 novel=  0 pruned=   0 bt=283 cap= 3 | C4 pool=  1 got= 1 short=0 | 2.6s
[1119] size=13 budget=  384 C1 valid=64 novel= 0 | C2 uniq= 2 | C3 draws=  384 comp=  2 uniq=  2 novel=  0 pruned=   0 bt=329 cap= 4 | C4 pool=  2 got= 2 short=0 | 3.1s
[1120] size=17 budget=  729 C1 valid=62 novel=62 | C2 uniq= 2 | C3 draws=  729 comp=  3 uniq=  3 novel=  3 pruned=   0 bt=549 cap= 8 | C4 pool=  2 got= 2 short=0 | 6.1s
[1121] size=19 budget=  415 C1 valid=64 novel= 0 | C2 uniq= 2 | C3 draws=  415 comp=  2 uniq=  2 novel=  0 pruned=   0 bt=353 cap= 5 | C4 pool=  2 got= 2 short=0 | 3.4s
[1122] size=13 budget=  431 C1 valid=64 novel= 0 | C2 uniq= 2 | C3 draws=  431 comp=  2 uniq=  2 novel=  0 pruned=   0 bt=364 cap= 5 | C4 pool=  2 got= 2 short=0 | 3.4s
[1123] size=19 budget=  877 C1 valid=59 novel=39 | C2 uniq=18 | C3 draws=  877 comp= 10 uniq= 10 novel=  7 pruned=   0 bt=614 cap= 9 | C4 pool=400 got=18 short=0 | 7.4s
[1124] size=17 budget= 1197 C1 valid=64 novel=64 | C2 uniq= 4 | C3 draws= 1197 comp=  4 uniq=  4 novel=  4 pruned=   0 bt=812 cap=14 | C4 pool=  4 got= 4 short=0 | 11.1s
[1125] size=17 budget=  384 C1 valid=64 novel= 0 | C2 uniq= 1 | C3 draws=  384 comp=  1 uniq=  1 novel=  0 pruned=   0 bt=334 cap= 4 | C4 pool=  1 got= 1 short=0 | 3.1s
[1126] size=17 budget= 1277 C1 valid=57 novel=52 | C2 uniq=36 | C3 draws= 1277 comp= 24 uniq= 24 novel= 21 pruned=   0 bt=663 cap=10 | C4 pool=400 got=36 short=0 | 11.4s
[1127] size=17 budget= 1114 C1 valid=49 novel=33 | C2 uniq=29 | C3 draws= 1114 comp= 14 uniq= 14 novel= 13 pruned=   0 bt=691 cap= 9 | C4 pool=400 got=29 short=0 | 9.8s
[1128] size=11 budget=  448 C1 valid=64 novel= 0 | C2 uniq= 1 | C3 draws=  448 comp=  1 uniq=  1 novel=  0 pruned=   0 bt=393 cap= 5 | C4 pool=  1 got= 1 short=0 | 3.6s
[1129] size=11 budget=  384 C1 valid=64 novel= 0 | C2 uniq= 1 | C3 draws=  384 comp=  1 uniq=  1 novel=  0 pruned=   0 bt=337 cap= 4 | C4 pool=  1 got= 1 short=0 | 3.1s
[1130] size=19 budget=  704 C1 valid=59 novel=59 | C2 uniq= 1 | C3 draws=  704 comp=  1 uniq=  1 novel=  1 pruned=   0 bt=563 cap= 9 | C4 pool=  2 got= 1 short=0 | 6.1s
[1131] size=13 budget=  581 C1 valid=64 novel=23 | C2 uniq= 8 | C3 draws=  581 comp=  6 uniq=  6 novel=  3 pruned=   0 bt=454 cap= 6 | C4 pool=  8 got= 8 short=0 | 4.8s
[1132] size=13 budget=  474 C1 valid=64 novel= 0 | C2 uniq= 3 | C3 draws=  474 comp=  3 uniq=  3 novel=  0 pruned=   0 bt=401 cap= 5 | C4 pool=  4 got= 3 short=0 | 3.8s
[1133] size=13 budget=  406 C1 valid=63 novel=12 | C2 uniq= 4 | C3 draws=  406 comp=  4 uniq=  4 novel=  1 pruned=   0 bt=335 cap= 4 | C4 pool=  4 got= 4 short=0 | 3.2s
[1134] size=13 budget=  687 C1 valid=64 novel=49 | C2 uniq= 5 | C3 draws=  687 comp=  7 uniq=  7 novel=  6 pruned=   0 bt=498 cap= 7 | C4 pool=  5 got= 5 short=0 | 5.7s
[1135] size=13 budget=  572 C1 valid=64 novel= 0 | C2 uniq= 3 | C3 draws=  572 comp=  3 uniq=  3 novel=  0 pruned=   0 bt=469 cap= 6 | C4 pool=  4 got= 3 short=0 | 4.8s
[1136] size=17 budget=  992 C1 valid=51 novel=51 | C2 uniq=22 | C3 draws=  992 comp= 22 uniq= 22 novel= 22 pruned=   0 bt=568 cap= 4 | C4 pool=400 got=22 short=0 | 7.9s
[1137] size=13 budget=  448 C1 valid=64 novel= 0 | C2 uniq= 1 | C3 draws=  448 comp=  1 uniq=  1 novel=  0 pruned=   0 bt=387 cap= 5 | C4 pool=  1 got= 1 short=0 | 3.6s
[1138] size= 7 budget=  373 C1 valid=64 novel= 0 | C2 uniq= 2 | C3 draws=  373 comp=  2 uniq=  2 novel=  0 pruned=   0 bt=327 cap= 4 | C4 pool=  2 got= 2 short=0 | 3.0s
[1139] size=15 budget=  320 C1 valid=64 novel= 0 | C2 uniq= 1 | C3 draws=  320 comp=  1 uniq=  1 novel=  0 pruned=   0 bt=282 cap= 3 | C4 pool=  1 got= 1 short=0 | 2.6s
[1140] size=13 budget=  384 C1 valid=64 novel= 0 | C2 uniq= 1 | C3 draws=  384 comp=  1 uniq=  1 novel=  0 pruned=   0 bt=333 cap= 4 | C4 pool=  1 got= 1 short=0 | 3.1s
[1141] size=17 budget=  462 C1 valid=64 novel= 7 | C2 uniq= 2 | C3 draws=  462 comp=  2 uniq=  2 novel=  1 pruned=   0 bt=392 cap= 5 | C4 pool=  2 got= 2 short=0 | 3.7s
[1142] size=11 budget= 1037 C1 valid=64 novel=61 | C2 uniq=51 | C3 draws= 1037 comp= 58 uniq= 58 novel= 57 pruned=   0 bt= 16 cap= 0 | C4 pool=400 got=51 short=0 | 6.7s
[1143] size= 9 budget=  320 C1 valid=64 novel= 0 | C2 uniq= 1 | C3 draws=  320 comp=  1 uniq=  1 novel=  0 pruned=   0 bt=279 cap= 3 | C4 pool=  1 got= 1 short=0 | 2.6s
[1144] size=11 budget=  448 C1 valid=64 novel= 0 | C2 uniq= 1 | C3 draws=  448 comp=  1 uniq=  1 novel=  0 pruned=   0 bt=393 cap= 5 | C4 pool=  1 got= 1 short=0 | 3.6s
[1145] size=11 budget=  384 C1 valid=64 novel= 0 | C2 uniq= 1 | C3 draws=  384 comp=  1 uniq=  1 novel=  0 pruned=   0 bt=337 cap= 4 | C4 pool=  1 got= 1 short=0 | 3.1s
[1146] size=19 budget=  460 C1 valid=64 novel=12 | C2 uniq= 2 | C3 draws=  460 comp=  2 uniq=  2 novel=  1 pruned=   0 bt=397 cap= 5 | C4 pool=  2 got= 2 short=0 | 3.7s
[1147] size= 9 budget=  320 C1 valid=64 novel= 0 | C2 uniq= 1 | C3 draws=  320 comp=  1 uniq=  1 novel=  0 pruned=   0 bt=279 cap= 3 | C4 pool=  1 got= 1 short=0 | 2.6s
[1148] size=17 budget=  841 C1 valid=64 novel=44 | C2 uniq= 4 | C3 draws=  841 comp=  6 uniq=  6 novel=  4 pruned=   0 bt=599 cap= 9 | C4 pool= 41 got= 4 short=0 | 7.5s
[1149] size=11 budget=  845 C1 valid=63 novel=26 | C2 uniq= 5 | C3 draws=  845 comp=  6 uniq=  6 novel=  5 pruned=   0 bt=616 cap= 9 | C4 pool=  9 got= 5 short=0 | 7.5s
[1150] size=13 budget= 1171 C1 valid=64 novel=30 | C2 uniq=14 | C3 draws= 1171 comp= 11 uniq= 11 novel=  9 pruned=   0 bt=749 cap=10 | C4 pool= 58 got=14 short=0 | 11.6s
[1151] size=19 budget= 1054 C1 valid=64 novel=60 | C2 uniq= 6 | C3 draws= 1054 comp=  9 uniq=  9 novel=  8 pruned=   0 bt=703 cap=10 | C4 pool= 27 got= 6 short=0 | 9.5s
[1152] size=11 budget=  512 C1 valid=64 novel= 0 | C2 uniq= 1 | C3 draws=  512 comp=  1 uniq=  1 novel=  0 pruned=   0 bt=432 cap= 6 | C4 pool=  1 got= 1 short=0 | 4.3s
[1153] size=19 budget=  320 C1 valid=64 novel= 0 | C2 uniq= 1 | C3 draws=  320 comp=  1 uniq=  1 novel=  0 pruned=   0 bt=274 cap= 4 | C4 pool=  1 got= 1 short=0 | 2.6s
[1154] size=17 budget=  690 C1 valid=64 novel=36 | C2 uniq=22 | C3 draws=  690 comp= 14 uniq= 14 novel=  7 pruned=   0 bt=437 cap= 6 | C4 pool= 25 got=22 short=0 | 5.7s
[1155] size=15 budget=  633 C1 valid=64 novel=52 | C2 uniq= 3 | C3 draws=  633 comp=  9 uniq=  9 novel=  8 pruned=   0 bt=402 cap= 4 | C4 pool=  3 got= 3 short=0 | 5.5s
[1156] size=11 budget=  384 C1 valid=64 novel= 0 | C2 uniq= 1 | C3 draws=  384 comp=  1 uniq=  1 novel=  0 pruned=   0 bt=337 cap= 4 | C4 pool=  1 got= 1 short=0 | 3.1s
[1157] size=15 budget=  448 C1 valid=64 novel= 0 | C2 uniq= 1 | C3 draws=  448 comp=  1 uniq=  1 novel=  0 pruned=   0 bt=392 cap= 5 | C4 pool=  1 got= 1 short=0 | 3.6s
[1158] size=11 budget=  384 C1 valid=64 novel= 0 | C2 uniq= 1 | C3 draws=  384 comp=  1 uniq=  1 novel=  0 pruned=   0 bt=337 cap= 4 | C4 pool=  1 got= 1 short=0 | 3.1s
[1159] size=19 budget=  517 C1 valid=53 novel= 0 | C2 uniq= 2 | C3 draws=  517 comp=  2 uniq=  2 novel=  0 pruned=   0 bt=441 cap= 6 | C4 pool=  2 got= 2 short=0 | 4.3s
[1160] size=19 budget=  384 C1 valid=64 novel= 0 | C2 uniq= 1 | C3 draws=  384 comp=  1 uniq=  1 novel=  0 pruned=   0 bt=335 cap= 5 | C4 pool=  1 got= 1 short=0 | 3.2s
[1161] size=19 budget=  540 C1 valid=31 novel= 0 | C2 uniq= 3 | C3 draws=  540 comp=  2 uniq=  2 novel=  0 pruned=   0 bt=463 cap= 7 | C4 pool=  4 got= 3 short=0 | 4.4s
[1162] size= 9 budget=  790 C1 valid=64 novel=37 | C2 uniq=12 | C3 draws=  790 comp= 11 uniq= 11 novel=  9 pruned=   0 bt=520 cap= 7 | C4 pool= 97 got=12 short=0 | 6.6s
[1163] size=13 budget=  361 C1 valid=64 novel= 0 | C2 uniq= 3 | C3 draws=  361 comp=  3 uniq=  3 novel=  0 pruned=   0 bt=299 cap= 4 | C4 pool=  3 got= 3 short=0 | 2.9s
[1164] size=17 budget=  400 C1 valid=59 novel= 0 | C2 uniq= 2 | C3 draws=  400 comp=  1 uniq=  1 novel=  0 pruned=   0 bt=341 cap= 5 | C4 pool=  2 got= 2 short=0 | 3.2s
[1165] size=15 budget=  381 C1 valid=44 novel= 0 | C2 uniq= 1 | C3 draws=  381 comp=  1 uniq=  1 novel=  0 pruned=   0 bt=333 cap= 4 | C4 pool=  1 got= 1 short=0 | 3.1s
[1166] size=19 budget= 1166 C1 valid=53 novel=38 | C2 uniq=31 | C3 draws= 1166 comp= 32 uniq= 32 novel= 27 pruned=   0 bt=454 cap= 5 | C4 pool=400 got=31 short=0 | 9.5s
[1167] size=11 budget=  543 C1 valid=64 novel=17 | C2 uniq=10 | C3 draws=  543 comp=  4 uniq=  4 novel=  1 pruned=   0 bt=446 cap= 5 | C4 pool=139 got=10 short=0 | 4.4s
[1168] size= 9 budget=  384 C1 valid=64 novel= 0 | C2 uniq= 1 | C3 draws=  384 comp=  1 uniq=  1 novel=  0 pruned=   0 bt=333 cap= 4 | C4 pool=  1 got= 1 short=0 | 3.1s
[1169] size=19 budget=  256 C1 valid=64 novel= 0 | C2 uniq= 1 | C3 draws=  256 comp=  1 uniq=  1 novel=  0 pruned=   0 bt=219 cap= 3 | C4 pool=  1 got= 1 short=0 | 2.1s
[1170] size=13 budget=  450 C1 valid=63 novel= 0 | C2 uniq= 1 | C3 draws=  450 comp=  1 uniq=  1 novel=  0 pruned=   0 bt=388 cap= 5 | C4 pool=  1 got= 1 short=0 | 3.8s
[1171] size=13 budget=  723 C1 valid=55 novel=55 | C2 uniq= 4 | C3 draws=  723 comp=  4 uniq=  4 novel=  4 pruned=   0 bt=560 cap= 8 | C4 pool=  4 got= 4 short=0 | 6.2s
[1172] size=11 budget=  448 C1 valid=64 novel= 0 | C2 uniq= 1 | C3 draws=  448 comp=  1 uniq=  1 novel=  0 pruned=   0 bt=393 cap= 5 | C4 pool=  1 got= 1 short=0 | 3.6s
[1173] size=11 budget=  256 C1 valid=64 novel= 0 | C2 uniq= 1 | C3 draws=  256 comp=  1 uniq=  1 novel=  0 pruned=   0 bt=225 cap= 3 | C4 pool=  1 got= 1 short=0 | 2.1s
[1174] size= 5 budget=  320 C1 valid=64 novel= 0 | C2 uniq= 1 | C3 draws=  320 comp=  1 uniq=  1 novel=  0 pruned=   0 bt=284 cap= 3 | C4 pool=  1 got= 1 short=0 | 2.6s
[1175] size=19 budget= 1092 C1 valid=35 novel=35 | C2 uniq= 7 | C3 draws= 1092 comp= 14 uniq= 14 novel= 14 pruned=   0 bt=654 cap= 7 | C4 pool=124 got= 7 short=0 | 9.5s
[1176] size=19 budget= 1721 C1 valid=25 novel=25 | C2 uniq=23 | C3 draws= 1721 comp= 16 uniq= 16 novel= 16 pruned=   0 bt=951 cap=16 | C4 pool=400 got=23 short=0 | 16.1s
[1177] size=11 budget=  512 C1 valid=64 novel= 0 | C2 uniq= 2 | C3 draws=  512 comp=  2 uniq=  2 novel=  0 pruned=   0 bt=431 cap= 5 | C4 pool=  3 got= 2 short=0 | 4.3s
[1178] size=15 budget=  709 C1 valid=63 novel=25 | C2 uniq=14 | C3 draws=  709 comp=  5 uniq=  5 novel=  3 pruned=   0 bt=553 cap= 8 | C4 pool=220 got=14 short=0 | 6.5s
[1179] size=13 budget=  320 C1 valid=64 novel= 0 | C2 uniq= 1 | C3 draws=  320 comp=  1 uniq=  1 novel=  0 pruned=   0 bt=279 cap= 3 | C4 pool=  1 got= 1 short=0 | 2.6s
[1180] size=15 budget=  320 C1 valid=64 novel= 0 | C2 uniq= 1 | C3 draws=  320 comp=  1 uniq=  1 novel=  0 pruned=   0 bt=282 cap= 3 | C4 pool=  1 got= 1 short=0 | 2.6s
[1181] size=15 budget=  588 C1 valid=61 novel=35 | C2 uniq= 3 | C3 draws=  588 comp=  2 uniq=  2 novel=  1 pruned=   0 bt=482 cap= 7 | C4 pool=  3 got= 3 short=0 | 5.0s
[1182] size=19 budget=  727 C1 valid=64 novel=26 | C2 uniq=31 | C3 draws=  727 comp=  7 uniq=  7 novel=  3 pruned=   0 bt=552 cap= 8 | C4 pool=400 got=31 short=0 | 6.0s
[1183] size=15 budget= 1046 C1 valid=64 novel=64 | C2 uniq= 2 | C3 draws= 1046 comp=  2 uniq=  2 novel=  2 pruned=   0 bt=775 cap=12 | C4 pool=  4 got= 2 short=0 | 9.7s
[1184] size=19 budget=  320 C1 valid=64 novel= 0 | C2 uniq= 1 | C3 draws=  320 comp=  1 uniq=  1 novel=  0 pruned=   0 bt=274 cap= 4 | C4 pool=  1 got= 1 short=0 | 2.6s
[1185] size=19 budget=  410 C1 valid=64 novel= 0 | C2 uniq= 2 | C3 draws=  410 comp=  2 uniq=  2 novel=  0 pruned=   0 bt=349 cap= 5 | C4 pool=  2 got= 2 short=0 | 3.3s
[1186] size=19 budget=  512 C1 valid=64 novel=64 | C2 uniq= 1 | C3 draws=  512 comp=  2 uniq=  2 novel=  2 pruned=   0 bt=400 cap= 5 | C4 pool=  1 got= 1 short=0 | 4.2s
[1187] size=19 budget=  943 C1 valid=63 novel=48 | C2 uniq=10 | C3 draws=  943 comp=  6 uniq=  6 novel=  5 pruned=   0 bt=679 cap=11 | C4 pool=104 got=10 short=0 | 8.2s
[1188] size=13 budget=  795 C1 valid=64 novel= 0 | C2 uniq= 5 | C3 draws=  795 comp=  5 uniq=  5 novel=  0 pruned=   0 bt=614 cap= 9 | C4 pool=  9 got= 5 short=0 | 6.8s
[1189] size= 9 budget=  357 C1 valid=64 novel= 0 | C2 uniq= 2 | C3 draws=  357 comp=  2 uniq=  2 novel=  0 pruned=   0 bt=305 cap= 4 | C4 pool=  2 got= 2 short=0 | 2.9s
[1190] size=11 budget=  576 C1 valid=64 novel= 0 | C2 uniq= 5 | C3 draws=  576 comp=  4 uniq=  4 novel=  0 pruned=   0 bt=456 cap= 6 | C4 pool=  9 got= 5 short=0 | 4.7s
[1191] size=15 budget=  384 C1 valid=64 novel= 0 | C2 uniq= 1 | C3 draws=  384 comp=  1 uniq=  1 novel=  0 pruned=   0 bt=338 cap= 4 | C4 pool=  1 got= 1 short=0 | 3.1s
[1192] size=11 budget=  442 C1 valid=64 novel= 0 | C2 uniq= 5 | C3 draws=  442 comp=  4 uniq=  4 novel=  0 pruned=   0 bt=368 cap= 4 | C4 pool=  5 got= 5 short=0 | 3.6s
[1193] size=19 budget= 1149 C1 valid=61 novel=29 | C2 uniq=31 | C3 draws= 1149 comp= 16 uniq= 16 novel=  7 pruned=   0 bt=718 cap=11 | C4 pool=400 got=31 short=0 | 9.6s
[1194] size=19 budget=  384 C1 valid=64 novel= 0 | C2 uniq= 1 | C3 draws=  384 comp=  1 uniq=  1 novel=  0 pruned=   0 bt=335 cap= 5 | C4 pool=  1 got= 1 short=0 | 3.1s
[1195] size=13 budget=  727 C1 valid=64 novel= 0 | C2 uniq= 2 | C3 draws=  727 comp=  2 uniq=  2 novel=  0 pruned=   0 bt=587 cap= 8 | C4 pool=  2 got= 2 short=0 | 6.3s
[1196] size=19 budget=  320 C1 valid=64 novel= 0 | C2 uniq= 1 | C3 draws=  320 comp=  1 uniq=  1 novel=  0 pruned=   0 bt=274 cap= 4 | C4 pool=  1 got= 1 short=0 | 2.6s
[1197] size=19 budget=  517 C1 valid=63 novel=63 | C2 uniq= 1 | C3 draws=  517 comp=  1 uniq=  1 novel=  1 pruned=   0 bt=451 cap= 6 | C4 pool=  1 got= 1 short=0 | 4.4s
[1198] size=11 budget=  506 C1 valid=64 novel= 1 | C2 uniq= 9 | C3 draws=  506 comp= 19 uniq= 19 novel=  7 pruned=   0 bt=180 cap= 0 | C4 pool=197 got= 9 short=0 | 3.9s
[1199] size=15 budget=  530 C1 valid=64 novel= 0 | C2 uniq= 2 | C3 draws=  530 comp=  2 uniq=  2 novel=  0 pruned=   0 bt=460 cap= 5 | C4 pool=  2 got= 2 short=0 | 4.2s
[1200] size=19 budget=  466 C1 valid=60 novel=18 | C2 uniq= 5 | C3 draws=  466 comp=  3 uniq=  3 novel=  1 pruned=   0 bt=395 cap= 5 | C4 pool=  8 got= 5 short=0 | 3.8s
[1201] size= 9 budget=  515 C1 valid=64 novel=13 | C2 uniq=11 | C3 draws=  515 comp=  4 uniq=  4 novel=  1 pruned=   0 bt=431 cap= 5 | C4 pool= 83 got=11 short=0 | 4.2s
[1202] size=17 budget= 1254 C1 valid=16 novel=16 | C2 uniq=11 | C3 draws= 1254 comp= 16 uniq= 16 novel= 16 pruned=   0 bt=737 cap=11 | C4 pool=400 got=11 short=0 | 11.1s
[1203] size=17 budget=  512 C1 valid=64 novel= 0 | C2 uniq= 1 | C3 draws=  512 comp=  1 uniq=  1 novel=  0 pruned=   0 bt=441 cap= 6 | C4 pool=  1 got= 1 short=0 | 4.2s
[1204] size=19 budget=  320 C1 valid=63 novel= 0 | C2 uniq= 1 | C3 draws=  320 comp=  1 uniq=  1 novel=  0 pruned=   0 bt=274 cap= 4 | C4 pool=  1 got= 1 short=0 | 2.6s
[1205] size=11 budget=  832 C1 valid=64 novel= 0 | C2 uniq= 1 | C3 draws=  832 comp=  1 uniq=  1 novel=  0 pruned=   0 bt=659 cap= 9 | C4 pool=  2 got= 1 short=0 | 7.5s
[1206] size=15 budget= 1156 C1 valid=62 novel=53 | C2 uniq=20 | C3 draws= 1156 comp= 14 uniq= 14 novel= 13 pruned=   0 bt=664 cap=11 | C4 pool= 80 got=20 short=0 | 10.0s
[1207] size=13 budget=  366 C1 valid=64 novel= 0 | C2 uniq= 3 | C3 draws=  366 comp=  2 uniq=  2 novel=  0 pruned=   0 bt=310 cap= 4 | C4 pool=  3 got= 3 short=0 | 2.9s
[1208] size=13 budget=  824 C1 valid=64 novel=46 | C2 uniq= 2 | C3 draws=  824 comp=  2 uniq=  2 novel=  1 pruned=   0 bt=661 cap= 9 | C4 pool=  2 got= 2 short=0 | 7.2s
[1209] size=19 budget=  861 C1 valid=44 novel=28 | C2 uniq=21 | C3 draws=  861 comp= 13 uniq= 13 novel= 10 pruned=   0 bt=569 cap= 7 | C4 pool=400 got=21 short=0 | 7.2s
[1210] size=17 budget=  320 C1 valid=64 novel= 0 | C2 uniq= 1 | C3 draws=  320 comp=  1 uniq=  1 novel=  0 pruned=   0 bt=273 cap= 4 | C4 pool=  1 got= 1 short=0 | 2.6s
[1211] size=17 budget=  385 C1 valid=64 novel= 0 | C2 uniq= 2 | C3 draws=  385 comp=  2 uniq=  2 novel=  0 pruned=   0 bt=328 cap= 4 | C4 pool=  4 got= 2 short=0 | 3.1s
[1212] size=13 budget=  448 C1 valid=64 novel= 0 | C2 uniq= 1 | C3 draws=  448 comp=  1 uniq=  1 novel=  0 pruned=   0 bt=387 cap= 5 | C4 pool=  1 got= 1 short=0 | 3.6s
[1213] size=15 budget=  975 C1 valid=64 novel=54 | C2 uniq=43 | C3 draws=  975 comp= 55 uniq= 55 novel= 54 pruned=   0 bt= 44 cap= 0 | C4 pool=400 got=43 short=0 | 6.9s
[1214] size= 7 budget=  320 C1 valid=64 novel= 0 | C2 uniq= 1 | C3 draws=  320 comp=  1 uniq=  1 novel=  0 pruned=   0 bt=288 cap= 3 | C4 pool=  1 got= 1 short=0 | 2.6s
[1215] size=11 budget=  619 C1 valid=64 novel=23 | C2 uniq=19 | C3 draws=  619 comp=  7 uniq=  7 novel=  6 pruned=   0 bt=452 cap= 6 | C4 pool=400 got=19 short=0 | 5.1s
[1216] size= 9 budget=  319 C1 valid=64 novel= 0 | C2 uniq= 7 | C3 draws=  319 comp=  4 uniq=  4 novel=  0 pruned=   0 bt=261 cap= 3 | C4 pool=  8 got= 7 short=0 | 2.5s
[1217] size=13 budget=  704 C1 valid=64 novel=64 | C2 uniq= 1 | C3 draws=  704 comp=  1 uniq=  1 novel=  1 pruned=   0 bt=611 cap= 8 | C4 pool=  1 got= 1 short=0 | 6.0s
[1218] size=17 budget= 1336 C1 valid=57 novel=57 | C2 uniq= 7 | C3 draws= 1336 comp=  5 uniq=  5 novel=  5 pruned=   0 bt=875 cap=15 | C4 pool=  2 got= 2 short=5 | 11.8s
[1219] size=11 budget=  341 C1 valid=64 novel= 0 | C2 uniq= 6 | C3 draws=  341 comp=  4 uniq=  4 novel=  0 pruned=   0 bt=287 cap= 3 | C4 pool=  6 got= 6 short=0 | 2.7s
[1220] size=15 budget=  376 C1 valid=64 novel= 0 | C2 uniq= 2 | C3 draws=  376 comp=  2 uniq=  2 novel=  0 pruned=   0 bt=324 cap= 4 | C4 pool=  2 got= 2 short=0 | 3.0s
[1221] size=19 budget=  462 C1 valid=64 novel= 3 | C2 uniq= 5 | C3 draws=  462 comp=  5 uniq=  5 novel=  2 pruned=   0 bt=375 cap= 4 | C4 pool= 40 got= 5 short=0 | 3.7s
[1222] size=17 budget=  448 C1 valid=64 novel= 0 | C2 uniq= 1 | C3 draws=  448 comp=  1 uniq=  1 novel=  0 pruned=   0 bt=387 cap= 5 | C4 pool=  1 got= 1 short=0 | 3.6s
[1223] size=15 budget=  512 C1 valid=64 novel= 0 | C2 uniq= 1 | C3 draws=  512 comp=  1 uniq=  1 novel=  0 pruned=   0 bt=448 cap= 6 | C4 pool=  1 got= 1 short=0 | 4.2s
[1224] size=15 budget=  409 C1 valid=64 novel=12 | C2 uniq= 4 | C3 draws=  409 comp=  5 uniq=  5 novel=  2 pruned=   0 bt=321 cap= 4 | C4 pool=  5 got= 4 short=0 | 3.3s
[1225] size=11 budget=  320 C1 valid=64 novel= 0 | C2 uniq= 1 | C3 draws=  320 comp=  1 uniq=  1 novel=  0 pruned=   0 bt=283 cap= 3 | C4 pool=  1 got= 1 short=0 | 2.6s
[1226] size=13 budget=  384 C1 valid=64 novel= 0 | C2 uniq= 2 | C3 draws=  384 comp=  2 uniq=  2 novel=  0 pruned=   0 bt=327 cap= 4 | C4 pool=  2 got= 2 short=0 | 3.1s
[1227] size=11 budget=  320 C1 valid=64 novel= 0 | C2 uniq= 1 | C3 draws=  320 comp=  1 uniq=  1 novel=  0 pruned=   0 bt=283 cap= 3 | C4 pool=  1 got= 1 short=0 | 2.6s
[1228] size=13 budget=  384 C1 valid=64 novel= 0 | C2 uniq= 2 | C3 draws=  384 comp=  2 uniq=  2 novel=  0 pruned=   0 bt=327 cap= 4 | C4 pool=  2 got= 2 short=0 | 3.1s
[1229] size=15 budget=  903 C1 valid=57 novel=29 | C2 uniq=20 | C3 draws=  903 comp=  6 uniq=  6 novel=  4 pruned=   0 bt=649 cap=10 | C4 pool=400 got=20 short=0 | 8.4s
[1230] size=15 budget= 1792 C1 valid= 1 novel= 1 | C2 uniq= 1 | C3 draws= 1792 comp=  5 uniq=  5 novel=  5 pruned=   0 bt=1151 cap=21 | C4 pool=400 got= 1 short=0 | 16.5s
[1231] size=13 budget=  848 C1 valid=62 novel=48 | C2 uniq=30 | C3 draws=  848 comp= 18 uniq= 18 novel= 16 pruned=   0 bt=496 cap= 7 | C4 pool=400 got=30 short=0 | 6.7s
[1232] size=13 budget=  320 C1 valid=64 novel= 0 | C2 uniq= 1 | C3 draws=  320 comp=  1 uniq=  1 novel=  0 pruned=   0 bt=279 cap= 3 | C4 pool=  1 got= 1 short=0 | 2.6s
[1233] size=13 budget= 1719 C1 valid=16 novel=16 | C2 uniq=14 | C3 draws= 1719 comp=  7 uniq=  7 novel=  7 pruned=   0 bt=1191 cap=19 | C4 pool=400 got=14 short=0 | 17.4s
[1234] size=15 budget=  832 C1 valid=64 novel=32 | C2 uniq= 2 | C3 draws=  832 comp=  2 uniq=  2 novel=  1 pruned=   0 bt=672 cap=10 | C4 pool=  2 got= 2 short=0 | 7.3s
[1235] size=15 budget=  384 C1 valid=64 novel= 0 | C2 uniq= 1 | C3 draws=  384 comp=  1 uniq=  1 novel=  0 pruned=   0 bt=338 cap= 4 | C4 pool=  1 got= 1 short=0 | 3.2s
[1236] size=11 budget=  384 C1 valid=64 novel= 0 | C2 uniq= 1 | C3 draws=  384 comp=  1 uniq=  1 novel=  0 pruned=   0 bt=337 cap= 4 | C4 pool=  1 got= 1 short=0 | 3.1s
[1237] size=19 budget=  426 C1 valid=64 novel= 0 | C2 uniq= 2 | C3 draws=  426 comp=  2 uniq=  2 novel=  0 pruned=   0 bt=364 cap= 5 | C4 pool=  2 got= 2 short=0 | 3.4s
[1238] size=19 budget=  578 C1 valid=64 novel=19 | C2 uniq= 8 | C3 draws=  578 comp=  6 uniq=  6 novel=  5 pruned=   0 bt=424 cap= 6 | C4 pool= 28 got= 8 short=0 | 4.7s
[1239] size=17 budget=  424 C1 valid=59 novel= 0 | C2 uniq= 1 | C3 draws=  424 comp=  1 uniq=  1 novel=  0 pruned=   0 bt=364 cap= 5 | C4 pool=  1 got= 1 short=0 | 3.5s
[1240] size= 9 budget=  398 C1 valid=64 novel= 0 | C2 uniq= 4 | C3 draws=  398 comp=  2 uniq=  2 novel=  0 pruned=   0 bt=341 cap= 4 | C4 pool=  5 got= 4 short=0 | 3.2s
[1241] size=19 budget=  604 C1 valid=60 novel=31 | C2 uniq= 2 | C3 draws=  604 comp=  2 uniq=  2 novel=  1 pruned=   0 bt=503 cap= 7 | C4 pool=  2 got= 2 short=0 | 5.1s
[1242] size= 9 budget=  692 C1 valid=54 novel=26 | C2 uniq= 5 | C3 draws=  692 comp=  3 uniq=  3 novel=  2 pruned=   0 bt=566 cap= 7 | C4 pool= 58 got= 5 short=0 | 5.9s
[1243] size=17 budget=  656 C1 valid=37 novel=17 | C2 uniq= 8 | C3 draws=  656 comp= 11 uniq= 11 novel=  8 pruned=   0 bt=447 cap= 6 | C4 pool= 13 got= 8 short=0 | 5.2s
[1244] size=11 budget=  384 C1 valid=64 novel= 0 | C2 uniq= 1 | C3 draws=  384 comp=  1 uniq=  1 novel=  0 pruned=   0 bt=337 cap= 4 | C4 pool=  1 got= 1 short=0 | 3.1s
[1245] size=19 budget=  798 C1 valid=64 novel=34 | C2 uniq= 7 | C3 draws=  798 comp=  9 uniq=  9 novel=  8 pruned=   0 bt=572 cap= 8 | C4 pool=  4 got= 4 short=3 | 6.6s
[1246] size=17 budget=  416 C1 valid=64 novel= 0 | C2 uniq= 3 | C3 draws=  416 comp=  3 uniq=  3 novel=  0 pruned=   0 bt=340 cap= 5 | C4 pool=  3 got= 3 short=0 | 3.4s
[1247] size=13 budget=  639 C1 valid=63 novel=63 | C2 uniq= 1 | C3 draws=  639 comp=  1 uniq=  1 novel=  1 pruned=   0 bt=548 cap= 7 | C4 pool=  1 got= 1 short=0 | 5.4s
[1248] size=13 budget=  512 C1 valid=64 novel= 0 | C2 uniq= 1 | C3 draws=  512 comp=  1 uniq=  1 novel=  0 pruned=   0 bt=433 cap= 6 | C4 pool=  1 got= 1 short=0 | 4.3s
[1249] size=17 budget= 1180 C1 valid=59 novel=56 | C2 uniq=40 | C3 draws= 1180 comp= 24 uniq= 24 novel= 22 pruned=   0 bt=600 cap= 6 | C4 pool=400 got=40 short=0 | 9.7s
[1250] size=17 budget=  513 C1 valid= 1 novel= 1 | C2 uniq= 1 | C3 draws=  513 comp=  2 uniq=  2 novel=  1 pruned=   0 bt=442 cap= 5 | C4 pool=  1 got= 1 short=0 | 4.1s
[1251] size=13 budget=  384 C1 valid=64 novel= 0 | C2 uniq= 1 | C3 draws=  384 comp=  1 uniq=  1 novel=  0 pruned=   0 bt=333 cap= 4 | C4 pool=  1 got= 1 short=0 | 3.1s
[1252] size=13 budget=  320 C1 valid=64 novel= 0 | C2 uniq= 1 | C3 draws=  320 comp=  1 uniq=  1 novel=  0 pruned=   0 bt=279 cap= 3 | C4 pool=  1 got= 1 short=0 | 2.6s
[1253] size=13 budget=  811 C1 valid=64 novel=62 | C2 uniq=27 | C3 draws=  811 comp= 30 uniq= 30 novel= 29 pruned=   0 bt=280 cap= 4 | C4 pool=400 got=27 short=0 | 6.1s
[1254] size=11 budget=  440 C1 valid=64 novel= 0 | C2 uniq= 6 | C3 draws=  440 comp=  5 uniq=  5 novel=  0 pruned=   0 bt=364 cap= 4 | C4 pool=  7 got= 6 short=0 | 3.5s
[1255] size=19 budget=  512 C1 valid=64 novel=64 | C2 uniq= 1 | C3 draws=  512 comp=  1 uniq=  1 novel=  1 pruned=   0 bt=447 cap= 6 | C4 pool=  1 got= 1 short=0 | 4.2s
[1256] size=11 budget=  389 C1 valid=64 novel= 7 | C2 uniq= 5 | C3 draws=  389 comp=  5 uniq=  5 novel=  1 pruned=   0 bt=316 cap= 4 | C4 pool=  5 got= 5 short=0 | 3.1s
[1257] size=13 budget=  256 C1 valid=64 novel= 0 | C2 uniq= 1 | C3 draws=  256 comp=  1 uniq=  1 novel=  0 pruned=   0 bt=217 cap= 3 | C4 pool=  1 got= 1 short=0 | 2.1s
[1258] size=13 budget=  384 C1 valid=64 novel= 0 | C2 uniq= 1 | C3 draws=  384 comp=  1 uniq=  1 novel=  0 pruned=   0 bt=333 cap= 4 | C4 pool=  1 got= 1 short=0 | 3.1s
[1259] size=17 budget=  704 C1 valid=64 novel=20 | C2 uniq= 5 | C3 draws=  704 comp=  2 uniq=  2 novel=  1 pruned=   0 bt=606 cap= 8 | C4 pool=  9 got= 5 short=0 | 5.7s
[1260] size=17 budget= 1067 C1 valid=34 novel=25 | C2 uniq=10 | C3 draws= 1067 comp= 21 uniq= 21 novel= 20 pruned=   0 bt=539 cap= 8 | C4 pool=400 got=10 short=0 | 8.9s
[1261] size= 9 budget=  576 C1 valid=64 novel= 0 | C2 uniq= 1 | C3 draws=  576 comp=  1 uniq=  1 novel=  0 pruned=   0 bt=483 cap= 6 | C4 pool=  1 got= 1 short=0 | 4.9s
[1262] size=11 budget=  448 C1 valid=64 novel= 0 | C2 uniq= 1 | C3 draws=  448 comp=  1 uniq=  1 novel=  0 pruned=   0 bt=393 cap= 5 | C4 pool=  1 got= 1 short=0 | 3.6s
[1263] size=15 budget=  371 C1 valid=63 novel= 0 | C2 uniq= 2 | C3 draws=  371 comp=  2 uniq=  2 novel=  0 pruned=   0 bt=319 cap= 4 | C4 pool=  2 got= 2 short=0 | 3.0s
[1264] size=17 budget=  932 C1 valid=64 novel=21 | C2 uniq= 6 | C3 draws=  932 comp=  9 uniq=  9 novel=  8 pruned=   0 bt=627 cap= 8 | C4 pool= 58 got= 6 short=0 | 8.9s
[1265] size=11 budget=  320 C1 valid=64 novel= 0 | C2 uniq= 1 | C3 draws=  320 comp=  1 uniq=  1 novel=  0 pruned=   0 bt=283 cap= 3 | C4 pool=  1 got= 1 short=0 | 2.6s
[1266] size=19 budget=  948 C1 valid=64 novel=64 | C2 uniq= 8 | C3 draws=  948 comp=  8 uniq=  8 novel=  8 pruned=   0 bt=683 cap=10 | C4 pool=  8 got= 8 short=0 | 8.0s
[1267] size=19 budget=  981 C1 valid=64 novel=39 | C2 uniq=17 | C3 draws=  981 comp= 14 uniq= 14 novel= 12 pruned=   0 bt=640 cap= 8 | C4 pool=400 got=17 short=0 | 8.3s
[1268] size=11 budget=  384 C1 valid=64 novel= 0 | C2 uniq= 1 | C3 draws=  384 comp=  1 uniq=  1 novel=  0 pruned=   0 bt=337 cap= 4 | C4 pool=  1 got= 1 short=0 | 3.1s
[1269] size=17 budget=  664 C1 valid=64 novel= 7 | C2 uniq= 7 | C3 draws=  664 comp=  5 uniq=  5 novel=  2 pruned=   0 bt=505 cap= 6 | C4 pool= 69 got= 7 short=0 | 5.5s
[1270] size=17 budget=  868 C1 valid=56 novel=37 | C2 uniq=27 | C3 draws=  868 comp= 16 uniq= 16 novel= 11 pruned=   0 bt=573 cap= 6 | C4 pool=400 got=27 short=0 | 7.0s
[1271] size=13 budget=  535 C1 valid=52 novel= 8 | C2 uniq=10 | C3 draws=  535 comp= 24 uniq= 24 novel= 21 pruned=   0 bt=107 cap= 0 | C4 pool=400 got=10 short=0 | 3.9s
[1272] size=15 budget=  576 C1 valid=64 novel= 0 | C2 uniq= 1 | C3 draws=  576 comp=  1 uniq=  1 novel=  0 pruned=   0 bt=470 cap= 7 | C4 pool=  1 got= 1 short=0 | 5.0s
[1273] size=15 budget= 1330 C1 valid=43 novel=27 | C2 uniq=20 | C3 draws= 1330 comp= 22 uniq= 22 novel= 21 pruned=   0 bt=655 cap=10 | C4 pool=400 got=20 short=0 | 10.9s
[1274] size=17 budget=  397 C1 valid=64 novel= 0 | C2 uniq= 2 | C3 draws=  397 comp=  1 uniq=  1 novel=  0 pruned=   0 bt=340 cap= 5 | C4 pool=  2 got= 2 short=0 | 3.2s
[1275] size=11 budget=  620 C1 valid=64 novel=10 | C2 uniq= 4 | C3 draws=  620 comp=  4 uniq=  4 novel=  1 pruned=   0 bt=497 cap= 6 | C4 pool=  4 got= 4 short=0 | 5.3s
[1276] size=19 budget=  680 C1 valid=64 novel=64 | C2 uniq= 3 | C3 draws=  680 comp=  3 uniq=  3 novel=  3 pruned=   0 bt=540 cap= 8 | C4 pool=  3 got= 3 short=0 | 5.8s
[1277] size=11 budget=  256 C1 valid=64 novel= 0 | C2 uniq= 1 | C3 draws=  256 comp=  1 uniq=  1 novel=  0 pruned=   0 bt=225 cap= 3 | C4 pool=  1 got= 1 short=0 | 2.1s
[1278] size=17 budget=  542 C1 valid=64 novel=64 | C2 uniq= 2 | C3 draws=  542 comp=  2 uniq=  2 novel=  2 pruned=   0 bt=448 cap= 6 | C4 pool=  2 got= 2 short=0 | 4.7s
[1279] size=17 budget=  358 C1 valid=63 novel= 6 | C2 uniq= 2 | C3 draws=  358 comp=  2 uniq=  2 novel=  1 pruned=   0 bt=294 cap= 4 | C4 pool=  2 got= 2 short=0 | 3.0s
[1280] size=15 budget=  789 C1 valid=64 novel=13 | C2 uniq=10 | C3 draws=  789 comp=  8 uniq=  8 novel=  2 pruned=   0 bt=558 cap= 8 | C4 pool= 44 got=10 short=0 | 6.8s
[1281] size=17 budget=  320 C1 valid=64 novel= 0 | C2 uniq= 1 | C3 draws=  320 comp=  1 uniq=  1 novel=  0 pruned=   0 bt=273 cap= 4 | C4 pool=  1 got= 1 short=0 | 2.6s
[1282] size=13 budget=  384 C1 valid=64 novel= 0 | C2 uniq= 1 | C3 draws=  384 comp=  1 uniq=  1 novel=  0 pruned=   0 bt=333 cap= 4 | C4 pool=  1 got= 1 short=0 | 3.1s
[1283] size=15 budget=  738 C1 valid=64 novel=28 | C2 uniq= 5 | C3 draws=  738 comp=  2 uniq=  2 novel=  1 pruned=   0 bt=639 cap= 9 | C4 pool=  5 got= 5 short=0 | 6.0s
[1284] size=17 budget=  514 C1 valid=63 novel=63 | C2 uniq= 1 | C3 draws=  514 comp=  1 uniq=  1 novel=  1 pruned=   0 bt=437 cap= 6 | C4 pool=  1 got= 1 short=0 | 4.3s
[1285] size=15 budget=  559 C1 valid=63 novel=28 | C2 uniq=12 | C3 draws=  559 comp=  5 uniq=  5 novel=  1 pruned=   0 bt=467 cap= 6 | C4 pool= 58 got=12 short=0 | 4.5s
[1286] size=17 budget=  489 C1 valid=64 novel=14 | C2 uniq= 9 | C3 draws=  489 comp=  4 uniq=  4 novel=  2 pruned=   0 bt=398 cap= 5 | C4 pool= 18 got= 9 short=0 | 3.9s
[1287] size=17 budget=  367 C1 valid=64 novel= 0 | C2 uniq= 3 | C3 draws=  367 comp=  3 uniq=  3 novel=  0 pruned=   0 bt=305 cap= 4 | C4 pool=  3 got= 3 short=0 | 2.9s
[1288] size=11 budget=  488 C1 valid=54 novel= 4 | C2 uniq= 8 | C3 draws=  488 comp=  4 uniq=  4 novel=  3 pruned=   0 bt=394 cap= 5 | C4 pool=400 got= 8 short=0 | 4.1s
[1289] size=13 budget=  677 C1 valid=64 novel=35 | C2 uniq=11 | C3 draws=  677 comp=  7 uniq=  7 novel=  5 pruned=   0 bt=516 cap= 7 | C4 pool=400 got=11 short=0 | 5.6s
[1290] size=13 budget=  581 C1 valid=64 novel= 0 | C2 uniq= 2 | C3 draws=  581 comp=  2 uniq=  2 novel=  0 pruned=   0 bt=483 cap= 6 | C4 pool=  6 got= 2 short=0 | 4.8s
[1291] size=11 budget=  351 C1 valid=63 novel= 0 | C2 uniq= 3 | C3 draws=  351 comp=  2 uniq=  2 novel=  0 pruned=   0 bt=299 cap= 4 | C4 pool=  6 got= 3 short=0 | 2.8s
[1292] size=19 budget=  686 C1 valid=64 novel= 0 | C2 uniq= 3 | C3 draws=  686 comp=  3 uniq=  3 novel=  0 pruned=   0 bt=542 cap= 8 | C4 pool=  3 got= 3 short=0 | 5.8s
[1293] size=17 budget=  533 C1 valid=64 novel=21 | C2 uniq=12 | C3 draws=  533 comp=  6 uniq=  6 novel=  3 pruned=   0 bt=404 cap= 6 | C4 pool=400 got=12 short=0 | 4.4s
[1294] size= 9 budget=  413 C1 valid=64 novel= 5 | C2 uniq= 3 | C3 draws=  413 comp= 11 uniq= 11 novel=  9 pruned=   0 bt=216 cap= 1 | C4 pool=  7 got= 3 short=0 | 3.2s
[1295] size=13 budget=  256 C1 valid=64 novel= 0 | C2 uniq= 1 | C3 draws=  256 comp=  2 uniq=  2 novel=  0 pruned=   0 bt=217 cap= 3 | C4 pool=  2 got= 1 short=0 | 2.0s
[1296] size=13 budget=  588 C1 valid=63 novel=26 | C2 uniq= 4 | C3 draws=  588 comp=  4 uniq=  4 novel=  2 pruned=   0 bt=469 cap= 6 | C4 pool=  6 got= 4 short=0 | 4.9s
[1297] size=13 budget=  576 C1 valid=64 novel=64 | C2 uniq= 2 | C3 draws=  576 comp=  2 uniq=  2 novel=  2 pruned=   0 bt=481 cap= 6 | C4 pool=  2 got= 2 short=0 | 4.8s
[1298] size=19 budget= 1535 C1 valid=51 novel=51 | C2 uniq= 9 | C3 draws= 1535 comp= 15 uniq= 15 novel= 15 pruned=   0 bt=808 cap=11 | C4 pool=246 got= 9 short=0 | 14.4s
[1299] size=17 budget=  550 C1 valid=36 novel=36 | C2 uniq= 2 | C3 draws=  550 comp=  2 uniq=  2 novel=  2 pruned=   0 bt=468 cap= 6 | C4 pool=  2 got= 2 short=0 | 4.5s
[1300] size=19 budget= 1197 C1 valid=24 novel=24 | C2 uniq= 6 | C3 draws= 1197 comp= 11 uniq= 11 novel= 10 pruned=   0 bt=777 cap=10 | C4 pool= 73 got= 6 short=0 | 11.0s
[1301] size=13 budget=  885 C1 valid=63 novel=15 | C2 uniq= 7 | C3 draws=  885 comp=  6 uniq=  6 novel=  4 pruned=   0 bt=645 cap= 9 | C4 pool= 87 got= 7 short=0 | 7.6s
[1302] size=19 budget= 1132 C1 valid=48 novel=48 | C2 uniq=19 | C3 draws= 1132 comp= 12 uniq= 12 novel= 12 pruned=   0 bt=688 cap=11 | C4 pool=400 got=19 short=0 | 10.7s
[1303] size=13 budget=  320 C1 valid=64 novel= 0 | C2 uniq= 1 | C3 draws=  320 comp=  1 uniq=  1 novel=  0 pruned=   0 bt=279 cap= 3 | C4 pool=  1 got= 1 short=0 | 2.6s
[1304] size=15 budget=  640 C1 valid=64 novel=64 | C2 uniq= 1 | C3 draws=  640 comp=  1 uniq=  1 novel=  1 pruned=   0 bt=536 cap= 7 | C4 pool=  1 got= 1 short=0 | 5.5s
[1305] size=13 budget=  415 C1 valid=64 novel= 0 | C2 uniq= 2 | C3 draws=  415 comp=  2 uniq=  2 novel=  0 pruned=   0 bt=353 cap= 4 | C4 pool=  2 got= 2 short=0 | 3.5s
[1306] size=17 budget=  492 C1 valid=64 novel= 1 | C2 uniq= 3 | C3 draws=  492 comp=  2 uniq=  2 novel=  0 pruned=   0 bt=412 cap= 6 | C4 pool=  3 got= 3 short=0 | 4.0s
[1307] size= 9 budget=  512 C1 valid=64 novel= 0 | C2 uniq= 1 | C3 draws=  512 comp=  1 uniq=  1 novel=  0 pruned=   0 bt=443 cap= 5 | C4 pool=  1 got= 1 short=0 | 4.4s
[1308] size=13 budget= 1189 C1 valid=29 novel=29 | C2 uniq=24 | C3 draws= 1189 comp= 36 uniq= 36 novel= 36 pruned=   0 bt=356 cap= 4 | C4 pool=400 got=24 short=0 | 9.6s
[1309] size= 9 budget=  384 C1 valid=64 novel= 0 | C2 uniq= 1 | C3 draws=  384 comp=  1 uniq=  1 novel=  0 pruned=   0 bt=333 cap= 4 | C4 pool=  1 got= 1 short=0 | 3.1s
[1310] size=11 budget=  643 C1 valid=59 novel= 9 | C2 uniq= 7 | C3 draws=  643 comp=  2 uniq=  2 novel=  0 pruned=   0 bt=554 cap= 7 | C4 pool= 28 got= 7 short=0 | 5.3s
[1311] size=17 budget= 1111 C1 valid=30 novel=30 | C2 uniq=22 | C3 draws= 1111 comp= 19 uniq= 19 novel= 19 pruned=   0 bt=693 cap= 8 | C4 pool=400 got=22 short=0 | 8.9s
[1312] size=17 budget=  384 C1 valid=64 novel= 0 | C2 uniq= 1 | C3 draws=  384 comp=  1 uniq=  1 novel=  0 pruned=   0 bt=334 cap= 4 | C4 pool=  1 got= 1 short=0 | 3.1s
[1313] size=17 budget=  423 C1 valid=64 novel= 3 | C2 uniq= 3 | C3 draws=  423 comp=  3 uniq=  3 novel=  1 pruned=   0 bt=341 cap= 5 | C4 pool=  3 got= 3 short=0 | 3.4s
[1314] size= 7 budget=  320 C1 valid=64 novel= 0 | C2 uniq= 1 | C3 draws=  320 comp=  1 uniq=  1 novel=  0 pruned=   0 bt=288 cap= 3 | C4 pool=  1 got= 1 short=0 | 2.6s
[1315] size=19 budget=  384 C1 valid=64 novel= 0 | C2 uniq= 1 | C3 draws=  384 comp=  1 uniq=  1 novel=  0 pruned=   0 bt=335 cap= 5 | C4 pool=  1 got= 1 short=0 | 3.1s
[1316] size=15 budget=  659 C1 valid=64 novel=45 | C2 uniq= 3 | C3 draws=  659 comp=  3 uniq=  3 novel=  2 pruned=   0 bt=532 cap= 7 | C4 pool=  8 got= 3 short=0 | 5.6s
[1317] size=19 budget=  256 C1 valid=64 novel= 0 | C2 uniq= 1 | C3 draws=  256 comp=  1 uniq=  1 novel=  0 pruned=   0 bt=219 cap= 3 | C4 pool=  1 got= 1 short=0 | 2.1s
[1318] size=17 budget=  320 C1 valid=64 novel= 0 | C2 uniq= 1 | C3 draws=  320 comp=  1 uniq=  1 novel=  0 pruned=   0 bt=273 cap= 4 | C4 pool=  1 got= 1 short=0 | 2.6s
[1319] size=19 budget=  930 C1 valid= 0 novel= 0 | C2 uniq= 0 | C3 draws=  930 comp=  0 uniq=  0 novel=  0 pruned=   0 bt=799 cap=12 | C4 pool=  2 got= 0 short=0 | 8.0s
[1320] size= 9 budget=  562 C1 valid=64 novel= 0 | C2 uniq= 2 | C3 draws=  562 comp=  2 uniq=  2 novel=  0 pruned=   0 bt=460 cap= 6 | C4 pool=  2 got= 2 short=0 | 4.7s
[1321] size=15 budget=  384 C1 valid=64 novel= 0 | C2 uniq= 1 | C3 draws=  384 comp=  1 uniq=  1 novel=  0 pruned=   0 bt=338 cap= 4 | C4 pool=  1 got= 1 short=0 | 3.1s
[1322] size=13 budget=  512 C1 valid=64 novel=18 | C2 uniq= 2 | C3 draws=  512 comp=  2 uniq=  2 novel=  1 pruned=   0 bt=422 cap= 6 | C4 pool=  2 got= 2 short=0 | 4.3s
[1323] size=19 budget=  448 C1 valid=64 novel= 0 | C2 uniq= 1 | C3 draws=  448 comp=  1 uniq=  1 novel=  0 pruned=   0 bt=393 cap= 5 | C4 pool=  1 got= 1 short=0 | 3.6s
[1324] size=17 budget=  642 C1 valid=58 novel=29 | C2 uniq=16 | C3 draws=  642 comp= 32 uniq= 32 novel= 30 pruned=   0 bt=171 cap= 0 | C4 pool=112 got=16 short=0 | 4.5s
[1325] size=19 budget=  448 C1 valid=64 novel= 0 | C2 uniq= 1 | C3 draws=  448 comp=  1 uniq=  1 novel=  0 pruned=   0 bt=393 cap= 5 | C4 pool=  1 got= 1 short=0 | 3.7s
[1326] size=11 budget=  320 C1 valid=64 novel= 0 | C2 uniq= 1 | C3 draws=  320 comp=  1 uniq=  1 novel=  0 pruned=   0 bt=283 cap= 3 | C4 pool=  1 got= 1 short=0 | 2.6s
[1327] size=11 budget=  570 C1 valid=64 novel= 0 | C2 uniq= 2 | C3 draws=  570 comp=  2 uniq=  2 novel=  0 pruned=   0 bt=479 cap= 6 | C4 pool=  2 got= 2 short=0 | 4.7s
[1328] size=15 budget= 1010 C1 valid=56 novel=25 | C2 uniq= 5 | C3 draws= 1010 comp=  4 uniq=  4 novel=  3 pruned=   0 bt=788 cap=11 | C4 pool=  5 got= 5 short=0 | 8.5s
[1329] size=17 budget=  267 C1 valid=64 novel= 0 | C2 uniq= 2 | C3 draws=  267 comp=  2 uniq=  2 novel=  0 pruned=   0 bt=222 cap= 3 | C4 pool=  3 got= 2 short=0 | 2.1s
[1330] size=17 budget= 1136 C1 valid=51 novel=47 | C2 uniq=37 | C3 draws= 1136 comp= 35 uniq= 35 novel= 34 pruned=   0 bt=371 cap= 5 | C4 pool=400 got=37 short=0 | 9.0s
[1331] size=15 budget=  379 C1 valid=60 novel= 0 | C2 uniq= 1 | C3 draws=  379 comp=  1 uniq=  1 novel=  0 pruned=   0 bt=333 cap= 4 | C4 pool=  1 got= 1 short=0 | 3.1s
[1332] size=19 budget=  719 C1 valid=64 novel=47 | C2 uniq= 5 | C3 draws=  719 comp=  4 uniq=  4 novel=  3 pruned=   0 bt=565 cap= 8 | C4 pool=  5 got= 5 short=0 | 6.1s
[1333] size=11 budget=  320 C1 valid=64 novel= 0 | C2 uniq= 1 | C3 draws=  320 comp=  1 uniq=  1 novel=  0 pruned=   0 bt=283 cap= 3 | C4 pool=  1 got= 1 short=0 | 2.6s
[1334] size=17 budget= 1263 C1 valid=52 novel=52 | C2 uniq=40 | C3 draws= 1263 comp= 43 uniq= 43 novel= 43 pruned=   0 bt=301 cap= 4 | C4 pool=400 got=40 short=0 | 9.3s
[1335] size=13 budget=  474 C1 valid=64 novel= 5 | C2 uniq= 5 | C3 draws=  474 comp=  5 uniq=  5 novel=  1 pruned=   0 bt=378 cap= 5 | C4 pool=  5 got= 5 short=0 | 3.9s
[1336] size=19 budget=  627 C1 valid=56 novel=20 | C2 uniq=13 | C3 draws=  627 comp= 13 uniq= 13 novel= 10 pruned=   0 bt=397 cap= 4 | C4 pool= 45 got=13 short=0 | 4.9s
[1337] size= 9 budget=  384 C1 valid=64 novel= 0 | C2 uniq= 1 | C3 draws=  384 comp=  1 uniq=  1 novel=  0 pruned=   0 bt=333 cap= 4 | C4 pool=  1 got= 1 short=0 | 3.1s
[1338] size=11 budget=  358 C1 valid=64 novel= 0 | C2 uniq= 2 | C3 draws=  358 comp=  2 uniq=  2 novel=  0 pruned=   0 bt=305 cap= 4 | C4 pool=  2 got= 2 short=0 | 2.9s
[1339] size=15 budget=  598 C1 valid=64 novel= 0 | C2 uniq= 2 | C3 draws=  598 comp=  2 uniq=  2 novel=  0 pruned=   0 bt=493 cap= 7 | C4 pool=  2 got= 2 short=0 | 5.1s
[1340] size=17 budget=  472 C1 valid=64 novel= 0 | C2 uniq= 2 | C3 draws=  472 comp=  2 uniq=  2 novel=  0 pruned=   0 bt=404 cap= 5 | C4 pool=  2 got= 2 short=0 | 3.8s
[1341] size=11 budget=  256 C1 valid=64 novel= 0 | C2 uniq= 1 | C3 draws=  256 comp=  1 uniq=  1 novel=  0 pruned=   0 bt=225 cap= 3 | C4 pool=  1 got= 1 short=0 | 2.1s
[1342] size=13 budget=  498 C1 valid=64 novel=23 | C2 uniq= 3 | C3 draws=  498 comp=  3 uniq=  3 novel=  1 pruned=   0 bt=415 cap= 5 | C4 pool=  4 got= 3 short=0 | 4.1s
[1343] size=11 budget=  384 C1 valid=64 novel= 0 | C2 uniq= 1 | C3 draws=  384 comp=  1 uniq=  1 novel=  0 pruned=   0 bt=337 cap= 4 | C4 pool=  1 got= 1 short=0 | 3.1s
[1344] size=13 budget=  890 C1 valid=64 novel=50 | C2 uniq=17 | C3 draws=  890 comp= 13 uniq= 13 novel= 10 pruned=   0 bt=578 cap= 7 | C4 pool= 21 got=17 short=0 | 7.3s
[1345] size=11 budget=  384 C1 valid=64 novel= 0 | C2 uniq= 1 | C3 draws=  384 comp=  1 uniq=  1 novel=  0 pruned=   0 bt=337 cap= 4 | C4 pool=  1 got= 1 short=0 | 3.1s
[1346] size=19 budget= 1045 C1 valid=56 novel=35 | C2 uniq=32 | C3 draws= 1045 comp= 18 uniq= 18 novel= 11 pruned=   0 bt=615 cap= 7 | C4 pool=400 got=32 short=0 | 10.3s
[1347] size=13 budget=  774 C1 valid=64 novel=10 | C2 uniq= 6 | C3 draws=  774 comp=  4 uniq=  4 novel=  1 pruned=   0 bt=598 cap= 8 | C4 pool= 44 got= 6 short=0 | 7.0s
[1348] size= 7 budget=  667 C1 valid=64 novel=33 | C2 uniq=27 | C3 draws=  667 comp= 47 uniq= 47 novel= 35 pruned=   0 bt= 39 cap= 0 | C4 pool=400 got=27 short=0 | 4.1s
[1349] size=11 budget=  384 C1 valid=64 novel= 0 | C2 uniq= 2 | C3 draws=  384 comp=  1 uniq=  1 novel=  0 pruned=   0 bt=337 cap= 4 | C4 pool=  2 got= 2 short=0 | 3.1s
[1350] size=11 budget= 1150 C1 valid= 5 novel= 5 | C2 uniq= 3 | C3 draws= 1150 comp= 11 uniq= 11 novel= 11 pruned=   0 bt=675 cap=11 | C4 pool=400 got= 3 short=0 | 10.6s
[1351] size=11 budget=  320 C1 valid=64 novel= 0 | C2 uniq= 1 | C3 draws=  320 comp=  1 uniq=  1 novel=  0 pruned=   0 bt=283 cap= 3 | C4 pool=  1 got= 1 short=0 | 2.6s
[1352] size=11 budget=  384 C1 valid=64 novel= 0 | C2 uniq= 1 | C3 draws=  384 comp=  1 uniq=  1 novel=  0 pruned=   0 bt=337 cap= 4 | C4 pool=  1 got= 1 short=0 | 3.1s
[1353] size=19 budget=  351 C1 valid=64 novel= 0 | C2 uniq= 2 | C3 draws=  351 comp=  2 uniq=  2 novel=  0 pruned=   0 bt=299 cap= 4 | C4 pool=  2 got= 2 short=0 | 2.8s
[1354] size=13 budget=  320 C1 valid=64 novel= 0 | C2 uniq= 1 | C3 draws=  320 comp=  1 uniq=  1 novel=  0 pruned=   0 bt=279 cap= 3 | C4 pool=  1 got= 1 short=0 | 2.6s
[1355] size=15 budget=  832 C1 valid=64 novel=64 | C2 uniq= 1 | C3 draws=  832 comp=  1 uniq=  1 novel=  1 pruned=   0 bt=654 cap=10 | C4 pool=  1 got= 1 short=0 | 7.4s
[1356] size=17 budget=  448 C1 valid=64 novel= 0 | C2 uniq= 1 | C3 draws=  448 comp=  1 uniq=  1 novel=  0 pruned=   0 bt=387 cap= 5 | C4 pool=  1 got= 1 short=0 | 3.6s
[1357] size=15 budget=  576 C1 valid=64 novel=64 | C2 uniq= 1 | C3 draws=  576 comp=  1 uniq=  1 novel=  1 pruned=   0 bt=488 cap= 7 | C4 pool=  1 got= 1 short=0 | 4.8s
[1358] size=17 budget=  522 C1 valid=59 novel= 7 | C2 uniq=10 | C3 draws=  522 comp=  5 uniq=  5 novel=  1 pruned=   0 bt=410 cap= 6 | C4 pool=240 got=10 short=0 | 4.2s
[1359] size=13 budget=  384 C1 valid=64 novel= 0 | C2 uniq= 1 | C3 draws=  384 comp=  1 uniq=  1 novel=  0 pruned=   0 bt=333 cap= 4 | C4 pool=  1 got= 1 short=0 | 3.1s
[1360] size= 9 budget=  320 C1 valid=64 novel= 0 | C2 uniq= 1 | C3 draws=  320 comp=  1 uniq=  1 novel=  0 pruned=   0 bt=279 cap= 3 | C4 pool=  1 got= 1 short=0 | 2.6s
[1361] size=15 budget=  384 C1 valid=64 novel= 0 | C2 uniq= 1 | C3 draws=  384 comp=  1 uniq=  1 novel=  0 pruned=   0 bt=338 cap= 4 | C4 pool=  1 got= 1 short=0 | 3.2s
[1362] size=13 budget=  256 C1 valid=64 novel= 0 | C2 uniq= 1 | C3 draws=  256 comp=  1 uniq=  1 novel=  0 pruned=   0 bt=217 cap= 3 | C4 pool=  1 got= 1 short=0 | 2.0s
[1363] size= 9 budget=  830 C1 valid=64 novel=39 | C2 uniq=40 | C3 draws=  830 comp= 13 uniq= 13 novel=  9 pruned=   0 bt=577 cap= 7 | C4 pool=400 got=40 short=0 | 6.8s
[1364] size=11 budget=  384 C1 valid=64 novel= 0 | C2 uniq= 1 | C3 draws=  384 comp=  1 uniq=  1 novel=  0 pruned=   0 bt=337 cap= 4 | C4 pool=  1 got= 1 short=0 | 3.1s
[1365] size=17 budget=  557 C1 valid=64 novel=15 | C2 uniq= 6 | C3 draws=  557 comp=  6 uniq=  6 novel=  3 pruned=   0 bt=424 cap= 6 | C4 pool=  8 got= 6 short=0 | 4.5s
[1366] size=17 budget=  512 C1 valid=64 novel=19 | C2 uniq= 3 | C3 draws=  512 comp=  2 uniq=  2 novel=  1 pruned=   0 bt=435 cap= 6 | C4 pool=  5 got= 3 short=0 | 4.1s
[1367] size=15 budget=  383 C1 valid=63 novel= 0 | C2 uniq= 1 | C3 draws=  383 comp=  1 uniq=  1 novel=  0 pruned=   0 bt=327 cap= 4 | C4 pool=  1 got= 1 short=0 | 3.2s
[1368] size=17 budget=  576 C1 valid=64 novel=64 | C2 uniq= 1 | C3 draws=  576 comp=  1 uniq=  1 novel=  1 pruned=   0 bt=463 cap= 7 | C4 pool=  1 got= 1 short=0 | 5.1s
[1369] size=17 budget=  616 C1 valid=49 novel=13 | C2 uniq= 9 | C3 draws=  616 comp=  7 uniq=  7 novel=  6 pruned=   0 bt=434 cap= 6 | C4 pool= 51 got= 9 short=0 | 4.9s
[1370] size=17 budget=  396 C1 valid=64 novel= 1 | C2 uniq= 7 | C3 draws=  396 comp=  6 uniq=  6 novel=  1 pruned=   0 bt=305 cap= 4 | C4 pool=  9 got= 7 short=0 | 3.2s
[1371] size=15 budget=  433 C1 valid=59 novel=21 | C2 uniq= 2 | C3 draws=  433 comp=  2 uniq=  2 novel=  1 pruned=   0 bt=355 cap= 5 | C4 pool=  2 got= 2 short=0 | 3.6s
[1372] size=19 budget=  776 C1 valid=60 novel=37 | C2 uniq=19 | C3 draws=  776 comp= 11 uniq= 11 novel=  8 pruned=   0 bt=570 cap= 8 | C4 pool=400 got=19 short=0 | 6.2s
[1373] size=15 budget=  488 C1 valid=64 novel= 0 | C2 uniq= 3 | C3 draws=  488 comp=  3 uniq=  3 novel=  0 pruned=   0 bt=417 cap= 5 | C4 pool=  3 got= 3 short=0 | 3.9s
[1374] size=15 budget= 1586 C1 valid=17 novel=16 | C2 uniq=15 | C3 draws= 1586 comp= 12 uniq= 12 novel= 11 pruned=   0 bt=809 cap=15 | C4 pool=400 got=15 short=0 | 14.7s
[1375] size=11 budget=  741 C1 valid=64 novel=39 | C2 uniq= 6 | C3 draws=  741 comp=  6 uniq=  6 novel=  4 pruned=   0 bt=548 cap= 8 | C4 pool=  6 got= 6 short=0 | 6.4s
[1376] size=19 budget=  422 C1 valid=52 novel= 0 | C2 uniq= 1 | C3 draws=  422 comp=  2 uniq=  2 novel=  1 pruned=   0 bt=336 cap= 5 | C4 pool=  2 got= 1 short=0 | 3.5s
[1377] size= 9 budget= 1188 C1 valid=43 novel=43 | C2 uniq=36 | C3 draws= 1188 comp= 48 uniq= 48 novel= 47 pruned=   0 bt=217 cap= 3 | C4 pool=400 got=36 short=0 | 8.4s
[1378] size=17 budget=  682 C1 valid=52 novel=26 | C2 uniq= 3 | C3 draws=  682 comp=  3 uniq=  3 novel=  2 pruned=   0 bt=552 cap= 8 | C4 pool=  3 got= 3 short=0 | 5.6s
[1379] size=19 budget=  797 C1 valid=64 novel=29 | C2 uniq= 4 | C3 draws=  797 comp=  4 uniq=  4 novel=  3 pruned=   0 bt=616 cap= 9 | C4 pool=  4 got= 4 short=0 | 6.9s
[1380] size=19 budget=  643 C1 valid=64 novel=13 | C2 uniq=19 | C3 draws=  643 comp= 22 uniq= 22 novel= 15 pruned=   0 bt=234 cap= 3 | C4 pool=400 got=19 short=0 | 5.2s
[1381] size=11 budget=  384 C1 valid=64 novel= 0 | C2 uniq= 1 | C3 draws=  384 comp=  1 uniq=  1 novel=  0 pruned=   0 bt=337 cap= 4 | C4 pool=  1 got= 1 short=0 | 3.1s
[1382] size=11 budget=  633 C1 valid=64 novel=40 | C2 uniq= 9 | C3 draws=  633 comp=  7 uniq=  7 novel=  5 pruned=   0 bt=480 cap= 6 | C4 pool= 24 got= 9 short=0 | 5.3s
[1383] size=15 budget=  320 C1 valid=64 novel= 0 | C2 uniq= 1 | C3 draws=  320 comp=  1 uniq=  1 novel=  0 pruned=   0 bt=282 cap= 3 | C4 pool=  1 got= 1 short=0 | 2.6s
[1384] size=15 budget=  347 C1 valid=64 novel= 5 | C2 uniq= 3 | C3 draws=  347 comp=  3 uniq=  3 novel=  1 pruned=   0 bt=282 cap= 4 | C4 pool=  3 got= 3 short=0 | 2.7s
[1385] size= 9 budget=  320 C1 valid=64 novel= 0 | C2 uniq= 1 | C3 draws=  320 comp=  1 uniq=  1 novel=  0 pruned=   0 bt=279 cap= 3 | C4 pool=  1 got= 1 short=0 | 2.6s
[1386] size= 7 budget=  256 C1 valid=64 novel= 0 | C2 uniq= 1 | C3 draws=  256 comp=  1 uniq=  1 novel=  0 pruned=   0 bt=231 cap= 2 | C4 pool=  1 got= 1 short=0 | 2.1s
[1387] size=13 budget=  384 C1 valid=64 novel= 0 | C2 uniq= 1 | C3 draws=  384 comp=  1 uniq=  1 novel=  0 pruned=   0 bt=333 cap= 4 | C4 pool=  1 got= 1 short=0 | 3.1s
[1388] size= 9 budget=  448 C1 valid=64 novel= 0 | C2 uniq= 1 | C3 draws=  448 comp=  1 uniq=  1 novel=  0 pruned=   0 bt=380 cap= 5 | C4 pool=  1 got= 1 short=0 | 3.8s
[1389] size=13 budget=  535 C1 valid=64 novel= 0 | C2 uniq=12 | C3 draws=  535 comp= 13 uniq= 13 novel=  0 pruned=   0 bt=270 cap= 4 | C4 pool=400 got=12 short=0 | 5.5s
[1390] size=13 budget=  256 C1 valid=64 novel= 0 | C2 uniq= 1 | C3 draws=  256 comp=  1 uniq=  1 novel=  0 pruned=   0 bt=217 cap= 3 | C4 pool=  1 got= 1 short=0 | 2.1s
[1391] size= 9 budget=  892 C1 valid=64 novel=55 | C2 uniq=29 | C3 draws=  892 comp= 45 uniq= 45 novel= 43 pruned=   0 bt=152 cap= 0 | C4 pool=400 got=29 short=0 | 6.0s
[1392] size=11 budget=  320 C1 valid=64 novel= 0 | C2 uniq= 1 | C3 draws=  320 comp=  2 uniq=  2 novel=  0 pruned=   0 bt=273 cap= 3 | C4 pool=  2 got= 1 short=0 | 2.6s
[1393] size=11 budget=  834 C1 valid=62 novel=62 | C2 uniq= 2 | C3 draws=  834 comp=  2 uniq=  2 novel=  2 pruned=   0 bt=646 cap= 9 | C4 pool=  8 got= 2 short=0 | 7.6s
[1394] size=11 budget=  704 C1 valid=64 novel=64 | C2 uniq= 1 | C3 draws=  704 comp=  1 uniq=  1 novel=  1 pruned=   0 bt=584 cap= 8 | C4 pool=  2 got= 1 short=0 | 6.1s
[1395] size=15 budget=  703 C1 valid=64 novel=64 | C2 uniq= 2 | C3 draws=  703 comp=  2 uniq=  2 novel=  2 pruned=   0 bt=596 cap= 7 | C4 pool=  2 got= 2 short=0 | 6.0s
[1396] size=17 budget=  886 C1 valid=57 novel=26 | C2 uniq=10 | C3 draws=  886 comp= 13 uniq= 13 novel= 12 pruned=   0 bt=521 cap= 8 | C4 pool=400 got=10 short=0 | 7.3s
[1397] size=17 budget=  452 C1 valid=64 novel= 2 | C2 uniq= 4 | C3 draws=  452 comp=  2 uniq=  2 novel=  0 pruned=   0 bt=385 cap= 5 | C4 pool=  4 got= 4 short=0 | 3.7s
[1398] size=11 budget=  576 C1 valid=64 novel= 0 | C2 uniq= 1 | C3 draws=  576 comp=  1 uniq=  1 novel=  0 pruned=   0 bt=484 cap= 6 | C4 pool=  1 got= 1 short=0 | 4.9s
[1399] size=13 budget=  899 C1 valid=35 novel=30 | C2 uniq=14 | C3 draws=  899 comp=  7 uniq=  7 novel=  6 pruned=   0 bt=647 cap=10 | C4 pool=400 got=14 short=0 | 8.2s
[1400] size=13 budget=  384 C1 valid=64 novel= 0 | C2 uniq= 1 | C3 draws=  384 comp=  1 uniq=  1 novel=  0 pruned=   0 bt=333 cap= 4 | C4 pool=  1 got= 1 short=0 | 3.1s
[1401] size=13 budget=  640 C1 valid=64 novel= 0 | C2 uniq= 1 | C3 draws=  640 comp=  1 uniq=  1 novel=  0 pruned=   0 bt=534 cap= 7 | C4 pool=  1 got= 1 short=0 | 5.5s
[1402] size=11 budget=  832 C1 valid=64 novel= 0 | C2 uniq= 1 | C3 draws=  832 comp=  1 uniq=  1 novel=  0 pruned=   0 bt=670 cap= 9 | C4 pool=  2 got= 1 short=0 | 7.5s
[1403] size=19 budget=  803 C1 valid=64 novel=64 | C2 uniq= 9 | C3 draws=  803 comp=  8 uniq=  8 novel=  8 pruned=   0 bt=576 cap= 8 | C4 pool= 24 got= 9 short=0 | 6.8s
[1404] size=17 budget=  796 C1 valid=63 novel=63 | C2 uniq= 5 | C3 draws=  796 comp= 31 uniq= 31 novel= 31 pruned=   0 bt=253 cap= 0 | C4 pool= 15 got= 5 short=0 | 5.4s
[1405] size=15 budget=  448 C1 valid=64 novel= 0 | C2 uniq= 1 | C3 draws=  448 comp=  1 uniq=  1 novel=  0 pruned=   0 bt=392 cap= 5 | C4 pool=  1 got= 1 short=0 | 3.6s
[1406] size=17 budget=  552 C1 valid=63 novel=12 | C2 uniq= 8 | C3 draws=  552 comp= 14 uniq= 14 novel= 11 pruned=   0 bt=352 cap= 0 | C4 pool= 77 got= 8 short=0 | 4.2s
[1407] size= 7 budget=  576 C1 valid=64 novel= 0 | C2 uniq= 1 | C3 draws=  576 comp=  1 uniq=  1 novel=  0 pruned=   0 bt=483 cap= 6 | C4 pool=  1 got= 1 short=0 | 4.9s
[1408] size=19 budget=  536 C1 valid=49 novel= 0 | C2 uniq= 1 | C3 draws=  536 comp=  1 uniq=  1 novel=  0 pruned=   0 bt=469 cap= 7 | C4 pool=  1 got= 1 short=0 | 4.4s
[1409] size=19 budget=  598 C1 valid=64 novel=64 | C2 uniq= 2 | C3 draws=  598 comp=  2 uniq=  2 novel=  2 pruned=   0 bt=491 cap= 7 | C4 pool=  2 got= 2 short=0 | 5.1s
[1410] size=17 budget=  562 C1 valid=64 novel=15 | C2 uniq= 3 | C3 draws=  562 comp=  4 uniq=  4 novel=  2 pruned=   0 bt=445 cap= 6 | C4 pool=  4 got= 3 short=0 | 4.6s
[1411] size=17 budget=  384 C1 valid=64 novel= 0 | C2 uniq= 1 | C3 draws=  384 comp=  1 uniq=  1 novel=  0 pruned=   0 bt=334 cap= 4 | C4 pool=  1 got= 1 short=0 | 3.1s
[1412] size=15 budget=  631 C1 valid=64 novel=26 | C2 uniq=18 | C3 draws=  631 comp=  5 uniq=  5 novel=  3 pruned=   0 bt=502 cap= 7 | C4 pool=400 got=18 short=0 | 5.1s
[1413] size=13 budget=  320 C1 valid=64 novel= 0 | C2 uniq= 1 | C3 draws=  320 comp=  1 uniq=  1 novel=  0 pruned=   0 bt=275 cap= 3 | C4 pool=  1 got= 1 short=0 | 2.7s
[1414] size=11 budget= 1205 C1 valid=62 novel=62 | C2 uniq=48 | C3 draws= 1205 comp= 36 uniq= 36 novel= 36 pruned=   0 bt=405 cap= 5 | C4 pool=400 got=48 short=0 | 9.3s
[1415] size=13 budget=  448 C1 valid=64 novel= 0 | C2 uniq= 1 | C3 draws=  448 comp=  1 uniq=  1 novel=  0 pruned=   0 bt=382 cap= 5 | C4 pool=  1 got= 1 short=0 | 3.8s
[1416] size=11 budget=  610 C1 valid=64 novel=23 | C2 uniq= 4 | C3 draws=  610 comp=  4 uniq=  4 novel=  1 pruned=   0 bt=485 cap= 6 | C4 pool=  4 got= 4 short=0 | 5.2s
[1417] size= 9 budget=  279 C1 valid=64 novel= 0 | C2 uniq= 2 | C3 draws=  279 comp=  1 uniq=  1 novel=  0 pruned=   0 bt=239 cap= 3 | C4 pool=  2 got= 2 short=0 | 2.3s
[1418] size=19 budget=  344 C1 valid=64 novel= 0 | C2 uniq= 3 | C3 draws=  344 comp=  4 uniq=  4 novel=  0 pruned=   0 bt=286 cap= 4 | C4 pool=  4 got= 3 short=0 | 2.7s
[1419] size=17 budget=  390 C1 valid=63 novel= 0 | C2 uniq= 1 | C3 draws=  390 comp=  1 uniq=  1 novel=  0 pruned=   0 bt=335 cap= 4 | C4 pool=  1 got= 1 short=0 | 3.3s
[1420] size=19 budget=  512 C1 valid=64 novel=64 | C2 uniq= 1 | C3 draws=  512 comp=  1 uniq=  1 novel=  1 pruned=   0 bt=447 cap= 6 | C4 pool=  1 got= 1 short=0 | 4.2s
[1421] size=13 budget=  802 C1 valid=64 novel=45 | C2 uniq= 5 | C3 draws=  802 comp=  5 uniq=  5 novel=  4 pruned=   0 bt=603 cap= 9 | C4 pool= 12 got= 5 short=0 | 7.0s
[1422] size=13 budget=  686 C1 valid=63 novel=44 | C2 uniq=14 | C3 draws=  686 comp=  8 uniq=  8 novel=  7 pruned=   0 bt=515 cap= 6 | C4 pool=400 got=14 short=0 | 5.6s
[1423] size=15 budget=  577 C1 valid=63 novel= 0 | C2 uniq= 1 | C3 draws=  577 comp=  1 uniq=  1 novel=  0 pruned=   0 bt=481 cap= 7 | C4 pool=  1 got= 1 short=0 | 4.9s
[1424] size=15 budget=  366 C1 valid=63 novel= 0 | C2 uniq= 2 | C3 draws=  366 comp=  2 uniq=  2 novel=  0 pruned=   0 bt=315 cap= 4 | C4 pool=  2 got= 2 short=0 | 3.0s
[1425] size=17 budget=  953 C1 valid=18 novel=18 | C2 uniq=10 | C3 draws=  953 comp= 41 uniq= 41 novel= 41 pruned=   0 bt=239 cap= 0 | C4 pool=400 got=10 short=0 | 6.8s
[1426] size=17 budget=  384 C1 valid=64 novel= 0 | C2 uniq= 1 | C3 draws=  384 comp=  1 uniq=  1 novel=  0 pruned=   0 bt=334 cap= 4 | C4 pool=  1 got= 1 short=0 | 3.1s
[1427] size=17 budget=  320 C1 valid=64 novel= 0 | C2 uniq= 1 | C3 draws=  320 comp=  1 uniq=  1 novel=  0 pruned=   0 bt=273 cap= 4 | C4 pool=  1 got= 1 short=0 | 2.6s
[1428] size=17 budget=  763 C1 valid=55 novel=23 | C2 uniq= 4 | C3 draws=  763 comp=  3 uniq=  3 novel=  2 pruned=   0 bt=549 cap= 9 | C4 pool= 16 got= 4 short=0 | 6.8s
[1429] size=17 budget=  985 C1 valid=15 novel=15 | C2 uniq= 2 | C3 draws=  985 comp= 12 uniq= 12 novel= 12 pruned=   0 bt=636 cap= 6 | C4 pool=  2 got= 2 short=0 | 8.4s
[1430] size=19 budget=  652 C1 valid=61 novel=22 | C2 uniq= 3 | C3 draws=  652 comp=  3 uniq=  3 novel=  1 pruned=   0 bt=519 cap= 8 | C4 pool=  5 got= 3 short=0 | 5.4s
[1431] size=17 budget=  384 C1 valid=64 novel= 0 | C2 uniq= 1 | C3 draws=  384 comp=  1 uniq=  1 novel=  0 pruned=   0 bt=334 cap= 4 | C4 pool=  1 got= 1 short=0 | 3.1s
[1432] size=13 budget=  640 C1 valid=64 novel=64 | C2 uniq= 1 | C3 draws=  640 comp=  1 uniq=  1 novel=  1 pruned=   0 bt=534 cap= 7 | C4 pool=  1 got= 1 short=0 | 5.5s
[1433] size=13 budget=  524 C1 valid=63 novel=13 | C2 uniq=16 | C3 draws=  524 comp=  5 uniq=  5 novel=  1 pruned=   0 bt=430 cap= 5 | C4 pool=400 got=16 short=0 | 4.2s
[1434] size=11 budget=  845 C1 valid=63 novel=56 | C2 uniq=41 | C3 draws=  845 comp= 20 uniq= 20 novel= 19 pruned=   0 bt=431 cap= 6 | C4 pool=400 got=41 short=0 | 6.6s
[1435] size=17 budget=  640 C1 valid=64 novel=64 | C2 uniq= 1 | C3 draws=  640 comp=  1 uniq=  1 novel=  1 pruned=   0 bt=505 cap= 8 | C4 pool=  1 got= 1 short=0 | 5.7s
[1436] size=19 budget=  576 C1 valid=64 novel=64 | C2 uniq= 1 | C3 draws=  576 comp=  1 uniq=  1 novel=  1 pruned=   0 bt=463 cap= 7 | C4 pool=  1 got= 1 short=0 | 5.1s
[1437] size=13 budget=  448 C1 valid=64 novel= 0 | C2 uniq= 1 | C3 draws=  448 comp=  1 uniq=  1 novel=  0 pruned=   0 bt=387 cap= 5 | C4 pool=  1 got= 1 short=0 | 3.6s
[1438] size=13 budget=  320 C1 valid=64 novel= 0 | C2 uniq= 2 | C3 draws=  320 comp=  2 uniq=  2 novel=  0 pruned=   0 bt=274 cap= 3 | C4 pool=  2 got= 2 short=0 | 2.6s
[1439] size=15 budget=  664 C1 valid=63 novel=28 | C2 uniq= 6 | C3 draws=  664 comp=  8 uniq=  8 novel=  7 pruned=   0 bt=522 cap= 6 | C4 pool=  7 got= 6 short=0 | 5.3s
[1440] size=15 budget=  694 C1 valid=64 novel=64 | C2 uniq= 3 | C3 draws=  694 comp=  2 uniq=  2 novel=  2 pruned=   0 bt=551 cap= 8 | C4 pool=  4 got= 3 short=0 | 6.2s
[1441] size=11 budget=  320 C1 valid=64 novel= 0 | C2 uniq= 1 | C3 draws=  320 comp=  1 uniq=  1 novel=  0 pruned=   0 bt=283 cap= 3 | C4 pool=  1 got= 1 short=0 | 2.6s
[1442] size=13 budget= 1951 C1 valid=64 novel=64 | C2 uniq=58 | C3 draws= 1951 comp= 61 uniq= 61 novel= 61 pruned=   0 bt=  1 cap= 0 | C4 pool=400 got=58 short=0 | 14.0s
[1443] size=19 budget= 1279 C1 valid=17 novel=17 | C2 uniq=11 | C3 draws= 1279 comp= 34 uniq= 34 novel= 34 pruned=   0 bt=458 cap= 5 | C4 pool=400 got=11 short=0 | 10.2s
[1444] size=19 budget=  587 C1 valid=54 novel=19 | C2 uniq= 9 | C3 draws=  587 comp=  6 uniq=  6 novel=  4 pruned=   0 bt=452 cap= 6 | C4 pool= 12 got= 9 short=0 | 4.9s
[1445] size=11 budget=  437 C1 valid=64 novel= 0 | C2 uniq= 2 | C3 draws=  437 comp=  2 uniq=  2 novel=  0 pruned=   0 bt=376 cap= 5 | C4 pool=  2 got= 2 short=0 | 3.5s
[1446] size=15 budget=  384 C1 valid=64 novel= 0 | C2 uniq= 1 | C3 draws=  384 comp=  1 uniq=  1 novel=  0 pruned=   0 bt=338 cap= 4 | C4 pool=  1 got= 1 short=0 | 3.1s
[1447] size=17 budget=  423 C1 valid=64 novel= 6 | C2 uniq= 5 | C3 draws=  423 comp=  4 uniq=  4 novel=  1 pruned=   0 bt=342 cap= 5 | C4 pool=  5 got= 5 short=0 | 3.3s
[1448] size= 9 budget=  367 C1 valid=64 novel= 0 | C2 uniq=10 | C3 draws=  367 comp=  8 uniq=  8 novel=  0 pruned=   0 bt=285 cap= 3 | C4 pool= 10 got=10 short=0 | 2.8s
[1449] size=15 budget=  408 C1 valid=64 novel= 7 | C2 uniq= 6 | C3 draws=  408 comp=  5 uniq=  5 novel=  2 pruned=   0 bt=325 cap= 4 | C4 pool=  6 got= 6 short=0 | 3.2s
[1450] size=15 budget=  734 C1 valid=62 novel=45 | C2 uniq=24 | C3 draws=  734 comp= 12 uniq= 12 novel= 10 pruned=   0 bt=501 cap= 7 | C4 pool=400 got=24 short=0 | 6.4s
[1451] size= 9 budget=  325 C1 valid=64 novel= 4 | C2 uniq= 5 | C3 draws=  325 comp=  5 uniq=  5 novel=  1 pruned=   0 bt=263 cap= 3 | C4 pool=  5 got= 5 short=0 | 2.6s
[1452] size=19 budget=  766 C1 valid=56 novel=36 | C2 uniq= 5 | C3 draws=  766 comp=  4 uniq=  4 novel=  3 pruned=   0 bt=609 cap= 8 | C4 pool= 11 got= 5 short=0 | 6.7s
[1453] size=11 budget=  720 C1 valid=64 novel=30 | C2 uniq=32 | C3 draws=  720 comp= 14 uniq= 14 novel=  9 pruned=   0 bt=471 cap= 6 | C4 pool=400 got=32 short=0 | 5.7s
[1454] size=15 budget= 1336 C1 valid=61 novel=53 | C2 uniq=38 | C3 draws= 1336 comp= 25 uniq= 25 novel= 24 pruned=   0 bt=603 cap= 9 | C4 pool=400 got=38 short=0 | 10.7s
[1455] size=11 budget=  390 C1 valid=64 novel= 0 | C2 uniq= 3 | C3 draws=  390 comp=  3 uniq=  3 novel=  0 pruned=   0 bt=325 cap= 4 | C4 pool=  4 got= 3 short=0 | 3.2s
[1456] size=19 budget=  576 C1 valid=64 novel=64 | C2 uniq= 1 | C3 draws=  576 comp=  1 uniq=  1 novel=  1 pruned=   0 bt=501 cap= 7 | C4 pool=  1 got= 1 short=0 | 4.9s
[1457] size=15 budget=  384 C1 valid=64 novel= 0 | C2 uniq= 1 | C3 draws=  384 comp=  1 uniq=  1 novel=  0 pruned=   0 bt=338 cap= 4 | C4 pool=  1 got= 1 short=0 | 3.1s
[1458] size=19 budget=  561 C1 valid=50 novel=35 | C2 uniq= 3 | C3 draws=  561 comp=  3 uniq=  3 novel=  2 pruned=   0 bt=454 cap= 7 | C4 pool=  3 got= 3 short=0 | 4.7s
[1459] size=19 budget=  761 C1 valid=64 novel=48 | C2 uniq= 5 | C3 draws=  761 comp=  4 uniq=  4 novel=  3 pruned=   0 bt=587 cap= 9 | C4 pool=  5 got= 5 short=0 | 6.5s
[1460] size=11 budget=  457 C1 valid=64 novel= 0 | C2 uniq= 3 | C3 draws=  457 comp=  3 uniq=  3 novel=  0 pruned=   0 bt=367 cap= 5 | C4 pool=  3 got= 3 short=0 | 3.8s
[1461] size=13 budget=  430 C1 valid=64 novel=10 | C2 uniq=11 | C3 draws=  430 comp= 19 uniq= 19 novel= 15 pruned=   0 bt= 72 cap= 0 | C4 pool=400 got=11 short=0 | 3.2s
[1462] size=19 budget=  512 C1 valid=64 novel=64 | C2 uniq= 1 | C3 draws=  512 comp=  1 uniq=  1 novel=  1 pruned=   0 bt=447 cap= 6 | C4 pool=  1 got= 1 short=0 | 4.1s
[1463] size=13 budget=  384 C1 valid=64 novel= 0 | C2 uniq= 1 | C3 draws=  384 comp=  1 uniq=  1 novel=  0 pruned=   0 bt=333 cap= 4 | C4 pool=  1 got= 1 short=0 | 3.1s
[1464] size=19 budget= 1716 C1 valid= 0 novel= 0 | C2 uniq= 0 | C3 draws= 1716 comp= 47 uniq= 47 novel= 47 pruned=   0 bt=160 cap= 3 | C4 pool=  0 got= 0 short=0 | 13.0s
[1465] size=17 budget=  518 C1 valid=60 novel= 7 | C2 uniq= 9 | C3 draws=  518 comp= 12 uniq= 12 novel=  6 pruned=   0 bt=281 cap= 2 | C4 pool= 23 got= 9 short=0 | 4.4s
[1466] size=13 budget=  948 C1 valid=64 novel=47 | C2 uniq= 9 | C3 draws=  948 comp=  8 uniq=  8 novel=  7 pruned=   0 bt=609 cap= 9 | C4 pool=400 got= 9 short=0 | 8.9s
[1467] size= 9 budget=  320 C1 valid=64 novel= 0 | C2 uniq= 1 | C3 draws=  320 comp=  1 uniq=  1 novel=  0 pruned=   0 bt=279 cap= 3 | C4 pool=  1 got= 1 short=0 | 2.6s
[1468] size=19 budget=  488 C1 valid=64 novel= 5 | C2 uniq= 6 | C3 draws=  488 comp=  3 uniq=  3 novel=  0 pruned=   0 bt=413 cap= 6 | C4 pool=  6 got= 6 short=0 | 3.9s
[1469] size=15 budget=  720 C1 valid=64 novel=37 | C2 uniq=24 | C3 draws=  720 comp= 15 uniq= 15 novel= 12 pruned=   0 bt=449 cap= 4 | C4 pool=400 got=24 short=0 | 5.8s
[1470] size= 9 budget=  256 C1 valid=64 novel= 0 | C2 uniq= 1 | C3 draws=  256 comp=  1 uniq=  1 novel=  0 pruned=   0 bt=225 cap= 2 | C4 pool=  1 got= 1 short=0 | 2.1s
[1471] size=17 budget=  448 C1 valid=64 novel= 0 | C2 uniq= 1 | C3 draws=  448 comp=  1 uniq=  1 novel=  0 pruned=   0 bt=387 cap= 5 | C4 pool=  1 got= 1 short=0 | 3.6s
[1472] size=11 budget=  512 C1 valid=64 novel=64 | C2 uniq= 1 | C3 draws=  512 comp=  1 uniq=  1 novel=  1 pruned=   0 bt=438 cap= 6 | C4 pool=  1 got= 1 short=0 | 4.2s
[1473] size=17 budget=  384 C1 valid=64 novel= 0 | C2 uniq= 1 | C3 draws=  384 comp=  1 uniq=  1 novel=  0 pruned=   0 bt=334 cap= 4 | C4 pool=  1 got= 1 short=0 | 3.1s
[1474] size=13 budget=  384 C1 valid=64 novel= 0 | C2 uniq= 1 | C3 draws=  384 comp=  1 uniq=  1 novel=  0 pruned=   0 bt=333 cap= 4 | C4 pool=  1 got= 1 short=0 | 3.1s
[1475] size= 9 budget=  320 C1 valid=64 novel= 0 | C2 uniq= 1 | C3 draws=  320 comp=  1 uniq=  1 novel=  0 pruned=   0 bt=279 cap= 3 | C4 pool=  1 got= 1 short=0 | 2.6s
[1476] size= 9 budget=  320 C1 valid=64 novel= 0 | C2 uniq= 1 | C3 draws=  320 comp=  1 uniq=  1 novel=  0 pruned=   0 bt=279 cap= 3 | C4 pool=  1 got= 1 short=0 | 2.6s
[1477] size=11 budget=  596 C1 valid=62 novel=27 | C2 uniq=22 | C3 draws=  596 comp= 32 uniq= 32 novel= 30 pruned=   0 bt= 91 cap= 0 | C4 pool=400 got=22 short=0 | 4.0s
[1478] size=19 budget=  419 C1 valid=55 novel= 0 | C2 uniq= 1 | C3 draws=  419 comp=  1 uniq=  1 novel=  0 pruned=   0 bt=363 cap= 5 | C4 pool=  1 got= 1 short=0 | 3.4s
[1479] size= 9 budget=  411 C1 valid=64 novel= 0 | C2 uniq= 4 | C3 draws=  411 comp=  4 uniq=  4 novel=  0 pruned=   0 bt=340 cap= 4 | C4 pool=  4 got= 4 short=0 | 3.2s
[1480] size=15 budget=  616 C1 valid=57 novel=16 | C2 uniq= 5 | C3 draws=  616 comp=  5 uniq=  5 novel=  3 pruned=   0 bt=453 cap= 6 | C4 pool=  9 got= 5 short=0 | 5.3s
[1481] size=11 budget=  512 C1 valid=64 novel= 0 | C2 uniq= 1 | C3 draws=  512 comp=  1 uniq=  1 novel=  0 pruned=   0 bt=432 cap= 6 | C4 pool=  1 got= 1 short=0 | 4.4s
[1482] size=15 budget=  445 C1 valid=64 novel= 5 | C2 uniq= 4 | C3 draws=  445 comp=  2 uniq=  2 novel=  0 pruned=   0 bt=383 cap= 5 | C4 pool=  5 got= 4 short=0 | 3.6s
[1483] size=17 budget=  679 C1 valid=64 novel=31 | C2 uniq=15 | C3 draws=  679 comp=  8 uniq=  8 novel=  5 pruned=   0 bt=490 cap= 7 | C4 pool=212 got=15 short=0 | 5.6s
[1484] size=17 budget= 1098 C1 valid=11 novel=11 | C2 uniq=10 | C3 draws= 1098 comp= 11 uniq= 11 novel= 11 pruned=   0 bt=773 cap= 8 | C4 pool=400 got=10 short=0 | 9.3s
[1485] size=15 budget=  479 C1 valid=64 novel=17 | C2 uniq= 5 | C3 draws=  479 comp=  4 uniq=  4 novel=  2 pruned=   0 bt=395 cap= 5 | C4 pool=  7 got= 5 short=0 | 3.9s
[1486] size= 9 budget=  384 C1 valid=64 novel= 0 | C2 uniq= 1 | C3 draws=  384 comp=  1 uniq=  1 novel=  0 pruned=   0 bt=333 cap= 4 | C4 pool=  1 got= 1 short=0 | 3.1s
[1487] size=17 budget=  384 C1 valid=64 novel= 0 | C2 uniq= 1 | C3 draws=  384 comp=  1 uniq=  1 novel=  0 pruned=   0 bt=334 cap= 4 | C4 pool=  1 got= 1 short=0 | 3.1s
[1488] size=13 budget=  384 C1 valid=64 novel= 0 | C2 uniq= 1 | C3 draws=  384 comp=  1 uniq=  1 novel=  0 pruned=   0 bt=333 cap= 4 | C4 pool=  1 got= 1 short=0 | 3.1s
[1489] size=13 budget=  446 C1 valid=64 novel= 1 | C2 uniq= 5 | C3 draws=  446 comp=  8 uniq=  8 novel=  4 pruned=   0 bt=338 cap= 2 | C4 pool=227 got= 5 short=0 | 3.5s
[1490] size=15 budget=  512 C1 valid=64 novel=64 | C2 uniq= 1 | C3 draws=  512 comp=  1 uniq=  1 novel=  1 pruned=   0 bt=448 cap= 6 | C4 pool=  1 got= 1 short=0 | 4.1s
[1491] size=15 budget= 1076 C1 valid=52 novel=52 | C2 uniq=24 | C3 draws= 1076 comp= 20 uniq= 20 novel= 20 pruned=   0 bt=607 cap= 4 | C4 pool=400 got=24 short=0 | 9.0s
[1492] size=13 budget=  364 C1 valid=63 novel= 0 | C2 uniq= 2 | C3 draws=  364 comp=  2 uniq=  2 novel=  0 pruned=   0 bt=303 cap= 4 | C4 pool=  2 got= 2 short=0 | 3.1s
[1493] size=17 budget=  434 C1 valid=64 novel= 5 | C2 uniq= 8 | C3 draws=  434 comp=  6 uniq=  6 novel=  2 pruned=   0 bt=319 cap= 4 | C4 pool=167 got= 8 short=0 | 3.7s
[1494] size=19 budget= 1101 C1 valid=31 novel=11 | C2 uniq=12 | C3 draws= 1101 comp=  5 uniq=  5 novel=  4 pruned=   0 bt=794 cap=13 | C4 pool=400 got=12 short=0 | 10.7s
[1495] size=15 budget=  762 C1 valid=64 novel=31 | C2 uniq=24 | C3 draws=  762 comp= 12 uniq= 12 novel=  8 pruned=   0 bt=530 cap= 7 | C4 pool=400 got=24 short=0 | 6.3s
[1496] size=17 budget=  384 C1 valid=64 novel= 0 | C2 uniq= 1 | C3 draws=  384 comp=  1 uniq=  1 novel=  0 pruned=   0 bt=334 cap= 4 | C4 pool=  1 got= 1 short=0 | 3.2s
[1497] size=19 budget=  384 C1 valid=64 novel= 0 | C2 uniq= 1 | C3 draws=  384 comp=  1 uniq=  1 novel=  0 pruned=   0 bt=335 cap= 5 | C4 pool=  1 got= 1 short=0 | 3.1s
[1498] size=17 budget=  576 C1 valid=64 novel= 0 | C2 uniq= 1 | C3 draws=  576 comp=  1 uniq=  1 novel=  0 pruned=   0 bt=487 cap= 7 | C4 pool=  1 got= 1 short=0 | 4.9s
[1499] size=17 budget=  427 C1 valid=63 novel= 5 | C2 uniq= 9 | C3 draws=  427 comp=  5 uniq=  5 novel=  1 pruned=   0 bt=336 cap= 5 | C4 pool= 11 got= 9 short=0 | 3.4s
[1500] size=17 budget= 1088 C1 valid=64 novel=64 | C2 uniq= 9 | C3 draws= 1088 comp=  7 uniq=  7 novel=  7 pruned=   0 bt=716 cap=12 | C4 pool= 32 got= 9 short=0 | 9.9s
[1501] size=15 budget=  960 C1 valid=64 novel=64 | C2 uniq= 1 | C3 draws=  960 comp=  1 uniq=  1 novel=  1 pruned=   0 bt=753 cap=11 | C4 pool=  1 got= 1 short=0 | 8.7s
[1502] size=15 budget=  320 C1 valid=64 novel= 0 | C2 uniq= 1 | C3 draws=  320 comp=  1 uniq=  1 novel=  0 pruned=   0 bt=282 cap= 3 | C4 pool=  2 got= 1 short=0 | 2.6s
[1503] size=17 budget=  320 C1 valid=64 novel= 0 | C2 uniq= 1 | C3 draws=  320 comp=  1 uniq=  1 novel=  0 pruned=   0 bt=273 cap= 4 | C4 pool=  1 got= 1 short=0 | 2.6s
[1504] size=19 budget= 1569 C1 valid=22 novel=22 | C2 uniq=12 | C3 draws= 1569 comp= 10 uniq= 10 novel= 10 pruned=   0 bt=890 cap=17 | C4 pool= 48 got=12 short=0 | 14.5s
[1505] size=17 budget=  772 C1 valid=62 novel=29 | C2 uniq=18 | C3 draws=  772 comp=  9 uniq=  9 novel=  6 pruned=   0 bt=558 cap= 7 | C4 pool= 95 got=18 short=0 | 6.3s
[1506] size= 9 budget=  426 C1 valid=64 novel= 0 | C2 uniq= 2 | C3 draws=  426 comp=  2 uniq=  2 novel=  0 pruned=   0 bt=368 cap= 4 | C4 pool=  2 got= 2 short=0 | 3.4s
[1507] size=19 budget=  384 C1 valid=64 novel= 0 | C2 uniq= 1 | C3 draws=  384 comp=  1 uniq=  1 novel=  0 pruned=   0 bt=335 cap= 5 | C4 pool=  1 got= 1 short=0 | 3.2s
[1508] size=15 budget=  851 C1 valid=62 novel=51 | C2 uniq=46 | C3 draws=  851 comp= 53 uniq= 53 novel= 49 pruned=   0 bt= 85 cap= 1 | C4 pool=400 got=46 short=0 | 5.6s
[1509] size=17 budget=  552 C1 valid=64 novel=35 | C2 uniq= 4 | C3 draws=  552 comp=  3 uniq=  3 novel=  2 pruned=   0 bt=462 cap= 6 | C4 pool=  3 got= 3 short=1 | 4.5s
[1510] size=11 budget=  369 C1 valid=58 novel= 0 | C2 uniq= 1 | C3 draws=  369 comp=  1 uniq=  1 novel=  0 pruned=   0 bt=318 cap= 4 | C4 pool=  1 got= 1 short=0 | 3.1s
[1511] size= 9 budget=  550 C1 valid=64 novel= 0 | C2 uniq= 3 | C3 draws=  550 comp=  3 uniq=  3 novel=  0 pruned=   0 bt=444 cap= 6 | C4 pool=  3 got= 3 short=0 | 4.6s
[1512] size=13 budget=  985 C1 valid=51 novel=31 | C2 uniq=25 | C3 draws=  985 comp= 18 uniq= 18 novel= 17 pruned=   0 bt=537 cap= 7 | C4 pool=400 got=25 short=0 | 7.6s
[1513] size=15 budget=  320 C1 valid=64 novel= 0 | C2 uniq= 1 | C3 draws=  320 comp=  1 uniq=  1 novel=  0 pruned=   0 bt=282 cap= 3 | C4 pool=  1 got= 1 short=0 | 2.6s
[1514] size=11 budget=  320 C1 valid=64 novel= 0 | C2 uniq= 1 | C3 draws=  320 comp=  1 uniq=  1 novel=  0 pruned=   0 bt=283 cap= 3 | C4 pool=  1 got= 1 short=0 | 2.6s
[1515] size=15 budget=  683 C1 valid=60 novel=29 | C2 uniq= 5 | C3 draws=  683 comp=  5 uniq=  5 novel=  3 pruned=   0 bt=556 cap= 6 | C4 pool=  9 got= 5 short=0 | 5.8s
[1516] size=13 budget=  419 C1 valid=64 novel= 0 | C2 uniq= 4 | C3 draws=  419 comp=  4 uniq=  4 novel=  0 pruned=   0 bt=348 cap= 4 | C4 pool=  4 got= 4 short=0 | 3.3s
[1517] size=19 budget=  757 C1 valid= 0 novel= 0 | C2 uniq= 0 | C3 draws=  757 comp=  4 uniq=  4 novel=  3 pruned=   0 bt=650 cap= 7 | C4 pool=  2 got= 0 short=0 | 6.1s
[1518] size=13 budget=  384 C1 valid=64 novel= 0 | C2 uniq= 1 | C3 draws=  384 comp=  1 uniq=  1 novel=  0 pruned=   0 bt=333 cap= 4 | C4 pool=  1 got= 1 short=0 | 3.1s
[1519] size=17 budget=  512 C1 valid=64 novel= 0 | C2 uniq= 1 | C3 draws=  512 comp=  1 uniq=  1 novel=  0 pruned=   0 bt=441 cap= 6 | C4 pool=  1 got= 1 short=0 | 4.1s
[1520] size=19 budget=  938 C1 valid=49 novel=24 | C2 uniq=14 | C3 draws=  938 comp=  7 uniq=  7 novel=  5 pruned=   0 bt=644 cap=11 | C4 pool= 36 got=14 short=0 | 8.2s
[1521] size=19 budget= 1073 C1 valid=34 novel=29 | C2 uniq=12 | C3 draws= 1073 comp= 32 uniq= 32 novel= 31 pruned=   0 bt=411 cap= 2 | C4 pool=400 got=12 short=0 | 8.8s
[1522] size=15 budget=  753 C1 valid=37 novel=37 | C2 uniq=12 | C3 draws=  753 comp= 14 uniq= 14 novel= 14 pruned=   0 bt=519 cap= 3 | C4 pool=400 got=12 short=0 | 6.1s
[1523] size=15 budget=  584 C1 valid=64 novel=20 | C2 uniq= 6 | C3 draws=  584 comp=  3 uniq=  3 novel=  1 pruned=   0 bt=486 cap= 7 | C4 pool=  6 got= 6 short=0 | 4.8s
[1524] size=15 budget=  598 C1 valid=64 novel=14 | C2 uniq= 3 | C3 draws=  598 comp=  4 uniq=  4 novel=  2 pruned=   0 bt=477 cap= 7 | C4 pool=  4 got= 3 short=0 | 5.0s
[1525] size=13 budget=  394 C1 valid=62 novel= 0 | C2 uniq= 1 | C3 draws=  394 comp=  1 uniq=  1 novel=  0 pruned=   0 bt=338 cap= 4 | C4 pool=  1 got= 1 short=0 | 3.3s
[1526] size=15 budget=  638 C1 valid=62 novel= 3 | C2 uniq=13 | C3 draws=  638 comp= 13 uniq= 13 novel=  5 pruned=   0 bt=373 cap= 2 | C4 pool=400 got=13 short=0 | 5.7s
[1527] size=17 budget= 1294 C1 valid=63 novel=52 | C2 uniq=31 | C3 draws= 1294 comp= 17 uniq= 17 novel= 13 pruned=   0 bt=676 cap=12 | C4 pool=400 got=31 short=0 | 11.8s
[1528] size=17 budget=  992 C1 valid=64 novel=32 | C2 uniq= 2 | C3 draws=  992 comp=  2 uniq=  2 novel=  1 pruned=   0 bt=727 cap=12 | C4 pool=  2 got= 2 short=0 | 9.0s
[1529] size=11 budget= 1192 C1 valid=62 novel=57 | C2 uniq=14 | C3 draws= 1192 comp= 11 uniq= 11 novel= 10 pruned=   0 bt=764 cap=10 | C4 pool=250 got=14 short=0 | 11.2s
[1530] size=11 budget=  361 C1 valid=64 novel= 0 | C2 uniq= 2 | C3 draws=  361 comp=  2 uniq=  2 novel=  0 pruned=   0 bt=309 cap= 4 | C4 pool=  2 got= 2 short=0 | 2.9s
[1531] size=15 budget= 1003 C1 valid=21 novel=19 | C2 uniq=15 | C3 draws= 1003 comp= 11 uniq= 11 novel= 11 pruned=   0 bt=623 cap=10 | C4 pool=400 got=15 short=0 | 9.4s
[1532] size=19 budget=  448 C1 valid=64 novel= 0 | C2 uniq= 1 | C3 draws=  448 comp=  1 uniq=  1 novel=  0 pruned=   0 bt=393 cap= 5 | C4 pool=  1 got= 1 short=0 | 3.6s
[1533] size=17 budget=  892 C1 valid=57 novel=55 | C2 uniq=19 | C3 draws=  892 comp= 14 uniq= 14 novel= 13 pruned=   0 bt=548 cap= 8 | C4 pool=400 got=19 short=0 | 7.6s
[1534] size= 9 budget= 1614 C1 valid=59 novel=59 | C2 uniq=58 | C3 draws= 1614 comp= 54 uniq= 54 novel= 54 pruned=   0 bt=136 cap= 2 | C4 pool=400 got=58 short=0 | 11.7s
[1535] size=17 budget=  850 C1 valid=64 novel=30 | C2 uniq=11 | C3 draws=  850 comp=  9 uniq=  9 novel=  6 pruned=   0 bt=580 cap= 8 | C4 pool=234 got=11 short=0 | 7.6s
[1536] size= 9 budget=  512 C1 valid=64 novel= 0 | C2 uniq= 1 | C3 draws=  512 comp=  2 uniq=  2 novel=  0 pruned=   0 bt=435 cap= 5 | C4 pool=  2 got= 1 short=0 | 4.4s
[1537] size=13 budget=  320 C1 valid=64 novel= 0 | C2 uniq= 2 | C3 draws=  320 comp=  1 uniq=  1 novel=  0 pruned=   0 bt=279 cap= 3 | C4 pool=  2 got= 2 short=0 | 2.6s
[1538] size=15 budget=  774 C1 valid=64 novel=20 | C2 uniq=15 | C3 draws=  774 comp=  9 uniq=  9 novel=  3 pruned=   0 bt=535 cap= 8 | C4 pool= 97 got=15 short=0 | 6.5s
[1539] size=15 budget=  931 C1 valid=60 novel=27 | C2 uniq=37 | C3 draws=  931 comp= 17 uniq= 17 novel= 13 pruned=   0 bt=543 cap= 7 | C4 pool=400 got=37 short=0 | 7.4s
[1540] size= 9 budget=  384 C1 valid=64 novel= 0 | C2 uniq= 1 | C3 draws=  384 comp=  1 uniq=  1 novel=  0 pruned=   0 bt=333 cap= 4 | C4 pool=  1 got= 1 short=0 | 3.1s
[1541] size=13 budget= 1590 C1 valid=60 novel=60 | C2 uniq=33 | C3 draws= 1590 comp= 27 uniq= 27 novel= 27 pruned=   0 bt=576 cap=10 | C4 pool=400 got=33 short=0 | 13.6s
[1542] size=15 budget=  942 C1 valid=52 novel=32 | C2 uniq=21 | C3 draws=  942 comp= 31 uniq= 31 novel= 27 pruned=   0 bt=385 cap= 1 | C4 pool=400 got=21 short=0 | 7.3s
[1543] size=17 budget=  384 C1 valid=64 novel= 0 | C2 uniq= 1 | C3 draws=  384 comp=  2 uniq=  2 novel=  0 pruned=   0 bt=328 cap= 4 | C4 pool=  2 got= 1 short=0 | 3.1s
[1544] size=13 budget=  767 C1 valid=42 novel=10 | C2 uniq=14 | C3 draws=  767 comp= 43 uniq= 43 novel= 34 pruned=   0 bt= 76 cap= 0 | C4 pool=400 got=14 short=0 | 5.1s
[1545] size=19 budget=  619 C1 valid=64 novel=64 | C2 uniq= 5 | C3 draws=  619 comp=  5 uniq=  5 novel=  5 pruned=   0 bt=465 cap= 7 | C4 pool=  5 got= 5 short=0 | 5.4s
[1546] size=11 budget=  320 C1 valid=64 novel= 0 | C2 uniq= 1 | C3 draws=  320 comp=  1 uniq=  1 novel=  0 pruned=   0 bt=283 cap= 3 | C4 pool=  1 got= 1 short=0 | 2.6s
[1547] size=19 budget=  450 C1 valid= 2 novel= 2 | C2 uniq= 1 | C3 draws=  450 comp=  2 uniq=  2 novel=  1 pruned=   0 bt=390 cap= 5 | C4 pool=  2 got= 1 short=0 | 3.6s
[1548] size=15 budget=  541 C1 valid=64 novel=62 | C2 uniq= 5 | C3 draws=  541 comp=  4 uniq=  4 novel=  4 pruned=   0 bt=449 cap= 6 | C4 pool=  5 got= 5 short=0 | 4.3s
[1549] size=17 budget=  691 C1 valid=64 novel=64 | C2 uniq= 2 | C3 draws=  691 comp=  2 uniq=  2 novel=  2 pruned=   0 bt=587 cap= 8 | C4 pool=  2 got= 2 short=0 | 5.8s
[1550] size=15 budget=  384 C1 valid=64 novel= 0 | C2 uniq= 1 | C3 draws=  384 comp=  1 uniq=  1 novel=  0 pruned=   0 bt=338 cap= 4 | C4 pool=  1 got= 1 short=0 | 3.1s
[1551] size=11 budget=  378 C1 valid=58 novel= 0 | C2 uniq= 3 | C3 draws=  378 comp=  3 uniq=  3 novel=  0 pruned=   0 bt=319 cap= 4 | C4 pool=  3 got= 3 short=0 | 3.0s
[1552] size= 9 budget=  617 C1 valid=63 novel= 8 | C2 uniq=13 | C3 draws=  617 comp=  5 uniq=  5 novel=  3 pruned=   0 bt=482 cap= 6 | C4 pool=400 got=13 short=0 | 5.7s
[1553] size=17 budget= 1334 C1 valid=17 novel=17 | C2 uniq=15 | C3 draws= 1334 comp=  5 uniq=  5 novel=  5 pruned=   0 bt=1019 cap=15 | C4 pool=400 got=15 short=0 | 11.9s
[1554] size=11 budget=  320 C1 valid=64 novel= 0 | C2 uniq= 1 | C3 draws=  320 comp=  1 uniq=  1 novel=  0 pruned=   0 bt=283 cap= 3 | C4 pool=  1 got= 1 short=0 | 2.6s
[1555] size=19 budget=  988 C1 valid=63 novel= 2 | C2 uniq=15 | C3 draws=  988 comp= 13 uniq= 13 novel=  5 pruned=   0 bt=604 cap= 7 | C4 pool=400 got=15 short=0 | 9.3s
[1556] size=19 budget=  749 C1 valid=52 novel=38 | C2 uniq= 4 | C3 draws=  749 comp=  3 uniq=  3 novel=  2 pruned=   0 bt=596 cap= 9 | C4 pool=  6 got= 4 short=0 | 6.4s
[1557] size=13 budget=  865 C1 valid=61 novel=57 | C2 uniq=33 | C3 draws=  865 comp= 15 uniq= 15 novel= 14 pruned=   0 bt=546 cap= 7 | C4 pool=400 got=33 short=0 | 7.2s
[1558] size= 9 budget=  535 C1 valid=64 novel= 0 | C2 uniq= 5 | C3 draws=  535 comp=  3 uniq=  3 novel=  0 pruned=   0 bt=451 cap= 5 | C4 pool= 77 got= 5 short=0 | 4.4s
[1559] size=13 budget=  320 C1 valid=64 novel= 0 | C2 uniq= 1 | C3 draws=  320 comp=  1 uniq=  1 novel=  0 pruned=   0 bt=279 cap= 3 | C4 pool=  1 got= 1 short=0 | 2.6s
[1560] size=17 budget=  320 C1 valid=64 novel= 0 | C2 uniq= 1 | C3 draws=  320 comp=  1 uniq=  1 novel=  0 pruned=   0 bt=273 cap= 4 | C4 pool=  2 got= 1 short=0 | 2.6s
[1561] size=17 budget=  384 C1 valid=64 novel= 0 | C2 uniq= 1 | C3 draws=  384 comp=  1 uniq=  1 novel=  0 pruned=   0 bt=334 cap= 4 | C4 pool=  1 got= 1 short=0 | 3.1s
[1562] size=13 budget=  448 C1 valid=64 novel= 0 | C2 uniq= 1 | C3 draws=  448 comp=  1 uniq=  1 novel=  0 pruned=   0 bt=387 cap= 5 | C4 pool=  1 got= 1 short=0 | 3.6s
[1563] size=19 budget=  939 C1 valid=58 novel= 4 | C2 uniq=18 | C3 draws=  939 comp= 11 uniq= 11 novel=  0 pruned=   0 bt=624 cap=10 | C4 pool=400 got=18 short=0 | 10.3s
[1564] size=11 budget=  844 C1 valid=64 novel= 5 | C2 uniq=15 | C3 draws=  844 comp=  8 uniq=  8 novel=  0 pruned=   0 bt=617 cap= 8 | C4 pool= 64 got=15 short=0 | 7.0s
[1565] size=17 budget=  384 C1 valid=64 novel= 0 | C2 uniq= 1 | C3 draws=  384 comp=  1 uniq=  1 novel=  0 pruned=   0 bt=334 cap= 4 | C4 pool=  1 got= 1 short=0 | 3.1s
[1566] size=17 budget=  398 C1 valid=64 novel= 0 | C2 uniq= 2 | C3 draws=  398 comp=  2 uniq=  2 novel=  0 pruned=   0 bt=340 cap= 4 | C4 pool=  2 got= 2 short=0 | 3.2s
[1567] size=11 budget=  576 C1 valid=64 novel= 0 | C2 uniq= 1 | C3 draws=  576 comp=  1 uniq=  1 novel=  0 pruned=   0 bt=484 cap= 6 | C4 pool=  1 got= 1 short=0 | 4.9s
[1568] size=17 budget=  635 C1 valid=62 novel=33 | C2 uniq= 3 | C3 draws=  635 comp=  2 uniq=  2 novel=  1 pruned=   0 bt=512 cap= 7 | C4 pool=  4 got= 3 short=0 | 5.5s
[1569] size=17 budget= 1253 C1 valid=62 novel=48 | C2 uniq=18 | C3 draws= 1253 comp= 31 uniq= 31 novel= 29 pruned=   0 bt=408 cap= 4 | C4 pool=400 got=18 short=0 | 10.8s
[1570] size=17 budget=  384 C1 valid=64 novel= 0 | C2 uniq= 1 | C3 draws=  384 comp=  1 uniq=  1 novel=  0 pruned=   0 bt=334 cap= 4 | C4 pool=  1 got= 1 short=0 | 3.1s
[1571] size=17 budget=  570 C1 valid=64 novel=18 | C2 uniq= 9 | C3 draws=  570 comp=  6 uniq=  6 novel=  2 pruned=   0 bt=444 cap= 6 | C4 pool= 10 got= 9 short=0 | 4.8s
[1572] size= 9 budget= 1071 C1 valid=39 novel=39 | C2 uniq=20 | C3 draws= 1071 comp= 10 uniq= 10 novel= 10 pruned=   0 bt=688 cap=10 | C4 pool=400 got=20 short=0 | 9.6s
[1573] size= 9 budget=  384 C1 valid=64 novel= 0 | C2 uniq= 1 | C3 draws=  384 comp=  1 uniq=  1 novel=  0 pruned=   0 bt=333 cap= 4 | C4 pool=  1 got= 1 short=0 | 3.1s
[1574] size=15 budget=  869 C1 valid=61 novel=61 | C2 uniq=22 | C3 draws=  869 comp= 10 uniq= 10 novel= 10 pruned=   0 bt=575 cap= 9 | C4 pool=400 got=22 short=0 | 7.6s
[1575] size=19 budget=  448 C1 valid=64 novel= 0 | C2 uniq= 1 | C3 draws=  448 comp=  1 uniq=  1 novel=  0 pruned=   0 bt=393 cap= 5 | C4 pool=  1 got= 1 short=0 | 3.6s
[1576] size=15 budget=  866 C1 valid=31 novel=31 | C2 uniq= 9 | C3 draws=  866 comp= 20 uniq= 20 novel= 20 pruned=   0 bt=476 cap= 5 | C4 pool= 66 got= 9 short=0 | 6.8s
[1577] size=17 budget=  863 C1 valid=62 novel=13 | C2 uniq=26 | C3 draws=  863 comp= 14 uniq= 14 novel=  8 pruned=   0 bt=495 cap= 7 | C4 pool=400 got=26 short=0 | 8.8s
[1578] size=13 budget=  618 C1 valid=64 novel=11 | C2 uniq=12 | C3 draws=  618 comp= 10 uniq= 10 novel=  2 pruned=   0 bt=447 cap= 6 | C4 pool= 18 got=12 short=0 | 5.1s
[1579] size=19 budget=  992 C1 valid= 3 novel= 0 | C2 uniq= 1 | C3 draws=  992 comp=  2 uniq=  2 novel=  0 pruned=   0 bt=832 cap=12 | C4 pool=  2 got= 1 short=0 | 8.5s
[1580] size=19 budget=  405 C1 valid=63 novel= 0 | C2 uniq= 3 | C3 draws=  405 comp=  3 uniq=  3 novel=  0 pruned=   0 bt=337 cap= 5 | C4 pool=  4 got= 3 short=0 | 3.2s
[1581] size=15 budget=  448 C1 valid=64 novel= 0 | C2 uniq= 1 | C3 draws=  448 comp=  1 uniq=  1 novel=  0 pruned=   0 bt=392 cap= 5 | C4 pool=  1 got= 1 short=0 | 3.6s
[1582] size=15 budget= 1135 C1 valid=58 novel=43 | C2 uniq=39 | C3 draws= 1135 comp= 28 uniq= 28 novel= 25 pruned=   0 bt=504 cap= 5 | C4 pool=400 got=39 short=0 | 9.1s
[1583] size=19 budget=  555 C1 valid=64 novel=15 | C2 uniq= 5 | C3 draws=  555 comp= 15 uniq= 15 novel= 12 pruned=   0 bt=265 cap= 1 | C4 pool=  9 got= 5 short=0 | 4.4s
[1584] size=13 budget=  320 C1 valid=64 novel= 0 | C2 uniq= 1 | C3 draws=  320 comp=  1 uniq=  1 novel=  0 pruned=   0 bt=279 cap= 3 | C4 pool=  1 got= 1 short=0 | 2.6s
[1585] size=11 budget=  256 C1 valid=64 novel= 0 | C2 uniq= 1 | C3 draws=  256 comp=  1 uniq=  1 novel=  0 pruned=   0 bt=225 cap= 3 | C4 pool=  1 got= 1 short=0 | 2.1s
[1586] size=13 budget=  576 C1 valid=64 novel=16 | C2 uniq= 2 | C3 draws=  576 comp=  3 uniq=  3 novel=  2 pruned=   0 bt=456 cap= 6 | C4 pool=  4 got= 2 short=0 | 4.9s
[1587] size=13 budget=  256 C1 valid=64 novel= 0 | C2 uniq= 1 | C3 draws=  256 comp=  1 uniq=  1 novel=  0 pruned=   0 bt=217 cap= 3 | C4 pool=  1 got= 1 short=0 | 2.0s
[1588] size=17 budget=  320 C1 valid=64 novel= 0 | C2 uniq= 1 | C3 draws=  320 comp=  1 uniq=  1 novel=  0 pruned=   0 bt=273 cap= 4 | C4 pool=  1 got= 1 short=0 | 2.6s
[1589] size=17 budget=  384 C1 valid=64 novel= 0 | C2 uniq= 1 | C3 draws=  384 comp=  1 uniq=  1 novel=  0 pruned=   0 bt=334 cap= 4 | C4 pool=  1 got= 1 short=0 | 3.1s
[1590] size= 9 budget=  361 C1 valid=64 novel= 0 | C2 uniq= 3 | C3 draws=  361 comp=  2 uniq=  2 novel=  0 pruned=   0 bt=305 cap= 4 | C4 pool=  3 got= 3 short=0 | 2.9s
[1591] size=13 budget=  320 C1 valid=64 novel= 0 | C2 uniq= 1 | C3 draws=  320 comp=  1 uniq=  1 novel=  0 pruned=   0 bt=279 cap= 3 | C4 pool=  1 got= 1 short=0 | 2.6s
[1592] size=19 budget=  708 C1 valid=64 novel=14 | C2 uniq=10 | C3 draws=  708 comp= 12 uniq= 12 novel=  7 pruned=   0 bt=474 cap= 6 | C4 pool=  8 got= 8 short=2 | 5.7s
[1593] size=17 budget=  745 C1 valid=51 novel=19 | C2 uniq=19 | C3 draws=  745 comp= 14 uniq= 14 novel=  8 pruned=   0 bt=465 cap= 6 | C4 pool=400 got=19 short=0 | 5.8s
[1594] size=17 budget= 1010 C1 valid=64 novel=64 | C2 uniq=45 | C3 draws= 1010 comp= 36 uniq= 36 novel= 36 pruned=   0 bt=340 cap= 3 | C4 pool=400 got=45 short=0 | 7.5s
[1595] size=13 budget=  520 C1 valid=64 novel= 1 | C2 uniq= 5 | C3 draws=  520 comp=  2 uniq=  2 novel=  0 pruned=   0 bt=442 cap= 6 | C4 pool=  9 got= 5 short=0 | 4.3s
[1596] size=15 budget=  320 C1 valid=64 novel= 0 | C2 uniq= 1 | C3 draws=  320 comp=  1 uniq=  1 novel=  0 pruned=   0 bt=282 cap= 3 | C4 pool=  1 got= 1 short=0 | 2.6s
[1597] size=17 budget=  256 C1 valid=64 novel= 0 | C2 uniq= 1 | C3 draws=  256 comp=  1 uniq=  1 novel=  0 pruned=   0 bt=218 cap= 3 | C4 pool=  1 got= 1 short=0 | 2.1s
[1598] size=17 budget=  540 C1 valid=64 novel= 5 | C2 uniq= 6 | C3 draws=  540 comp=  4 uniq=  4 novel=  1 pruned=   0 bt=424 cap= 6 | C4 pool=  6 got= 6 short=0 | 4.5s
[1599] size=13 budget=  384 C1 valid=64 novel= 0 | C2 uniq= 2 | C3 draws=  384 comp=  2 uniq=  2 novel=  0 pruned=   0 bt=329 cap= 4 | C4 pool=  2 got= 2 short=0 | 3.1s
[1600] size=17 budget=  320 C1 valid=64 novel= 0 | C2 uniq= 1 | C3 draws=  320 comp=  2 uniq=  2 novel=  0 pruned=   0 bt=273 cap= 3 | C4 pool=  2 got= 1 short=0 | 2.6s
[1601] size=11 budget=  697 C1 valid=63 novel=47 | C2 uniq=15 | C3 draws=  697 comp=  9 uniq=  9 novel=  8 pruned=   0 bt=512 cap= 7 | C4 pool= 12 got=12 short=3 | 5.6s
[1602] size=11 budget=  712 C1 valid=64 novel=64 | C2 uniq= 5 | C3 draws=  712 comp=  7 uniq=  7 novel=  7 pruned=   0 bt=508 cap= 6 | C4 pool=  9 got= 5 short=0 | 6.2s
[1603] size=15 budget=  320 C1 valid=64 novel= 0 | C2 uniq= 1 | C3 draws=  320 comp=  1 uniq=  1 novel=  0 pruned=   0 bt=282 cap= 3 | C4 pool=  1 got= 1 short=0 | 2.6s
[1604] size=15 budget=  384 C1 valid=64 novel= 0 | C2 uniq= 1 | C3 draws=  384 comp=  1 uniq=  1 novel=  0 pruned=   0 bt=338 cap= 4 | C4 pool=  1 got= 1 short=0 | 3.1s
[1605] size=17 budget=  511 C1 valid=64 novel= 0 | C2 uniq= 3 | C3 draws=  511 comp=  2 uniq=  2 novel=  0 pruned=   0 bt=432 cap= 6 | C4 pool=  2 got= 2 short=1 | 4.1s
[1606] size=11 budget=  512 C1 valid=64 novel= 0 | C2 uniq= 1 | C3 draws=  512 comp=  1 uniq=  1 novel=  0 pruned=   0 bt=432 cap= 6 | C4 pool=  1 got= 1 short=0 | 4.3s
[1607] size=15 budget=  564 C1 valid=52 novel=52 | C2 uniq= 1 | C3 draws=  564 comp=  1 uniq=  1 novel=  1 pruned=   0 bt=483 cap= 7 | C4 pool=  1 got= 1 short=0 | 4.7s
[1608] size=17 budget=  448 C1 valid=64 novel= 0 | C2 uniq= 1 | C3 draws=  448 comp=  1 uniq=  1 novel=  0 pruned=   0 bt=387 cap= 5 | C4 pool=  1 got= 1 short=0 | 3.6s
[1609] size= 9 budget=  256 C1 valid=64 novel= 0 | C2 uniq= 1 | C3 draws=  256 comp=  1 uniq=  1 novel=  0 pruned=   0 bt=225 cap= 2 | C4 pool=  1 got= 1 short=0 | 2.1s
[1610] size=15 budget=  745 C1 valid=63 novel=30 | C2 uniq= 3 | C3 draws=  745 comp=  3 uniq=  3 novel=  2 pruned=   0 bt=602 cap= 8 | C4 pool=  3 got= 3 short=0 | 6.3s
[1611] size= 9 budget=  256 C1 valid=64 novel= 0 | C2 uniq= 1 | C3 draws=  256 comp=  1 uniq=  1 novel=  0 pruned=   0 bt=225 cap= 2 | C4 pool=  1 got= 1 short=0 | 2.1s
[1612] size=19 budget= 1545 C1 valid=43 novel=37 | C2 uniq=30 | C3 draws= 1545 comp= 29 uniq= 29 novel= 28 pruned=   0 bt=586 cap= 9 | C4 pool=400 got=30 short=0 | 13.0s
[1613] size=11 budget=  504 C1 valid=64 novel=19 | C2 uniq=23 | C3 draws=  504 comp= 25 uniq= 25 novel= 18 pruned=   0 bt=177 cap= 2 | C4 pool=400 got=23 short=0 | 3.6s
[1614] size= 9 budget=  391 C1 valid=64 novel=17 | C2 uniq= 4 | C3 draws=  391 comp=  3 uniq=  3 novel=  1 pruned=   0 bt=323 cap= 4 | C4 pool= 11 got= 4 short=0 | 3.2s
[1615] size=13 budget= 1153 C1 valid=52 novel=41 | C2 uniq=10 | C3 draws= 1153 comp= 25 uniq= 25 novel= 24 pruned=   0 bt=552 cap= 1 | C4 pool=400 got=10 short=0 | 10.1s
[1616] size=19 budget=  520 C1 valid=64 novel=35 | C2 uniq= 4 | C3 draws=  520 comp=  4 uniq=  4 novel=  2 pruned=   0 bt=410 cap= 6 | C4 pool=  4 got= 4 short=0 | 4.3s
[1617] size=13 budget=  384 C1 valid=64 novel= 0 | C2 uniq= 1 | C3 draws=  384 comp=  1 uniq=  1 novel=  0 pruned=   0 bt=333 cap= 4 | C4 pool=  1 got= 1 short=0 | 3.1s
[1618] size=17 budget=  448 C1 valid=64 novel= 0 | C2 uniq= 1 | C3 draws=  448 comp=  1 uniq=  1 novel=  0 pruned=   0 bt=387 cap= 5 | C4 pool=  1 got= 1 short=0 | 3.6s
[1619] size= 9 budget=  384 C1 valid=64 novel= 0 | C2 uniq= 1 | C3 draws=  384 comp=  1 uniq=  1 novel=  0 pruned=   0 bt=333 cap= 4 | C4 pool=  1 got= 1 short=0 | 3.1s
[1620] size=17 budget=  516 C1 valid=64 novel=13 | C2 uniq= 4 | C3 draws=  516 comp=  4 uniq=  4 novel=  1 pruned=   0 bt=415 cap= 6 | C4 pool=  5 got= 4 short=0 | 4.2s
[1621] size=17 budget=  500 C1 valid=64 novel=16 | C2 uniq=16 | C3 draws=  500 comp= 15 uniq= 15 novel=  9 pruned=   0 bt=257 cap= 3 | C4 pool=400 got=16 short=0 | 3.8s
[1622] size=19 budget=  458 C1 valid=64 novel=19 | C2 uniq= 4 | C3 draws=  458 comp=  4 uniq=  4 novel=  2 pruned=   0 bt=371 cap= 5 | C4 pool=  4 got= 4 short=0 | 3.7s
[1623] size=19 budget=  765 C1 valid=60 novel=60 | C2 uniq=10 | C3 draws=  765 comp=  9 uniq=  9 novel=  9 pruned=   0 bt=546 cap= 8 | C4 pool= 12 got=10 short=0 | 6.3s
[1624] size= 9 budget=  468 C1 valid=64 novel= 0 | C2 uniq= 2 | C3 draws=  468 comp=  2 uniq=  2 novel=  0 pruned=   0 bt=389 cap= 5 | C4 pool=  2 got= 2 short=0 | 3.9s
[1625] size=13 budget=  320 C1 valid=64 novel= 0 | C2 uniq= 1 | C3 draws=  320 comp=  1 uniq=  1 novel=  0 pruned=   0 bt=279 cap= 3 | C4 pool=  1 got= 1 short=0 | 2.6s
[1626] size=17 budget=  256 C1 valid=64 novel= 0 | C2 uniq= 1 | C3 draws=  256 comp=  1 uniq=  1 novel=  0 pruned=   0 bt=218 cap= 3 | C4 pool=  1 got= 1 short=0 | 2.1s
[1627] size=17 budget=  520 C1 valid=64 novel=24 | C2 uniq= 3 | C3 draws=  520 comp=  3 uniq=  3 novel=  1 pruned=   0 bt=418 cap= 6 | C4 pool=  3 got= 3 short=0 | 4.4s
[1628] size=19 budget=  384 C1 valid=64 novel= 0 | C2 uniq= 1 | C3 draws=  384 comp=  1 uniq=  1 novel=  0 pruned=   0 bt=335 cap= 5 | C4 pool=  1 got= 1 short=0 | 3.1s
[1629] size=13 budget= 1002 C1 valid=44 novel=35 | C2 uniq=24 | C3 draws= 1002 comp= 23 uniq= 23 novel= 20 pruned=   0 bt=503 cap= 7 | C4 pool=400 got=24 short=0 | 8.1s
[1630] size=19 budget=  466 C1 valid=55 novel= 9 | C2 uniq=10 | C3 draws=  466 comp= 13 uniq= 13 novel= 10 pruned=   0 bt=240 cap= 3 | C4 pool=400 got=10 short=0 | 4.6s
[1631] size=15 budget=  552 C1 valid=50 novel=11 | C2 uniq=11 | C3 draws=  552 comp= 12 uniq= 12 novel=  8 pruned=   0 bt=319 cap= 4 | C4 pool=400 got=11 short=0 | 4.5s
[1632] size=17 budget=  384 C1 valid=64 novel= 0 | C2 uniq= 1 | C3 draws=  384 comp=  1 uniq=  1 novel=  0 pruned=   0 bt=334 cap= 4 | C4 pool=  1 got= 1 short=0 | 3.2s
[1633] size= 9 budget=  448 C1 valid=64 novel= 0 | C2 uniq= 1 | C3 draws=  448 comp=  1 uniq=  1 novel=  0 pruned=   0 bt=387 cap= 5 | C4 pool=  1 got= 1 short=0 | 3.6s
[1634] size=15 budget=  256 C1 valid=64 novel= 0 | C2 uniq= 1 | C3 draws=  256 comp=  1 uniq=  1 novel=  0 pruned=   0 bt=219 cap= 3 | C4 pool=  1 got= 1 short=0 | 2.1s
[1635] size=19 budget= 1213 C1 valid=47 novel=47 | C2 uniq=29 | C3 draws= 1213 comp= 21 uniq= 21 novel= 21 pruned=   0 bt=639 cap=10 | C4 pool=256 got=29 short=0 | 10.4s
[1636] size=17 budget=  384 C1 valid=64 novel= 0 | C2 uniq= 1 | C3 draws=  384 comp=  1 uniq=  1 novel=  0 pruned=   0 bt=334 cap= 4 | C4 pool=  1 got= 1 short=0 | 3.1s
[1637] size=13 budget=  416 C1 valid=57 novel= 0 | C2 uniq= 1 | C3 draws=  416 comp=  1 uniq=  1 novel=  0 pruned=   0 bt=360 cap= 5 | C4 pool=  1 got= 1 short=0 | 3.4s
[1638] size=11 budget=  576 C1 valid=64 novel= 0 | C2 uniq= 1 | C3 draws=  576 comp=  1 uniq=  1 novel=  0 pruned=   0 bt=490 cap= 6 | C4 pool=  1 got= 1 short=0 | 4.8s
[1639] size=17 budget= 1199 C1 valid=40 novel=37 | C2 uniq=19 | C3 draws= 1199 comp= 16 uniq= 16 novel= 15 pruned=   0 bt=687 cap=11 | C4 pool=400 got=19 short=0 | 10.7s
[1640] size=19 budget=  704 C1 valid=64 novel=64 | C2 uniq= 3 | C3 draws=  704 comp= 15 uniq= 15 novel= 15 pruned=   0 bt=394 cap= 2 | C4 pool=  9 got= 3 short=0 | 5.8s
[1641] size=15 budget=  320 C1 valid=64 novel= 0 | C2 uniq= 1 | C3 draws=  320 comp=  1 uniq=  1 novel=  0 pruned=   0 bt=282 cap= 3 | C4 pool=  1 got= 1 short=0 | 2.6s
[1642] size=19 budget=  810 C1 valid=64 novel=64 | C2 uniq= 4 | C3 draws=  810 comp=  8 uniq=  8 novel=  8 pruned=   0 bt=546 cap= 6 | C4 pool=  7 got= 4 short=0 | 7.0s
[1643] size=19 budget=  512 C1 valid=64 novel=64 | C2 uniq= 1 | C3 draws=  512 comp=  1 uniq=  1 novel=  1 pruned=   0 bt=447 cap= 6 | C4 pool=  1 got= 1 short=0 | 4.2s
[1644] size=19 budget=  384 C1 valid=64 novel= 0 | C2 uniq= 1 | C3 draws=  384 comp=  1 uniq=  1 novel=  0 pruned=   0 bt=335 cap= 5 | C4 pool=  1 got= 1 short=0 | 3.1s
[1645] size=15 budget=  640 C1 valid=64 novel=64 | C2 uniq= 1 | C3 draws=  640 comp=  1 uniq=  1 novel=  1 pruned=   0 bt=533 cap= 7 | C4 pool=  1 got= 1 short=0 | 5.6s
[1646] size=11 budget=  600 C1 valid=64 novel=40 | C2 uniq= 3 | C3 draws=  600 comp=  3 uniq=  3 novel=  2 pruned=   0 bt=493 cap= 6 | C4 pool=  3 got= 3 short=0 | 5.0s
[1647] size=15 budget=  384 C1 valid=64 novel= 0 | C2 uniq= 1 | C3 draws=  384 comp=  1 uniq=  1 novel=  0 pruned=   0 bt=338 cap= 4 | C4 pool=  1 got= 1 short=0 | 3.1s
[1648] size=15 budget=  559 C1 valid=43 novel= 3 | C2 uniq= 3 | C3 draws=  559 comp=  1 uniq=  1 novel=  0 pruned=   0 bt=492 cap= 6 | C4 pool=  5 got= 3 short=0 | 4.6s
[1649] size=11 budget=  750 C1 valid=60 novel=29 | C2 uniq=15 | C3 draws=  750 comp= 29 uniq= 29 novel= 26 pruned=   0 bt=228 cap= 0 | C4 pool=400 got=15 short=0 | 5.4s
[1650] size=11 budget=  347 C1 valid=64 novel= 0 | C2 uniq= 3 | C3 draws=  347 comp=  2 uniq=  2 novel=  0 pruned=   0 bt=300 cap= 4 | C4 pool=  4 got= 3 short=0 | 2.8s
[1651] size=19 budget=  320 C1 valid=64 novel= 0 | C2 uniq= 1 | C3 draws=  320 comp=  1 uniq=  1 novel=  0 pruned=   0 bt=274 cap= 4 | C4 pool=  1 got= 1 short=0 | 2.6s
[1652] size=17 budget=  448 C1 valid=64 novel= 0 | C2 uniq= 1 | C3 draws=  448 comp=  1 uniq=  1 novel=  0 pruned=   0 bt=387 cap= 5 | C4 pool=  1 got= 1 short=0 | 3.6s
[1653] size=19 budget=  698 C1 valid=47 novel= 5 | C2 uniq= 8 | C3 draws=  698 comp= 11 uniq= 11 novel=  8 pruned=   0 bt=469 cap= 7 | C4 pool= 58 got= 8 short=0 | 5.4s
[1654] size=17 budget=  768 C1 valid=64 novel=38 | C2 uniq=27 | C3 draws=  768 comp= 18 uniq= 18 novel= 13 pruned=   0 bt=460 cap= 6 | C4 pool=400 got=27 short=0 | 5.9s
[1655] size=19 budget=  384 C1 valid=64 novel= 0 | C2 uniq= 1 | C3 draws=  384 comp=  1 uniq=  1 novel=  0 pruned=   0 bt=335 cap= 5 | C4 pool=  1 got= 1 short=0 | 3.1s
[1656] size=17 budget=  448 C1 valid=64 novel= 0 | C2 uniq= 1 | C3 draws=  448 comp=  1 uniq=  1 novel=  0 pruned=   0 bt=387 cap= 5 | C4 pool=  1 got= 1 short=0 | 3.6s
[1657] size=13 budget= 1001 C1 valid=64 novel=63 | C2 uniq= 8 | C3 draws= 1001 comp=  5 uniq=  5 novel=  5 pruned=   0 bt=701 cap=11 | C4 pool=  8 got= 8 short=0 | 9.1s
[1658] size=19 budget=  384 C1 valid=64 novel= 0 | C2 uniq= 1 | C3 draws=  384 comp=  1 uniq=  1 novel=  0 pruned=   0 bt=335 cap= 5 | C4 pool=  1 got= 1 short=0 | 3.1s
[1659] size=15 budget=  384 C1 valid=64 novel= 0 | C2 uniq= 1 | C3 draws=  384 comp=  1 uniq=  1 novel=  0 pruned=   0 bt=338 cap= 4 | C4 pool=  1 got= 1 short=0 | 3.1s
[1660] size=19 budget=  846 C1 valid=53 novel=24 | C2 uniq=19 | C3 draws=  846 comp= 17 uniq= 17 novel= 12 pruned=   0 bt=475 cap= 7 | C4 pool=400 got=19 short=0 | 6.7s
[1661] size=11 budget=  384 C1 valid=64 novel= 0 | C2 uniq= 1 | C3 draws=  384 comp=  1 uniq=  1 novel=  0 pruned=   0 bt=337 cap= 4 | C4 pool=  1 got= 1 short=0 | 3.1s
[1662] size=19 budget= 1188 C1 valid=45 novel=45 | C2 uniq=28 | C3 draws= 1188 comp= 39 uniq= 39 novel= 39 pruned=   0 bt=385 cap= 0 | C4 pool=400 got=28 short=0 | 9.0s
[1663] size=17 budget=  384 C1 valid=64 novel= 0 | C2 uniq= 1 | C3 draws=  384 comp=  1 uniq=  1 novel=  0 pruned=   0 bt=334 cap= 4 | C4 pool=  1 got= 1 short=0 | 3.1s
[1664] size=15 budget=  694 C1 valid=59 novel=31 | C2 uniq=23 | C3 draws=  694 comp= 14 uniq= 14 novel= 11 pruned=   0 bt=458 cap= 5 | C4 pool=400 got=23 short=0 | 5.4s
[1665] size=15 budget=  320 C1 valid=64 novel= 0 | C2 uniq= 1 | C3 draws=  320 comp=  1 uniq=  1 novel=  0 pruned=   0 bt=282 cap= 3 | C4 pool=  1 got= 1 short=0 | 2.6s
[1666] size=13 budget=  668 C1 valid=57 novel=26 | C2 uniq=19 | C3 draws=  668 comp= 16 uniq= 16 novel= 13 pruned=   0 bt=399 cap= 5 | C4 pool=400 got=19 short=0 | 5.3s
[1667] size=19 budget=  320 C1 valid=64 novel= 0 | C2 uniq= 1 | C3 draws=  320 comp=  1 uniq=  1 novel=  0 pruned=   0 bt=274 cap= 4 | C4 pool=  1 got= 1 short=0 | 2.6s
[1668] size=15 budget=  804 C1 valid=64 novel=42 | C2 uniq= 3 | C3 draws=  804 comp=  3 uniq=  3 novel=  2 pruned=   0 bt=596 cap= 9 | C4 pool=  3 got= 3 short=0 | 7.2s
[1669] size=15 budget=  448 C1 valid=64 novel= 0 | C2 uniq= 1 | C3 draws=  448 comp=  1 uniq=  1 novel=  0 pruned=   0 bt=392 cap= 5 | C4 pool=  1 got= 1 short=0 | 3.6s
[1670] size=13 budget=  384 C1 valid=64 novel= 0 | C2 uniq= 1 | C3 draws=  384 comp=  1 uniq=  1 novel=  0 pruned=   0 bt=333 cap= 4 | C4 pool=  1 got= 1 short=0 | 3.1s
[1671] size=13 budget= 1278 C1 valid=52 novel=38 | C2 uniq=22 | C3 draws= 1278 comp= 17 uniq= 17 novel= 12 pruned=   0 bt=733 cap=10 | C4 pool=400 got=22 short=0 | 11.4s
[1672] size=15 budget=  481 C1 valid=64 novel=27 | C2 uniq= 3 | C3 draws=  481 comp=  3 uniq=  3 novel=  1 pruned=   0 bt=401 cap= 5 | C4 pool=  3 got= 3 short=0 | 4.0s
[1673] size=17 budget=  566 C1 valid=63 novel=17 | C2 uniq= 9 | C3 draws=  566 comp=  7 uniq=  7 novel=  3 pruned=   0 bt=410 cap= 6 | C4 pool=200 got= 9 short=0 | 4.7s
[1674] size=17 budget= 1708 C1 valid=11 novel=10 | C2 uniq=10 | C3 draws= 1708 comp= 27 uniq= 27 novel= 27 pruned=   0 bt=580 cap=10 | C4 pool=400 got=10 short=0 | 13.8s
[1675] size=13 budget=  384 C1 valid=64 novel= 0 | C2 uniq= 1 | C3 draws=  384 comp=  1 uniq=  1 novel=  0 pruned=   0 bt=333 cap= 4 | C4 pool=  1 got= 1 short=0 | 3.1s
[1676] size=11 budget=  614 C1 valid=64 novel=13 | C2 uniq=15 | C3 draws=  614 comp= 11 uniq= 11 novel=  7 pruned=   0 bt=407 cap= 5 | C4 pool=400 got=15 short=0 | 4.8s
[1677] size=17 budget=  467 C1 valid=64 novel=12 | C2 uniq= 6 | C3 draws=  467 comp=  5 uniq=  5 novel=  3 pruned=   0 bt=364 cap= 5 | C4 pool= 10 got= 6 short=0 | 3.8s
[1678] size=13 budget=  320 C1 valid=64 novel= 0 | C2 uniq= 1 | C3 draws=  320 comp=  2 uniq=  2 novel=  0 pruned=   0 bt=273 cap= 3 | C4 pool=  2 got= 1 short=0 | 2.6s
[1679] size=15 budget=  436 C1 valid=64 novel= 0 | C2 uniq= 3 | C3 draws=  436 comp=  3 uniq=  3 novel=  0 pruned=   0 bt=369 cap= 5 | C4 pool=  4 got= 3 short=0 | 3.5s
[1680] size=11 budget=  512 C1 valid=64 novel=64 | C2 uniq= 1 | C3 draws=  512 comp=  1 uniq=  1 novel=  1 pruned=   0 bt=432 cap= 6 | C4 pool=  2 got= 1 short=0 | 4.3s
[1681] size=17 budget=  445 C1 valid=64 novel= 5 | C2 uniq= 7 | C3 draws=  445 comp=  4 uniq=  4 novel=  0 pruned=   0 bt=363 cap= 5 | C4 pool=  8 got= 7 short=0 | 3.5s
[1682] size=19 budget=  903 C1 valid=55 novel=34 | C2 uniq=13 | C3 draws=  903 comp=  7 uniq=  7 novel=  4 pruned=   0 bt=662 cap=10 | C4 pool= 29 got=13 short=0 | 7.6s
[1683] size=11 budget=  256 C1 valid=64 novel= 0 | C2 uniq= 1 | C3 draws=  256 comp=  1 uniq=  1 novel=  0 pruned=   0 bt=225 cap= 3 | C4 pool=  1 got= 1 short=0 | 2.1s
[1684] size=19 budget=  384 C1 valid=64 novel= 0 | C2 uniq= 1 | C3 draws=  384 comp=  1 uniq=  1 novel=  0 pruned=   0 bt=335 cap= 5 | C4 pool=  1 got= 1 short=0 | 3.1s
[1685] size=15 budget=  385 C1 valid=64 novel= 0 | C2 uniq= 3 | C3 draws=  385 comp=  2 uniq=  2 novel=  0 pruned=   0 bt=331 cap= 4 | C4 pool=  3 got= 3 short=0 | 3.1s
[1686] size= 9 budget=  320 C1 valid=64 novel= 0 | C2 uniq= 1 | C3 draws=  320 comp=  1 uniq=  1 novel=  0 pruned=   0 bt=279 cap= 3 | C4 pool=  1 got= 1 short=0 | 2.6s
[1687] size=13 budget= 1766 C1 valid=36 novel=36 | C2 uniq=21 | C3 draws= 1766 comp= 20 uniq= 20 novel= 20 pruned=   0 bt=787 cap=15 | C4 pool=400 got=21 short=0 | 17.1s
[1688] size=11 budget=  448 C1 valid=64 novel= 0 | C2 uniq= 1 | C3 draws=  448 comp=  1 uniq=  1 novel=  0 pruned=   0 bt=393 cap= 5 | C4 pool=  1 got= 1 short=0 | 3.6s
[1689] size=17 budget=  384 C1 valid=64 novel= 0 | C2 uniq= 2 | C3 draws=  384 comp=  4 uniq=  4 novel=  2 pruned=   0 bt=310 cap= 3 | C4 pool=  6 got= 2 short=0 | 3.1s
[1690] size=17 budget=  512 C1 valid=64 novel= 0 | C2 uniq= 2 | C3 draws=  512 comp=  2 uniq=  2 novel=  0 pruned=   0 bt=442 cap= 5 | C4 pool=  2 got= 2 short=0 | 4.1s
[1691] size=11 budget=  283 C1 valid=64 novel= 0 | C2 uniq= 2 | C3 draws=  283 comp=  2 uniq=  2 novel=  0 pruned=   0 bt=239 cap= 3 | C4 pool=  2 got= 2 short=0 | 2.3s
[1692] size=19 budget= 1066 C1 valid=64 novel=31 | C2 uniq=37 | C3 draws= 1066 comp= 33 uniq= 33 novel= 20 pruned=   0 bt=337 cap= 4 | C4 pool=400 got=37 short=0 | 9.6s
[1693] size=17 budget=  256 C1 valid=64 novel= 0 | C2 uniq= 1 | C3 draws=  256 comp=  1 uniq=  1 novel=  0 pruned=   0 bt=218 cap= 3 | C4 pool=  1 got= 1 short=0 | 2.1s
[1694] size=17 budget= 1182 C1 valid=64 novel=64 | C2 uniq= 3 | C3 draws= 1182 comp=  3 uniq=  3 novel=  3 pruned=   0 bt=847 cap=14 | C4 pool=  6 got= 3 short=0 | 11.0s
[1695] size=11 budget=  384 C1 valid=64 novel= 0 | C2 uniq= 1 | C3 draws=  384 comp=  1 uniq=  1 novel=  0 pruned=   0 bt=337 cap= 4 | C4 pool=  1 got= 1 short=0 | 3.1s
[1696] size=17 budget=  583 C1 valid=64 novel=10 | C2 uniq= 4 | C3 draws=  583 comp=  9 uniq=  9 novel=  7 pruned=   0 bt=382 cap= 4 | C4 pool=  9 got= 4 short=0 | 4.8s
[1697] size= 9 budget=  368 C1 valid=64 novel= 0 | C2 uniq= 5 | C3 draws=  368 comp=  4 uniq=  4 novel=  0 pruned=   0 bt=304 cap= 4 | C4 pool=  6 got= 5 short=0 | 2.9s
[1698] size=11 budget=  384 C1 valid=64 novel= 0 | C2 uniq= 1 | C3 draws=  384 comp=  1 uniq=  1 novel=  0 pruned=   0 bt=337 cap= 4 | C4 pool=  1 got= 1 short=0 | 3.1s
[1699] size=13 budget=  448 C1 valid=64 novel= 0 | C2 uniq= 1 | C3 draws=  448 comp=  1 uniq=  1 novel=  0 pruned=   0 bt=387 cap= 5 | C4 pool=  1 got= 1 short=0 | 3.6s
[1700] size=17 budget=  544 C1 valid=64 novel=15 | C2 uniq= 7 | C3 draws=  544 comp=  4 uniq=  4 novel=  1 pruned=   0 bt=445 cap= 6 | C4 pool= 30 got= 7 short=0 | 4.4s
[1701] size=17 budget=  330 C1 valid=63 novel= 0 | C2 uniq= 1 | C3 draws=  330 comp=  1 uniq=  1 novel=  0 pruned=   0 bt=274 cap= 4 | C4 pool=  1 got= 1 short=0 | 2.8s
[1702] size=15 budget=  564 C1 valid=63 novel=27 | C2 uniq= 7 | C3 draws=  564 comp=  6 uniq=  6 novel=  2 pruned=   0 bt=437 cap= 6 | C4 pool=  9 got= 7 short=0 | 4.9s
[1703] size=15 budget=  605 C1 valid=64 novel=25 | C2 uniq=19 | C3 draws=  605 comp= 16 uniq= 16 novel=  9 pruned=   0 bt=373 cap= 5 | C4 pool=111 got=19 short=0 | 4.6s
[1704] size=15 budget=  256 C1 valid=64 novel= 0 | C2 uniq= 1 | C3 draws=  256 comp=  1 uniq=  1 novel=  0 pruned=   0 bt=219 cap= 3 | C4 pool=  1 got= 1 short=0 | 2.1s
[1705] size= 9 budget=  792 C1 valid=63 novel=37 | C2 uniq=17 | C3 draws=  792 comp= 29 uniq= 29 novel= 25 pruned=   0 bt=300 cap= 3 | C4 pool=400 got=17 short=0 | 5.9s
[1706] size=17 budget=  256 C1 valid=64 novel= 0 | C2 uniq= 1 | C3 draws=  256 comp=  1 uniq=  1 novel=  0 pruned=   0 bt=218 cap= 3 | C4 pool=  1 got= 1 short=0 | 2.1s
[1707] size=19 budget=  664 C1 valid=64 novel=32 | C2 uniq=29 | C3 draws=  664 comp= 44 uniq= 44 novel= 33 pruned=   0 bt= 65 cap= 0 | C4 pool=400 got=29 short=0 | 4.1s
[1708] size=17 budget=  772 C1 valid=64 novel=33 | C2 uniq=24 | C3 draws=  772 comp= 46 uniq= 46 novel= 43 pruned=   0 bt= 26 cap= 0 | C4 pool=400 got=24 short=0 | 5.0s
[1709] size=15 budget=  384 C1 valid=64 novel= 0 | C2 uniq= 1 | C3 draws=  384 comp=  1 uniq=  1 novel=  0 pruned=   0 bt=338 cap= 4 | C4 pool=  1 got= 1 short=0 | 3.1s
[1710] size=17 budget=  514 C1 valid=64 novel= 0 | C2 uniq= 2 | C3 draws=  514 comp=  2 uniq=  2 novel=  0 pruned=   0 bt=418 cap= 6 | C4 pool=  2 got= 2 short=0 | 4.3s
[1711] size=11 budget=  890 C1 valid=62 novel=48 | C2 uniq=21 | C3 draws=  890 comp= 15 uniq= 15 novel= 13 pruned=   0 bt=568 cap= 7 | C4 pool=400 got=21 short=0 | 7.0s
[1712] size= 9 budget=  320 C1 valid=64 novel= 0 | C2 uniq= 1 | C3 draws=  320 comp=  1 uniq=  1 novel=  0 pruned=   0 bt=279 cap= 3 | C4 pool=  1 got= 1 short=0 | 2.6s
[1713] size=17 budget=  444 C1 valid=64 novel= 0 | C2 uniq= 2 | C3 draws=  444 comp=  2 uniq=  2 novel=  0 pruned=   0 bt=381 cap= 5 | C4 pool=  2 got= 2 short=0 | 3.6s
[1714] size=15 budget=  729 C1 valid=64 novel=64 | C2 uniq= 2 | C3 draws=  729 comp=  2 uniq=  2 novel=  2 pruned=   0 bt=586 cap= 8 | C4 pool=  2 got= 2 short=0 | 6.4s
[1715] size=15 budget=  459 C1 valid=64 novel= 6 | C2 uniq=11 | C3 draws=  459 comp=  7 uniq=  7 novel=  0 pruned=   0 bt=365 cap= 4 | C4 pool= 13 got=11 short=0 | 3.6s
[1716] size=15 budget=  384 C1 valid=64 novel= 0 | C2 uniq= 1 | C3 draws=  384 comp=  1 uniq=  1 novel=  0 pruned=   0 bt=338 cap= 4 | C4 pool=  2 got= 1 short=0 | 3.1s
[1717] size=11 budget=  384 C1 valid=64 novel= 0 | C2 uniq= 1 | C3 draws=  384 comp=  1 uniq=  1 novel=  0 pruned=   0 bt=337 cap= 4 | C4 pool=  1 got= 1 short=0 | 3.1s
[1718] size=13 budget=  632 C1 valid=64 novel=24 | C2 uniq=21 | C3 draws=  632 comp= 10 uniq= 10 novel=  3 pruned=   0 bt=471 cap= 6 | C4 pool=400 got=21 short=0 | 5.1s
[1719] size= 9 budget=  320 C1 valid=64 novel= 0 | C2 uniq= 1 | C3 draws=  320 comp=  1 uniq=  1 novel=  0 pruned=   0 bt=279 cap= 3 | C4 pool=  2 got= 1 short=0 | 2.6s
[1720] size=13 budget=  554 C1 valid=64 novel= 0 | C2 uniq= 3 | C3 draws=  554 comp=  3 uniq=  3 novel=  0 pruned=   0 bt=449 cap= 6 | C4 pool=  3 got= 3 short=0 | 4.6s
[1721] size=13 budget= 1089 C1 valid=57 novel=55 | C2 uniq=44 | C3 draws= 1089 comp= 41 uniq= 41 novel= 39 pruned=   0 bt=355 cap= 4 | C4 pool=400 got=44 short=0 | 7.9s
[1722] size=13 budget=  484 C1 valid=63 novel=19 | C2 uniq= 3 | C3 draws=  484 comp=  3 uniq=  3 novel=  1 pruned=   0 bt=401 cap= 5 | C4 pool=  3 got= 3 short=0 | 4.0s
[1723] size=15 budget= 1900 C1 valid=15 novel=15 | C2 uniq=15 | C3 draws= 1900 comp= 37 uniq= 37 novel= 37 pruned=   0 bt=612 cap= 8 | C4 pool=400 got=15 short=0 | 16.6s
[1724] size=17 budget=  512 C1 valid=64 novel=64 | C2 uniq= 1 | C3 draws=  512 comp=  1 uniq=  1 novel=  1 pruned=   0 bt=441 cap= 6 | C4 pool=  1 got= 1 short=0 | 4.2s
[1725] size=17 budget=  618 C1 valid=62 novel= 5 | C2 uniq=10 | C3 draws=  618 comp=  6 uniq=  6 novel=  1 pruned=   0 bt=476 cap= 6 | C4 pool=400 got=10 short=0 | 5.1s
[1726] size= 9 budget=  316 C1 valid=64 novel= 0 | C2 uniq= 2 | C3 draws=  316 comp=  2 uniq=  2 novel=  0 pruned=   0 bt=270 cap= 3 | C4 pool=  4 got= 2 short=0 | 2.5s
[1727] size=11 budget=  551 C1 valid=63 novel=17 | C2 uniq= 5 | C3 draws=  551 comp=  4 uniq=  4 novel=  1 pruned=   0 bt=427 cap= 6 | C4 pool=  6 got= 5 short=0 | 4.6s
[1728] size=13 budget=  320 C1 valid=64 novel= 0 | C2 uniq= 1 | C3 draws=  320 comp=  1 uniq=  1 novel=  0 pruned=   0 bt=279 cap= 3 | C4 pool=  1 got= 1 short=0 | 2.6s
[1729] size=13 budget=  458 C1 valid=64 novel=12 | C2 uniq=10 | C3 draws=  458 comp=  4 uniq=  4 novel=  2 pruned=   0 bt=366 cap= 5 | C4 pool= 62 got=10 short=0 | 3.7s
[1730] size=15 budget=  495 C1 valid=64 novel= 5 | C2 uniq= 3 | C3 draws=  495 comp=  3 uniq=  3 novel=  1 pruned=   0 bt=423 cap= 5 | C4 pool=  3 got= 3 short=0 | 4.0s
[1731] size=15 budget=  583 C1 valid=64 novel=16 | C2 uniq=20 | C3 draws=  583 comp=  4 uniq=  4 novel=  2 pruned=   0 bt=480 cap= 6 | C4 pool=400 got=20 short=0 | 4.9s
[1732] size=11 budget=  385 C1 valid=64 novel= 0 | C2 uniq= 5 | C3 draws=  385 comp=  4 uniq=  4 novel=  0 pruned=   0 bt=316 cap= 4 | C4 pool=  5 got= 5 short=0 | 3.0s
[1733] size=13 budget=  716 C1 valid=64 novel=44 | C2 uniq=12 | C3 draws=  716 comp=  8 uniq=  8 novel=  6 pruned=   0 bt=495 cap= 7 | C4 pool=325 got=12 short=0 | 6.2s
[1734] size=19 budget=  711 C1 valid=59 novel=26 | C2 uniq=16 | C3 draws=  711 comp= 11 uniq= 11 novel=  7 pruned=   0 bt=470 cap= 7 | C4 pool=325 got=16 short=0 | 5.7s
[1735] size=17 budget=  684 C1 valid=19 novel=19 | C2 uniq= 2 | C3 draws=  684 comp=  3 uniq=  3 novel=  3 pruned=   0 bt=555 cap= 7 | C4 pool=  2 got= 2 short=0 | 5.8s
[1736] size=17 budget=  384 C1 valid=64 novel= 0 | C2 uniq= 1 | C3 draws=  384 comp=  1 uniq=  1 novel=  0 pruned=   0 bt=334 cap= 4 | C4 pool=  1 got= 1 short=0 | 3.2s
[1737] size=15 budget=  448 C1 valid=64 novel= 0 | C2 uniq= 1 | C3 draws=  448 comp=  1 uniq=  1 novel=  0 pruned=   0 bt=392 cap= 5 | C4 pool=  1 got= 1 short=0 | 3.7s
[1738] size=15 budget=  465 C1 valid=64 novel=23 | C2 uniq= 3 | C3 draws=  465 comp=  4 uniq=  4 novel=  2 pruned=   0 bt=367 cap= 5 | C4 pool=  5 got= 3 short=0 | 3.8s
[1739] size=19 budget=  879 C1 valid=64 novel=64 | C2 uniq= 3 | C3 draws=  879 comp=  6 uniq=  6 novel=  6 pruned=   0 bt=611 cap=10 | C4 pool= 12 got= 3 short=0 | 7.8s
[1740] size= 9 budget=  384 C1 valid=64 novel= 0 | C2 uniq= 1 | C3 draws=  384 comp=  1 uniq=  1 novel=  0 pruned=   0 bt=333 cap= 4 | C4 pool=  1 got= 1 short=0 | 3.1s
[1741] size=13 budget= 1378 C1 valid=51 novel=45 | C2 uniq=44 | C3 draws= 1378 comp= 50 uniq= 50 novel= 49 pruned=   0 bt=206 cap= 3 | C4 pool=400 got=44 short=0 | 10.2s
[1742] size= 9 budget=  832 C1 valid=64 novel= 0 | C2 uniq= 1 | C3 draws=  832 comp=  1 uniq=  1 novel=  0 pruned=   0 bt=662 cap= 9 | C4 pool=  1 got= 1 short=0 | 7.5s
[1743] size=15 budget=  791 C1 valid=63 novel=35 | C2 uniq=12 | C3 draws=  791 comp=  7 uniq=  7 novel=  5 pruned=   0 bt=587 cap= 8 | C4 pool=211 got=12 short=0 | 6.7s
[1744] size=19 budget=  616 C1 valid=64 novel=29 | C2 uniq= 2 | C3 draws=  616 comp=  2 uniq=  2 novel=  1 pruned=   0 bt=499 cap= 7 | C4 pool=  2 got= 2 short=0 | 5.3s
[1745] size=11 budget=  618 C1 valid=64 novel=64 | C2 uniq= 3 | C3 draws=  618 comp=  6 uniq=  6 novel=  5 pruned=   0 bt=461 cap= 6 | C4 pool= 12 got= 3 short=0 | 5.3s
[1746] size=15 budget=  625 C1 valid=39 novel= 0 | C2 uniq= 3 | C3 draws=  625 comp=  2 uniq=  2 novel=  0 pruned=   0 bt=542 cap= 7 | C4 pool=  3 got= 3 short=0 | 5.2s
[1747] size=17 budget=  802 C1 valid=64 novel=64 | C2 uniq= 2 | C3 draws=  802 comp=  2 uniq=  2 novel=  2 pruned=   0 bt=631 cap=10 | C4 pool=  2 got= 2 short=0 | 7.0s
[1748] size=19 budget=  384 C1 valid=64 novel= 0 | C2 uniq= 1 | C3 draws=  384 comp=  1 uniq=  1 novel=  0 pruned=   0 bt=335 cap= 5 | C4 pool=  1 got= 1 short=0 | 3.1s
[1749] size=17 budget= 1004 C1 valid=64 novel=49 | C2 uniq=15 | C3 draws= 1004 comp= 15 uniq= 15 novel= 13 pruned=   0 bt=562 cap= 9 | C4 pool=400 got=15 short=0 | 8.6s
[1750] size=19 budget=  716 C1 valid=64 novel=28 | C2 uniq=22 | C3 draws=  716 comp= 17 uniq= 17 novel= 13 pruned=   0 bt=419 cap= 6 | C4 pool=400 got=22 short=0 | 5.7s
[1751] size=15 budget=  655 C1 valid=60 novel=37 | C2 uniq= 8 | C3 draws=  655 comp=  2 uniq=  2 novel=  1 pruned=   0 bt=536 cap= 8 | C4 pool= 12 got= 8 short=0 | 5.6s
[1752] size=15 budget=  491 C1 valid=64 novel=11 | C2 uniq=13 | C3 draws=  491 comp=  9 uniq=  9 novel=  7 pruned=   0 bt=310 cap= 4 | C4 pool=400 got=13 short=0 | 4.2s
[1753] size= 9 budget=  384 C1 valid=64 novel= 0 | C2 uniq= 1 | C3 draws=  384 comp=  1 uniq=  1 novel=  0 pruned=   0 bt=333 cap= 4 | C4 pool=  1 got= 1 short=0 | 3.1s
[1754] size=13 budget=  911 C1 valid=41 novel=41 | C2 uniq= 6 | C3 draws=  911 comp= 23 uniq= 23 novel= 23 pruned=   0 bt=432 cap= 2 | C4 pool= 37 got= 6 short=0 | 7.2s
[1755] size=17 budget= 1448 C1 valid=61 novel=59 | C2 uniq=34 | C3 draws= 1448 comp= 24 uniq= 24 novel= 23 pruned=   0 bt=667 cap= 9 | C4 pool=400 got=34 short=0 | 12.7s
[1756] size= 9 budget=  320 C1 valid=64 novel= 0 | C2 uniq= 1 | C3 draws=  320 comp=  1 uniq=  1 novel=  0 pruned=   0 bt=279 cap= 3 | C4 pool=  1 got= 1 short=0 | 2.6s
[1757] size=19 budget=  320 C1 valid=64 novel= 0 | C2 uniq= 1 | C3 draws=  320 comp=  1 uniq=  1 novel=  0 pruned=   0 bt=274 cap= 4 | C4 pool=  1 got= 1 short=0 | 2.6s
[1758] size=11 budget=  780 C1 valid=63 novel=15 | C2 uniq=23 | C3 draws=  780 comp=  4 uniq=  4 novel=  1 pruned=   0 bt=647 cap= 8 | C4 pool=400 got=23 short=0 | 7.5s
[1759] size=11 budget=  379 C1 valid=64 novel= 0 | C2 uniq= 5 | C3 draws=  379 comp=  4 uniq=  4 novel=  0 pruned=   0 bt=314 cap= 4 | C4 pool=  5 got= 5 short=0 | 3.0s
[1760] size= 7 budget= 1269 C1 valid=55 novel=55 | C2 uniq=50 | C3 draws= 1269 comp= 43 uniq= 43 novel= 43 pruned=   0 bt=305 cap= 4 | C4 pool=400 got=50 short=0 | 9.2s
[1761] size=15 budget=  388 C1 valid=63 novel= 1 | C2 uniq= 8 | C3 draws=  388 comp=  7 uniq=  7 novel=  1 pruned=   0 bt=302 cap= 4 | C4 pool= 10 got= 8 short=0 | 3.0s
[1762] size=13 budget=  320 C1 valid=64 novel= 0 | C2 uniq= 1 | C3 draws=  320 comp=  1 uniq=  1 novel=  0 pruned=   0 bt=279 cap= 3 | C4 pool=  1 got= 1 short=0 | 2.6s
[1763] size=13 budget=  632 C1 valid=64 novel=24 | C2 uniq=12 | C3 draws=  632 comp=  6 uniq=  6 novel=  3 pruned=   0 bt=500 cap= 7 | C4 pool= 29 got=12 short=0 | 5.0s
[1764] size=11 budget=  448 C1 valid=64 novel= 0 | C2 uniq= 1 | C3 draws=  448 comp=  1 uniq=  1 novel=  0 pruned=   0 bt=393 cap= 5 | C4 pool=  1 got= 1 short=0 | 3.6s
[1765] size=19 budget=  825 C1 valid=60 novel=50 | C2 uniq= 9 | C3 draws=  825 comp=  8 uniq=  8 novel=  7 pruned=   0 bt=574 cap= 8 | C4 pool= 32 got= 9 short=0 | 7.2s
[1766] size=13 budget=  483 C1 valid=64 novel= 9 | C2 uniq= 4 | C3 draws=  483 comp=  4 uniq=  4 novel=  1 pruned=   0 bt=399 cap= 5 | C4 pool=  4 got= 4 short=0 | 3.9s
[1767] size=15 budget=  999 C1 valid=62 novel=50 | C2 uniq=37 | C3 draws=  999 comp= 14 uniq= 14 novel= 11 pruned=   0 bt=663 cap=10 | C4 pool=400 got=37 short=0 | 8.5s
[1768] size=19 budget=  384 C1 valid=64 novel= 0 | C2 uniq= 1 | C3 draws=  384 comp=  1 uniq=  1 novel=  0 pruned=   0 bt=335 cap= 5 | C4 pool=  1 got= 1 short=0 | 3.1s
[1769] size=19 budget=  523 C1 valid=64 novel=25 | C2 uniq= 3 | C3 draws=  523 comp=  3 uniq=  3 novel=  1 pruned=   0 bt=429 cap= 6 | C4 pool=  3 got= 3 short=0 | 4.3s
[1770] size=11 budget=  320 C1 valid=64 novel= 0 | C2 uniq= 1 | C3 draws=  320 comp=  1 uniq=  1 novel=  0 pruned=   0 bt=283 cap= 3 | C4 pool=  1 got= 1 short=0 | 2.7s
[1771] size=15 budget=  489 C1 valid=64 novel= 0 | C2 uniq= 2 | C3 draws=  489 comp=  2 uniq=  2 novel=  0 pruned=   0 bt=426 cap= 5 | C4 pool=  2 got= 2 short=0 | 4.0s
[1772] size= 7 budget=  649 C1 valid=64 novel=26 | C2 uniq=27 | C3 draws=  649 comp= 44 uniq= 44 novel= 36 pruned=   0 bt= 44 cap= 0 | C4 pool=400 got=27 short=0 | 4.0s
[1773] size= 9 budget=  384 C1 valid=64 novel= 0 | C2 uniq= 2 | C3 draws=  384 comp=  2 uniq=  2 novel=  0 pruned=   0 bt=327 cap= 4 | C4 pool=  4 got= 2 short=0 | 3.1s
[1774] size=13 budget=  573 C1 valid=61 novel=10 | C2 uniq= 8 | C3 draws=  573 comp=  6 uniq=  6 novel=  2 pruned=   0 bt=417 cap= 6 | C4 pool= 21 got= 8 short=0 | 4.7s
[1775] size=13 budget=  384 C1 valid=64 novel= 0 | C2 uniq= 3 | C3 draws=  384 comp=  3 uniq=  3 novel=  0 pruned=   0 bt=321 cap= 4 | C4 pool=  3 got= 3 short=0 | 3.1s
[1776] size= 9 budget= 1130 C1 valid=63 novel=55 | C2 uniq=56 | C3 draws= 1130 comp= 63 uniq= 63 novel= 61 pruned=   0 bt= 11 cap= 0 | C4 pool=400 got=56 short=0 | 7.3s
[1777] size=13 budget=  498 C1 valid=64 novel= 8 | C2 uniq=16 | C3 draws=  498 comp= 20 uniq= 20 novel= 13 pruned=   0 bt=142 cap= 2 | C4 pool=400 got=16 short=0 | 3.7s
[1778] size=17 budget=  902 C1 valid=62 novel=62 | C2 uniq=28 | C3 draws=  902 comp= 28 uniq= 28 novel= 28 pruned=   0 bt=408 cap= 3 | C4 pool=400 got=28 short=0 | 7.8s
[1779] size=13 budget= 1877 C1 valid=58 novel=58 | C2 uniq=56 | C3 draws= 1877 comp= 60 uniq= 60 novel= 60 pruned=   0 bt= 32 cap= 0 | C4 pool=400 got=56 short=0 | 13.5s
[1780] size=15 budget=  738 C1 valid=64 novel=35 | C2 uniq=10 | C3 draws=  738 comp=  5 uniq=  5 novel=  4 pruned=   0 bt=552 cap= 8 | C4 pool=112 got=10 short=0 | 6.3s
[1781] size=19 budget=  320 C1 valid=64 novel= 0 | C2 uniq= 1 | C3 draws=  320 comp=  1 uniq=  1 novel=  0 pruned=   0 bt=274 cap= 4 | C4 pool=  1 got= 1 short=0 | 2.6s
[1782] size=11 budget=  406 C1 valid=64 novel= 0 | C2 uniq= 3 | C3 draws=  406 comp=  3 uniq=  3 novel=  0 pruned=   0 bt=345 cap= 4 | C4 pool=  3 got= 3 short=0 | 3.2s
[1783] size=19 budget=  555 C1 valid=64 novel=18 | C2 uniq= 4 | C3 draws=  555 comp=  4 uniq=  4 novel=  2 pruned=   0 bt=456 cap= 6 | C4 pool=  4 got= 4 short=0 | 4.5s
[1784] size=11 budget=  512 C1 valid=64 novel=64 | C2 uniq= 2 | C3 draws=  512 comp=  2 uniq=  2 novel=  2 pruned=   0 bt=436 cap= 5 | C4 pool=  2 got= 2 short=0 | 4.3s
[1785] size=17 budget=  320 C1 valid=64 novel= 0 | C2 uniq= 1 | C3 draws=  320 comp=  1 uniq=  1 novel=  0 pruned=   0 bt=273 cap= 4 | C4 pool=  1 got= 1 short=0 | 2.6s
[1786] size=15 budget=  384 C1 valid=64 novel= 0 | C2 uniq= 1 | C3 draws=  384 comp=  1 uniq=  1 novel=  0 pruned=   0 bt=338 cap= 4 | C4 pool=  1 got= 1 short=0 | 3.1s
[1787] size= 9 budget=  256 C1 valid=64 novel= 0 | C2 uniq= 1 | C3 draws=  256 comp=  1 uniq=  1 novel=  0 pruned=   0 bt=225 cap= 2 | C4 pool=  1 got= 1 short=0 | 2.1s
[1788] size=11 budget=  576 C1 valid=64 novel=29 | C2 uniq= 2 | C3 draws=  576 comp=  2 uniq=  2 novel=  1 pruned=   0 bt=481 cap= 6 | C4 pool=  2 got= 2 short=0 | 4.9s
[1789] size=13 budget=  714 C1 valid=55 novel=15 | C2 uniq=11 | C3 draws=  714 comp=  9 uniq=  9 novel=  5 pruned=   0 bt=495 cap= 7 | C4 pool= 22 got=11 short=0 | 5.7s
[1790] size=15 budget=  938 C1 valid=61 novel=61 | C2 uniq= 7 | C3 draws=  938 comp= 34 uniq= 34 novel= 34 pruned=   0 bt=132 cap= 0 | C4 pool=400 got= 7 short=0 | 7.2s
[1791] size=13 budget=  488 C1 valid=64 novel=13 | C2 uniq= 2 | C3 draws=  488 comp=  2 uniq=  2 novel=  1 pruned=   0 bt=402 cap= 5 | C4 pool=  2 got= 2 short=0 | 4.0s
[1792] size=13 budget= 1429 C1 valid=62 novel=62 | C2 uniq=45 | C3 draws= 1429 comp= 59 uniq= 59 novel= 59 pruned=   0 bt= 26 cap= 0 | C4 pool=400 got=45 short=0 | 9.7s
[1793] size= 9 budget=  558 C1 valid=64 novel= 0 | C2 uniq= 2 | C3 draws=  558 comp=  2 uniq=  2 novel=  0 pruned=   0 bt=473 cap= 6 | C4 pool=  2 got= 2 short=0 | 4.5s
[1794] size=15 budget=  320 C1 valid=64 novel= 0 | C2 uniq= 1 | C3 draws=  320 comp=  1 uniq=  1 novel=  0 pruned=   0 bt=282 cap= 3 | C4 pool=  1 got= 1 short=0 | 2.6s
[1795] size=19 budget=  601 C1 valid=54 novel=18 | C2 uniq= 6 | C3 draws=  601 comp=  4 uniq=  4 novel=  1 pruned=   0 bt=491 cap= 7 | C4 pool= 11 got= 6 short=0 | 5.0s
[1796] size= 9 budget=  384 C1 valid=64 novel= 0 | C2 uniq= 1 | C3 draws=  384 comp=  1 uniq=  1 novel=  0 pruned=   0 bt=333 cap= 4 | C4 pool=  1 got= 1 short=0 | 3.2s
[1797] size=11 budget=  384 C1 valid=64 novel= 0 | C2 uniq= 1 | C3 draws=  384 comp=  1 uniq=  1 novel=  0 pruned=   0 bt=337 cap= 4 | C4 pool=  1 got= 1 short=0 | 3.1s
[1798] size=11 budget=  320 C1 valid=64 novel= 0 | C2 uniq= 1 | C3 draws=  320 comp=  1 uniq=  1 novel=  0 pruned=   0 bt=283 cap= 3 | C4 pool=  1 got= 1 short=0 | 2.6s
[1799] size= 9 budget=  720 C1 valid=64 novel=22 | C2 uniq=11 | C3 draws=  720 comp= 10 uniq= 10 novel=  5 pruned=   0 bt=445 cap= 6 | C4 pool= 87 got=11 short=0 | 6.4s
[1800] size=19 budget=  565 C1 valid=64 novel=33 | C2 uniq= 5 | C3 draws=  565 comp=  3 uniq=  3 novel=  1 pruned=   0 bt=436 cap= 7 | C4 pool= 10 got= 5 short=0 | 4.8s
[1801] size=11 budget=  347 C1 valid=64 novel= 0 | C2 uniq= 2 | C3 draws=  347 comp=  2 uniq=  2 novel=  0 pruned=   0 bt=300 cap= 4 | C4 pool=  2 got= 2 short=0 | 2.8s
[1802] size=19 budget=  384 C1 valid=64 novel= 0 | C2 uniq= 1 | C3 draws=  384 comp=  1 uniq=  1 novel=  0 pruned=   0 bt=335 cap= 5 | C4 pool=  1 got= 1 short=0 | 3.1s
[1803] size=15 budget=  704 C1 valid=64 novel=30 | C2 uniq= 2 | C3 draws=  704 comp=  3 uniq=  3 novel=  2 pruned=   0 bt=563 cap= 8 | C4 pool=  4 got= 2 short=0 | 6.0s
[1804] size=13 budget=  588 C1 valid=64 novel=10 | C2 uniq=10 | C3 draws=  588 comp=  9 uniq=  9 novel=  2 pruned=   0 bt=425 cap= 6 | C4 pool= 10 got=10 short=0 | 4.6s
[1805] size=11 budget=  512 C1 valid=64 novel= 0 | C2 uniq= 1 | C3 draws=  512 comp=  1 uniq=  1 novel=  0 pruned=   0 bt=432 cap= 6 | C4 pool=  1 got= 1 short=0 | 4.3s
[1806] size=11 budget=  384 C1 valid=64 novel= 0 | C2 uniq= 1 | C3 draws=  384 comp=  1 uniq=  1 novel=  0 pruned=   0 bt=337 cap= 4 | C4 pool=  1 got= 1 short=0 | 3.1s
[1807] size=13 budget=  718 C1 valid=63 novel=28 | C2 uniq= 3 | C3 draws=  718 comp=  3 uniq=  3 novel=  2 pruned=   0 bt=567 cap= 8 | C4 pool=  3 got= 3 short=0 | 6.0s
[1808] size=15 budget= 1361 C1 valid=64 novel=59 | C2 uniq=23 | C3 draws= 1361 comp= 29 uniq= 29 novel= 28 pruned=   0 bt=595 cap= 3 | C4 pool=400 got=23 short=0 | 11.6s
[1809] size=15 budget=  493 C1 valid=64 novel= 0 | C2 uniq= 3 | C3 draws=  493 comp=  3 uniq=  3 novel=  0 pruned=   0 bt=422 cap= 5 | C4 pool=  3 got= 3 short=0 | 3.9s
[1810] size=19 budget=  501 C1 valid=64 novel= 6 | C2 uniq= 8 | C3 draws=  501 comp=  4 uniq=  4 novel=  0 pruned=   0 bt=394 cap= 6 | C4 pool=  8 got= 8 short=0 | 4.1s
[1811] size=15 budget= 1043 C1 valid=25 novel=24 | C2 uniq= 4 | C3 draws= 1043 comp=  6 uniq=  6 novel=  5 pruned=   0 bt=727 cap=11 | C4 pool=  9 got= 4 short=0 | 9.5s
[1812] size=19 budget=  384 C1 valid=64 novel= 0 | C2 uniq= 1 | C3 draws=  384 comp=  1 uniq=  1 novel=  0 pruned=   0 bt=335 cap= 5 | C4 pool=  1 got= 1 short=0 | 3.1s
[1813] size=13 budget=  448 C1 valid=64 novel= 0 | C2 uniq= 3 | C3 draws=  448 comp=  3 uniq=  3 novel=  0 pruned=   0 bt=375 cap= 5 | C4 pool=  3 got= 3 short=0 | 3.6s
[1814] size= 9 budget=  320 C1 valid=64 novel= 0 | C2 uniq= 1 | C3 draws=  320 comp=  1 uniq=  1 novel=  0 pruned=   0 bt=279 cap= 3 | C4 pool=  1 got= 1 short=0 | 2.6s
[1815] size=17 budget= 1055 C1 valid=53 novel=42 | C2 uniq= 3 | C3 draws= 1055 comp=  5 uniq=  5 novel=  4 pruned=   0 bt=764 cap=11 | C4 pool= 17 got= 3 short=0 | 9.5s
[1816] size= 9 budget=  512 C1 valid=64 novel= 0 | C2 uniq= 1 | C3 draws=  512 comp=  1 uniq=  1 novel=  0 pruned=   0 bt=432 cap= 5 | C4 pool=  1 got= 1 short=0 | 4.4s
[1817] size=13 budget=  320 C1 valid=64 novel= 0 | C2 uniq= 1 | C3 draws=  320 comp=  1 uniq=  1 novel=  0 pruned=   0 bt=279 cap= 3 | C4 pool=  1 got= 1 short=0 | 2.6s
[1818] size= 9 budget=  419 C1 valid=64 novel= 0 | C2 uniq= 3 | C3 draws=  419 comp=  2 uniq=  2 novel=  0 pruned=   0 bt=358 cap= 4 | C4 pool=  3 got= 3 short=0 | 3.4s
[1819] size=13 budget=  790 C1 valid=63 novel=60 | C2 uniq=11 | C3 draws=  790 comp=  5 uniq=  5 novel=  4 pruned=   0 bt=603 cap= 9 | C4 pool= 13 got=11 short=0 | 7.0s
[1820] size=15 budget=  422 C1 valid=64 novel=10 | C2 uniq= 5 | C3 draws=  422 comp=  5 uniq=  5 novel=  2 pruned=   0 bt=334 cap= 4 | C4 pool=  5 got= 5 short=0 | 3.4s
[1821] size= 9 budget=  472 C1 valid=64 novel= 0 | C2 uniq= 3 | C3 draws=  472 comp=  3 uniq=  3 novel=  0 pruned=   0 bt=375 cap= 5 | C4 pool=  4 got= 3 short=0 | 4.1s
[1822] size= 9 budget=  384 C1 valid=64 novel= 0 | C2 uniq= 1 | C3 draws=  384 comp=  1 uniq=  1 novel=  0 pruned=   0 bt=333 cap= 4 | C4 pool=  1 got= 1 short=0 | 3.1s
[1823] size=15 budget=  384 C1 valid=64 novel= 0 | C2 uniq= 1 | C3 draws=  384 comp=  1 uniq=  1 novel=  0 pruned=   0 bt=338 cap= 4 | C4 pool=  1 got= 1 short=0 | 3.1s
[1824] size=17 budget= 1071 C1 valid=54 novel=28 | C2 uniq=30 | C3 draws= 1071 comp= 21 uniq= 21 novel= 18 pruned=   0 bt=539 cap= 7 | C4 pool=400 got=30 short=0 | 9.0s
[1825] size=13 budget=  747 C1 valid=64 novel=47 | C2 uniq= 2 | C3 draws=  747 comp=  1 uniq=  1 novel=  1 pruned=   0 bt=576 cap= 9 | C4 pool=  2 got= 2 short=0 | 6.8s
[1826] size=15 budget=  690 C1 valid=64 novel=46 | C2 uniq= 9 | C3 draws=  690 comp=  5 uniq=  5 novel=  4 pruned=   0 bt=537 cap= 7 | C4 pool=400 got= 9 short=0 | 5.9s
[1827] size=17 budget=  450 C1 valid=63 novel= 0 | C2 uniq= 1 | C3 draws=  450 comp=  1 uniq=  1 novel=  0 pruned=   0 bt=389 cap= 5 | C4 pool=  1 got= 1 short=0 | 3.7s
[1828] size=17 budget=  734 C1 valid=29 novel=13 | C2 uniq= 5 | C3 draws=  734 comp=  4 uniq=  4 novel=  3 pruned=   0 bt=605 cap= 8 | C4 pool= 89 got= 5 short=0 | 6.1s
[1829] size=19 budget=  501 C1 valid=64 novel= 3 | C2 uniq= 6 | C3 draws=  501 comp=  5 uniq=  5 novel=  1 pruned=   0 bt=404 cap= 6 | C4 pool=  6 got= 6 short=0 | 4.0s
[1830] size=11 budget=  576 C1 valid=64 novel=17 | C2 uniq=16 | C3 draws=  576 comp=  4 uniq=  4 novel=  2 pruned=   0 bt=463 cap= 6 | C4 pool= 89 got=16 short=0 | 4.9s
[1831] size=17 budget=  384 C1 valid=64 novel= 0 | C2 uniq= 1 | C3 draws=  384 comp=  1 uniq=  1 novel=  0 pruned=   0 bt=334 cap= 4 | C4 pool=  1 got= 1 short=0 | 3.1s
[1832] size=17 budget= 1142 C1 valid=61 novel=61 | C2 uniq= 3 | C3 draws= 1142 comp=  6 uniq=  6 novel=  6 pruned=   0 bt=827 cap=12 | C4 pool=151 got= 3 short=0 | 10.3s
[1833] size=11 budget=  256 C1 valid=64 novel= 0 | C2 uniq= 1 | C3 draws=  256 comp=  1 uniq=  1 novel=  0 pruned=   0 bt=225 cap= 3 | C4 pool=  1 got= 1 short=0 | 2.1s
[1834] size= 9 budget=  471 C1 valid=64 novel= 0 | C2 uniq= 2 | C3 draws=  471 comp=  2 uniq=  2 novel=  0 pruned=   0 bt=391 cap= 5 | C4 pool=  2 got= 2 short=0 | 4.0s
[1835] size=17 budget=  384 C1 valid=64 novel= 0 | C2 uniq= 1 | C3 draws=  384 comp=  1 uniq=  1 novel=  0 pruned=   0 bt=334 cap= 4 | C4 pool=  1 got= 1 short=0 | 3.2s
[1836] size=17 budget=  947 C1 valid=57 novel=53 | C2 uniq=36 | C3 draws=  947 comp= 28 uniq= 28 novel= 27 pruned=   0 bt=446 cap= 6 | C4 pool=400 got=36 short=0 | 7.3s
[1837] size=11 budget=  320 C1 valid=64 novel= 0 | C2 uniq= 1 | C3 draws=  320 comp=  1 uniq=  1 novel=  0 pruned=   0 bt=283 cap= 3 | C4 pool=  1 got= 1 short=0 | 2.6s
[1838] size=17 budget=  804 C1 valid=49 novel=49 | C2 uniq= 4 | C3 draws=  804 comp=  9 uniq=  9 novel=  9 pruned=   0 bt=515 cap= 6 | C4 pool= 26 got= 4 short=0 | 7.2s
[1839] size=15 budget=  408 C1 valid=64 novel=18 | C2 uniq= 5 | C3 draws=  408 comp=  3 uniq=  3 novel=  1 pruned=   0 bt=342 cap= 4 | C4 pool=  5 got= 5 short=0 | 3.4s
[1840] size=17 budget=  448 C1 valid=64 novel= 0 | C2 uniq= 1 | C3 draws=  448 comp=  1 uniq=  1 novel=  0 pruned=   0 bt=387 cap= 5 | C4 pool=  1 got= 1 short=0 | 3.6s
[1841] size=17 budget=  384 C1 valid=64 novel= 0 | C2 uniq= 1 | C3 draws=  384 comp=  1 uniq=  1 novel=  0 pruned=   0 bt=334 cap= 4 | C4 pool=  1 got= 1 short=0 | 3.1s
[1842] size=19 budget=  474 C1 valid=55 novel= 0 | C2 uniq= 3 | C3 draws=  474 comp=  3 uniq=  3 novel=  0 pruned=   0 bt=403 cap= 6 | C4 pool=  3 got= 3 short=0 | 3.8s
[1843] size=13 budget=  320 C1 valid=64 novel= 0 | C2 uniq= 1 | C3 draws=  320 comp=  1 uniq=  1 novel=  0 pruned=   0 bt=279 cap= 3 | C4 pool=  1 got= 1 short=0 | 2.6s
[1844] size=15 budget=  824 C1 valid=39 novel=27 | C2 uniq= 5 | C3 draws=  824 comp=  5 uniq=  5 novel=  4 pruned=   0 bt=640 cap= 8 | C4 pool=  6 got= 5 short=0 | 6.8s
[1845] size=13 budget= 1021 C1 valid=63 novel=41 | C2 uniq= 3 | C3 draws= 1021 comp=  2 uniq=  2 novel=  1 pruned=   0 bt=737 cap=12 | C4 pool=  3 got= 3 short=0 | 9.5s
[1846] size=15 budget= 1130 C1 valid=63 novel=63 | C2 uniq=34 | C3 draws= 1130 comp= 28 uniq= 28 novel= 28 pruned=   0 bt=480 cap= 7 | C4 pool=400 got=34 short=0 | 9.1s
[1847] size=17 budget=  320 C1 valid=64 novel= 0 | C2 uniq= 1 | C3 draws=  320 comp=  1 uniq=  1 novel=  0 pruned=   0 bt=273 cap= 4 | C4 pool=  1 got= 1 short=0 | 2.6s
[1848] size=17 budget=  705 C1 valid=38 novel=15 | C2 uniq=11 | C3 draws=  705 comp= 23 uniq= 23 novel= 19 pruned=   0 bt=279 cap= 3 | C4 pool=400 got=11 short=0 | 5.6s
[1849] size= 9 budget=  256 C1 valid=64 novel= 0 | C2 uniq= 1 | C3 draws=  256 comp=  1 uniq=  1 novel=  0 pruned=   0 bt=225 cap= 2 | C4 pool=  1 got= 1 short=0 | 2.1s
[1850] size=13 budget=  320 C1 valid=64 novel= 0 | C2 uniq= 1 | C3 draws=  320 comp=  1 uniq=  1 novel=  0 pruned=   0 bt=279 cap= 3 | C4 pool=  1 got= 1 short=0 | 2.6s
[1851] size=17 budget=  320 C1 valid=64 novel= 0 | C2 uniq= 1 | C3 draws=  320 comp=  1 uniq=  1 novel=  0 pruned=   0 bt=273 cap= 4 | C4 pool=  1 got= 1 short=0 | 2.6s
[1852] size= 9 budget=  320 C1 valid=64 novel= 0 | C2 uniq= 1 | C3 draws=  320 comp=  1 uniq=  1 novel=  0 pruned=   0 bt=279 cap= 3 | C4 pool=  1 got= 1 short=0 | 2.6s
[1853] size=19 budget=  448 C1 valid=64 novel= 0 | C2 uniq= 1 | C3 draws=  448 comp=  1 uniq=  1 novel=  0 pruned=   0 bt=393 cap= 5 | C4 pool=  1 got= 1 short=0 | 3.6s
[1854] size=11 budget= 1481 C1 valid=64 novel=61 | C2 uniq=57 | C3 draws= 1481 comp= 52 uniq= 52 novel= 50 pruned=   0 bt=286 cap= 4 | C4 pool=400 got=57 short=0 | 10.5s
[1855] size=17 budget=  576 C1 valid=64 novel= 0 | C2 uniq= 1 | C3 draws=  576 comp=  1 uniq=  1 novel=  0 pruned=   0 bt=487 cap= 7 | C4 pool=  4 got= 1 short=0 | 4.9s
[1856] size= 9 budget=  555 C1 valid=64 novel= 0 | C2 uniq= 3 | C3 draws=  555 comp=  3 uniq=  3 novel=  0 pruned=   0 bt=449 cap= 6 | C4 pool=  3 got= 3 short=0 | 4.7s
[1857] size=17 budget=  989 C1 valid=63 novel=63 | C2 uniq= 2 | C3 draws=  989 comp=  2 uniq=  2 novel=  2 pruned=   0 bt=776 cap=12 | C4 pool=  2 got= 2 short=0 | 8.9s
[1858] size=11 budget=  417 C1 valid=64 novel= 0 | C2 uniq= 2 | C3 draws=  417 comp=  2 uniq=  2 novel=  0 pruned=   0 bt=363 cap= 4 | C4 pool=  2 got= 2 short=0 | 3.4s
[1859] size=19 budget=  630 C1 valid= 7 novel= 7 | C2 uniq= 1 | C3 draws=  630 comp=  1 uniq=  1 novel=  1 pruned=   0 bt=532 cap= 8 | C4 pool=  1 got= 1 short=0 | 5.2s
[1860] size=11 budget=  846 C1 valid=55 novel=55 | C2 uniq= 3 | C3 draws=  846 comp= 18 uniq= 18 novel= 18 pruned=   0 bt=396 cap= 5 | C4 pool= 23 got= 3 short=0 | 6.8s
[1861] size= 9 budget=  384 C1 valid=64 novel= 0 | C2 uniq= 1 | C3 draws=  384 comp=  1 uniq=  1 novel=  0 pruned=   0 bt=333 cap= 4 | C4 pool=  1 got= 1 short=0 | 3.1s
[1862] size= 9 budget=  256 C1 valid=64 novel= 0 | C2 uniq= 1 | C3 draws=  256 comp=  1 uniq=  1 novel=  0 pruned=   0 bt=225 cap= 2 | C4 pool=  1 got= 1 short=0 | 2.1s
[1863] size=13 budget=  524 C1 valid=64 novel= 0 | C2 uniq= 3 | C3 draws=  524 comp=  2 uniq=  2 novel=  0 pruned=   0 bt=437 cap= 6 | C4 pool=  3 got= 3 short=0 | 4.4s
[1864] size=17 budget=  576 C1 valid=64 novel=64 | C2 uniq= 1 | C3 draws=  576 comp=  1 uniq=  1 novel=  1 pruned=   0 bt=455 cap= 7 | C4 pool=  1 got= 1 short=0 | 5.1s
[1865] size=15 budget=  320 C1 valid=64 novel= 0 | C2 uniq= 1 | C3 draws=  320 comp=  1 uniq=  1 novel=  0 pruned=   0 bt=282 cap= 3 | C4 pool=  1 got= 1 short=0 | 2.6s
[1866] size=11 budget=  409 C1 valid=64 novel= 0 | C2 uniq= 3 | C3 draws=  409 comp=  3 uniq=  3 novel=  0 pruned=   0 bt=346 cap= 4 | C4 pool=  3 got= 3 short=0 | 3.3s
[1867] size= 9 budget=  320 C1 valid=64 novel= 0 | C2 uniq= 1 | C3 draws=  320 comp=  1 uniq=  1 novel=  0 pruned=   0 bt=279 cap= 3 | C4 pool=  1 got= 1 short=0 | 2.6s
[1868] size= 9 budget=  524 C1 valid=64 novel= 3 | C2 uniq= 5 | C3 draws=  524 comp=  2 uniq=  2 novel=  0 pruned=   0 bt=455 cap= 5 | C4 pool=  9 got= 5 short=0 | 4.3s
[1869] size= 9 budget=  392 C1 valid=64 novel= 3 | C2 uniq= 8 | C3 draws=  392 comp= 12 uniq= 12 novel=  4 pruned=   0 bt=220 cap= 2 | C4 pool= 47 got= 8 short=0 | 3.0s
[1870] size=17 budget=  932 C1 valid=52 novel=16 | C2 uniq=15 | C3 draws=  932 comp= 10 uniq= 10 novel=  5 pruned=   0 bt=597 cap=10 | C4 pool=400 got=15 short=0 | 8.5s
[1871] size=13 budget=  960 C1 valid=64 novel=64 | C2 uniq= 2 | C3 draws=  960 comp=  2 uniq=  2 novel=  2 pruned=   0 bt=702 cap=11 | C4 pool=  2 got= 2 short=0 | 8.8s
[1872] size=11 budget=  545 C1 valid=64 novel=10 | C2 uniq=13 | C3 draws=  545 comp=  8 uniq=  8 novel=  1 pruned=   0 bt=408 cap= 5 | C4 pool= 15 got=13 short=0 | 4.4s
[1873] size=17 budget=  430 C1 valid=64 novel= 3 | C2 uniq= 8 | C3 draws=  430 comp=  9 uniq=  9 novel=  3 pruned=   0 bt=227 cap= 3 | C4 pool=400 got= 8 short=0 | 4.1s
[1874] size=17 budget=  505 C1 valid=58 novel= 7 | C2 uniq= 8 | C3 draws=  505 comp= 15 uniq= 15 novel= 11 pruned=   0 bt=198 cap= 0 | C4 pool=228 got= 8 short=0 | 4.1s
[1875] size=19 budget=  672 C1 valid=64 novel=32 | C2 uniq= 2 | C3 draws=  672 comp=  3 uniq=  3 novel=  2 pruned=   0 bt=544 cap= 7 | C4 pool=  2 got= 2 short=0 | 5.6s
[1876] size=15 budget=  397 C1 valid=62 novel= 0 | C2 uniq= 1 | C3 draws=  397 comp=  1 uniq=  1 novel=  0 pruned=   0 bt=350 cap= 4 | C4 pool=  1 got= 1 short=0 | 3.3s
[1877] size=13 budget=  641 C1 valid=63 novel=63 | C2 uniq= 1 | C3 draws=  641 comp=  1 uniq=  1 novel=  1 pruned=   0 bt=527 cap= 7 | C4 pool=  1 got= 1 short=0 | 5.6s
[1878] size=13 budget=  384 C1 valid=64 novel= 0 | C2 uniq= 1 | C3 draws=  384 comp=  1 uniq=  1 novel=  0 pruned=   0 bt=332 cap= 4 | C4 pool=  1 got= 1 short=0 | 3.2s
[1879] size=17 budget=  506 C1 valid=64 novel=24 | C2 uniq= 7 | C3 draws=  506 comp=  5 uniq=  5 novel=  4 pruned=   0 bt=391 cap= 5 | C4 pool=400 got= 7 short=0 | 4.3s
[1880] size=17 budget=  686 C1 valid=62 novel=38 | C2 uniq=21 | C3 draws=  686 comp= 11 uniq= 11 novel=  8 pruned=   0 bt=461 cap= 7 | C4 pool=119 got=21 short=0 | 6.2s
[1881] size=19 budget=  384 C1 valid=64 novel= 0 | C2 uniq= 1 | C3 draws=  384 comp=  2 uniq=  2 novel=  0 pruned=   0 bt=332 cap= 4 | C4 pool=  2 got= 1 short=0 | 3.1s
[1882] size=19 budget= 1149 C1 valid=59 novel=59 | C2 uniq=11 | C3 draws= 1149 comp= 10 uniq= 10 novel= 10 pruned=   0 bt=765 cap=12 | C4 pool= 41 got=11 short=0 | 10.3s
[1883] size=19 budget=  827 C1 valid=17 novel=15 | C2 uniq= 6 | C3 draws=  827 comp= 10 uniq= 10 novel=  9 pruned=   0 bt=594 cap= 7 | C4 pool= 12 got= 6 short=0 | 6.8s
[1884] size=11 budget=  332 C1 valid=64 novel= 1 | C2 uniq= 3 | C3 draws=  332 comp=  1 uniq=  1 novel=  0 pruned=   0 bt=294 cap= 3 | C4 pool=  3 got= 3 short=0 | 2.7s
[1885] size=19 budget=  551 C1 valid=63 novel= 3 | C2 uniq=10 | C3 draws=  551 comp=  5 uniq=  5 novel=  0 pruned=   0 bt=435 cap= 6 | C4 pool=133 got=10 short=0 | 4.6s
[1886] size=15 budget=  501 C1 valid=64 novel=26 | C2 uniq= 5 | C3 draws=  501 comp=  4 uniq=  4 novel=  2 pruned=   0 bt=421 cap= 5 | C4 pool=  5 got= 5 short=0 | 4.0s
[1887] size=19 budget=  847 C1 valid=61 novel=25 | C2 uniq=15 | C3 draws=  847 comp=  7 uniq=  7 novel=  3 pruned=   0 bt=592 cap=10 | C4 pool= 71 got=15 short=0 | 7.4s
[1888] size=17 budget=  668 C1 valid=64 novel= 0 | C2 uniq= 5 | C3 draws=  668 comp=  4 uniq=  4 novel=  1 pruned=   0 bt=518 cap= 7 | C4 pool=  9 got= 5 short=0 | 5.6s
[1889] size=19 budget=  888 C1 valid=64 novel=58 | C2 uniq=21 | C3 draws=  888 comp= 18 uniq= 18 novel= 17 pruned=   0 bt=544 cap= 4 | C4 pool=400 got=21 short=0 | 7.2s
[1890] size=19 budget=  969 C1 valid=56 novel=33 | C2 uniq=13 | C3 draws=  969 comp=  7 uniq=  7 novel=  5 pruned=   0 bt=659 cap=10 | C4 pool= 67 got=13 short=0 | 8.7s
[1891] size=15 budget=  705 C1 valid=62 novel=34 | C2 uniq= 5 | C3 draws=  705 comp=  3 uniq=  3 novel=  2 pruned=   0 bt=583 cap= 8 | C4 pool=  8 got= 5 short=0 | 5.8s
[1892] size=15 budget=  384 C1 valid=64 novel= 0 | C2 uniq= 1 | C3 draws=  384 comp=  1 uniq=  1 novel=  0 pruned=   0 bt=338 cap= 4 | C4 pool=  1 got= 1 short=0 | 3.1s
[1893] size=19 budget=  448 C1 valid=64 novel= 0 | C2 uniq= 1 | C3 draws=  448 comp=  1 uniq=  1 novel=  0 pruned=   0 bt=393 cap= 5 | C4 pool=  1 got= 1 short=0 | 3.6s
[1894] size=17 budget=  471 C1 valid=57 novel= 9 | C2 uniq=10 | C3 draws=  471 comp=  3 uniq=  3 novel=  1 pruned=   0 bt=390 cap= 5 | C4 pool= 16 got=10 short=0 | 3.8s
[1895] size=15 budget=  384 C1 valid=64 novel= 0 | C2 uniq= 1 | C3 draws=  384 comp=  1 uniq=  1 novel=  0 pruned=   0 bt=338 cap= 4 | C4 pool=  1 got= 1 short=0 | 3.1s
[1896] size=11 budget=  867 C1 valid=61 novel=61 | C2 uniq=17 | C3 draws=  867 comp= 20 uniq= 20 novel= 20 pruned=   0 bt=406 cap= 6 | C4 pool=400 got=17 short=0 | 7.2s
[1897] size=13 budget=  412 C1 valid=64 novel= 0 | C2 uniq= 5 | C3 draws=  412 comp=  5 uniq=  5 novel=  0 pruned=   0 bt=333 cap= 4 | C4 pool=  7 got= 5 short=0 | 3.3s
[1898] size=15 budget= 1206 C1 valid=63 novel=63 | C2 uniq=46 | C3 draws= 1206 comp= 41 uniq= 41 novel= 41 pruned=   0 bt=201 cap= 3 | C4 pool=400 got=46 short=0 | 8.8s
[1899] size= 9 budget=  384 C1 valid=64 novel= 0 | C2 uniq= 1 | C3 draws=  384 comp=  1 uniq=  1 novel=  0 pruned=   0 bt=333 cap= 4 | C4 pool=  1 got= 1 short=0 | 3.1s
[1900] size=15 budget=  538 C1 valid=64 novel=38 | C2 uniq= 2 | C3 draws=  538 comp=  2 uniq=  2 novel=  1 pruned=   0 bt=445 cap= 6 | C4 pool=  4 got= 2 short=0 | 4.5s
[1901] size=19 budget=  448 C1 valid=64 novel= 0 | C2 uniq= 1 | C3 draws=  448 comp=  1 uniq=  1 novel=  0 pruned=   0 bt=393 cap= 5 | C4 pool=  1 got= 1 short=0 | 3.7s
[1902] size=11 budget=  644 C1 valid=64 novel= 9 | C2 uniq=13 | C3 draws=  644 comp= 26 uniq= 26 novel= 18 pruned=   0 bt=160 cap= 0 | C4 pool=400 got=13 short=0 | 4.7s
[1903] size=19 budget=  576 C1 valid=64 novel=64 | C2 uniq= 1 | C3 draws=  576 comp=  1 uniq=  1 novel=  1 pruned=   0 bt=502 cap= 7 | C4 pool=  1 got= 1 short=0 | 4.7s
[1904] size=17 budget=  632 C1 valid=60 novel=60 | C2 uniq= 3 | C3 draws=  632 comp=  4 uniq=  4 novel=  4 pruned=   0 bt=515 cap= 6 | C4 pool=  4 got= 3 short=0 | 5.2s
[1905] size=15 budget=  772 C1 valid=62 novel=62 | C2 uniq= 1 | C3 draws=  772 comp=  2 uniq=  2 novel=  2 pruned=   0 bt=604 cap= 9 | C4 pool=  1 got= 1 short=0 | 6.8s
[1906] size= 9 budget=  576 C1 valid=64 novel=33 | C2 uniq= 4 | C3 draws=  576 comp=  2 uniq=  2 novel=  1 pruned=   0 bt=475 cap= 6 | C4 pool=  4 got= 4 short=0 | 4.8s
[1907] size=15 budget=  320 C1 valid=64 novel= 0 | C2 uniq= 1 | C3 draws=  320 comp=  1 uniq=  1 novel=  0 pruned=   0 bt=282 cap= 3 | C4 pool=  1 got= 1 short=0 | 2.6s
[1908] size=15 budget=  448 C1 valid=64 novel= 0 | C2 uniq= 1 | C3 draws=  448 comp=  1 uniq=  1 novel=  0 pruned=   0 bt=392 cap= 5 | C4 pool=  1 got= 1 short=0 | 3.6s
[1909] size=19 budget=  384 C1 valid=64 novel= 0 | C2 uniq= 1 | C3 draws=  384 comp=  1 uniq=  1 novel=  0 pruned=   0 bt=335 cap= 5 | C4 pool=  1 got= 1 short=0 | 3.1s
[1910] size= 9 budget=  320 C1 valid=64 novel= 0 | C2 uniq= 2 | C3 draws=  320 comp=  1 uniq=  1 novel=  0 pruned=   0 bt=279 cap= 3 | C4 pool=  2 got= 2 short=0 | 2.6s
[1911] size=13 budget=  384 C1 valid=64 novel= 0 | C2 uniq= 1 | C3 draws=  384 comp=  1 uniq=  1 novel=  0 pruned=   0 bt=333 cap= 4 | C4 pool=  1 got= 1 short=0 | 3.1s
[1912] size= 9 budget=  432 C1 valid=64 novel=11 | C2 uniq= 4 | C3 draws=  432 comp=  3 uniq=  3 novel=  0 pruned=   0 bt=364 cap= 4 | C4 pool=  4 got= 4 short=0 | 3.5s
[1913] size=17 budget=  569 C1 valid=59 novel=16 | C2 uniq= 7 | C3 draws=  569 comp=  6 uniq=  6 novel=  4 pruned=   0 bt=435 cap= 5 | C4 pool= 72 got= 7 short=0 | 4.7s
[1914] size=17 budget=  384 C1 valid=64 novel= 0 | C2 uniq= 1 | C3 draws=  384 comp=  1 uniq=  1 novel=  0 pruned=   0 bt=334 cap= 4 | C4 pool=  1 got= 1 short=0 | 3.1s
[1915] size= 9 budget=  320 C1 valid=64 novel= 0 | C2 uniq= 1 | C3 draws=  320 comp=  1 uniq=  1 novel=  0 pruned=   0 bt=279 cap= 3 | C4 pool=  1 got= 1 short=0 | 2.6s
[1916] size=19 budget=  320 C1 valid=64 novel= 0 | C2 uniq= 1 | C3 draws=  320 comp=  1 uniq=  1 novel=  0 pruned=   0 bt=274 cap= 4 | C4 pool=  2 got= 1 short=0 | 2.6s
[1917] size=11 budget=  309 C1 valid=64 novel= 0 | C2 uniq= 3 | C3 draws=  309 comp=  3 uniq=  3 novel=  0 pruned=   0 bt=261 cap= 3 | C4 pool=  3 got= 3 short=0 | 2.5s
[1918] size=15 budget=  384 C1 valid=64 novel= 0 | C2 uniq= 1 | C3 draws=  384 comp=  1 uniq=  1 novel=  0 pruned=   0 bt=338 cap= 4 | C4 pool=  1 got= 1 short=0 | 3.1s
[1919] size=11 budget=  384 C1 valid=64 novel= 0 | C2 uniq= 1 | C3 draws=  384 comp=  1 uniq=  1 novel=  0 pruned=   0 bt=337 cap= 4 | C4 pool=  1 got= 1 short=0 | 3.1s
[1920] size=17 budget=  551 C1 valid=64 novel=22 | C2 uniq=20 | C3 draws=  551 comp= 14 uniq= 14 novel=  8 pruned=   0 bt=332 cap= 4 | C4 pool=400 got=20 short=0 | 4.3s
[1921] size=19 budget=  512 C1 valid=64 novel= 0 | C2 uniq= 1 | C3 draws=  512 comp=  1 uniq=  1 novel=  0 pruned=   0 bt=427 cap= 6 | C4 pool=  1 got= 1 short=0 | 4.3s
[1922] size=15 budget=  384 C1 valid=64 novel= 0 | C2 uniq= 1 | C3 draws=  384 comp=  1 uniq=  1 novel=  0 pruned=   0 bt=338 cap= 4 | C4 pool=  2 got= 1 short=0 | 3.1s
[1923] size=19 budget=  780 C1 valid=46 novel=10 | C2 uniq=12 | C3 draws=  780 comp=  7 uniq=  7 novel=  5 pruned=   0 bt=565 cap= 8 | C4 pool=400 got=12 short=0 | 6.8s
[1924] size= 9 budget=  384 C1 valid=64 novel= 0 | C2 uniq= 2 | C3 draws=  384 comp=  2 uniq=  2 novel=  0 pruned=   0 bt=327 cap= 4 | C4 pool=  2 got= 2 short=0 | 3.1s
[1925] size=13 budget=  550 C1 valid=64 novel=14 | C2 uniq= 6 | C3 draws=  550 comp=  3 uniq=  3 novel=  1 pruned=   0 bt=436 cap= 6 | C4 pool=143 got= 6 short=0 | 4.7s
[1926] size=15 budget=  326 C1 valid=63 novel= 0 | C2 uniq= 1 | C3 draws=  326 comp=  1 uniq=  1 novel=  0 pruned=   0 bt=281 cap= 4 | C4 pool=  1 got= 1 short=0 | 2.8s
[1927] size=19 budget=  486 C1 valid=17 novel=17 | C2 uniq= 1 | C3 draws=  486 comp=  1 uniq=  1 novel=  1 pruned=   0 bt=411 cap= 6 | C4 pool=  2 got= 1 short=0 | 4.0s
[1928] size=13 budget=  320 C1 valid=64 novel= 0 | C2 uniq= 1 | C3 draws=  320 comp=  1 uniq=  1 novel=  0 pruned=   0 bt=279 cap= 3 | C4 pool=  1 got= 1 short=0 | 2.6s
[1929] size=11 budget= 1249 C1 valid=62 novel=62 | C2 uniq=43 | C3 draws= 1249 comp= 57 uniq= 57 novel= 57 pruned=   0 bt= 19 cap= 0 | C4 pool=400 got=43 short=0 | 8.4s
[1930] size=19 budget= 1213 C1 valid=53 novel=53 | C2 uniq=35 | C3 draws= 1213 comp= 31 uniq= 31 novel= 31 pruned=   0 bt=465 cap= 7 | C4 pool=400 got=35 short=0 | 9.6s
[1931] size=19 budget=  732 C1 valid=45 novel=11 | C2 uniq=10 | C3 draws=  732 comp= 13 uniq= 13 novel= 10 pruned=   0 bt=484 cap= 6 | C4 pool=295 got=10 short=0 | 5.8s
[1932] size=17 budget=  320 C1 valid=64 novel= 0 | C2 uniq= 1 | C3 draws=  320 comp=  1 uniq=  1 novel=  0 pruned=   0 bt=269 cap= 4 | C4 pool=  1 got= 1 short=0 | 2.7s
[1933] size=15 budget=  512 C1 valid=64 novel= 0 | C2 uniq= 1 | C3 draws=  512 comp=  1 uniq=  1 novel=  0 pruned=   0 bt=427 cap= 6 | C4 pool=  1 got= 1 short=0 | 4.3s
[1934] size=15 budget=  448 C1 valid=64 novel= 0 | C2 uniq= 1 | C3 draws=  448 comp=  1 uniq=  1 novel=  0 pruned=   0 bt=392 cap= 5 | C4 pool=  1 got= 1 short=0 | 3.6s
[1935] size=19 budget=  828 C1 valid=62 novel=30 | C2 uniq=16 | C3 draws=  828 comp=  9 uniq=  9 novel=  7 pruned=   0 bt=577 cap= 9 | C4 pool=400 got=16 short=0 | 7.9s
[1936] size= 9 budget=  256 C1 valid=64 novel= 0 | C2 uniq= 1 | C3 draws=  256 comp=  1 uniq=  1 novel=  0 pruned=   0 bt=225 cap= 2 | C4 pool=  1 got= 1 short=0 | 2.1s
[1937] size=17 budget=  384 C1 valid=64 novel= 0 | C2 uniq= 1 | C3 draws=  384 comp=  1 uniq=  1 novel=  0 pruned=   0 bt=334 cap= 4 | C4 pool=  1 got= 1 short=0 | 3.1s
[1938] size=19 budget= 1973 C1 valid=23 novel=23 | C2 uniq=23 | C3 draws= 1973 comp= 41 uniq= 41 novel= 41 pruned=   0 bt=462 cap= 8 | C4 pool=400 got=23 short=0 | 18.4s
[1939] size=15 budget=  320 C1 valid=64 novel= 0 | C2 uniq= 1 | C3 draws=  320 comp=  1 uniq=  1 novel=  0 pruned=   0 bt=282 cap= 3 | C4 pool=  1 got= 1 short=0 | 2.6s
[1940] size=13 budget=  551 C1 valid=64 novel=13 | C2 uniq=17 | C3 draws=  551 comp=  7 uniq=  7 novel=  1 pruned=   0 bt=437 cap= 6 | C4 pool=216 got=17 short=0 | 4.4s
[1941] size=19 budget=  733 C1 valid=64 novel=21 | C2 uniq= 6 | C3 draws=  733 comp=  6 uniq=  6 novel=  4 pruned=   0 bt=554 cap= 8 | C4 pool=400 got= 6 short=0 | 6.3s
[1942] size=17 budget=  320 C1 valid=64 novel= 0 | C2 uniq= 1 | C3 draws=  320 comp=  1 uniq=  1 novel=  0 pruned=   0 bt=273 cap= 4 | C4 pool=  1 got= 1 short=0 | 2.6s
[1943] size=17 budget= 1112 C1 valid=43 novel= 9 | C2 uniq=18 | C3 draws= 1112 comp= 12 uniq= 12 novel=  5 pruned=   0 bt=713 cap= 9 | C4 pool=400 got=18 short=0 | 10.0s
[1944] size=17 budget=  930 C1 valid=34 novel=29 | C2 uniq= 4 | C3 draws=  930 comp=  8 uniq=  8 novel=  8 pruned=   0 bt=548 cap= 8 | C4 pool=107 got= 4 short=0 | 8.5s
[1945] size=15 budget=  438 C1 valid=60 novel=14 | C2 uniq= 3 | C3 draws=  438 comp=  3 uniq=  3 novel=  2 pruned=   0 bt=360 cap= 4 | C4 pool=  4 got= 3 short=0 | 3.7s
[1946] size=19 budget=  847 C1 valid=61 novel=35 | C2 uniq=39 | C3 draws=  847 comp= 12 uniq= 12 novel=  9 pruned=   0 bt=598 cap= 8 | C4 pool=400 got=39 short=0 | 6.6s
[1947] size=13 budget= 1031 C1 valid=64 novel=43 | C2 uniq=12 | C3 draws= 1031 comp=  9 uniq=  9 novel=  8 pruned=   0 bt=654 cap=10 | C4 pool=400 got=12 short=0 | 9.2s
[1948] size= 9 budget=  462 C1 valid=64 novel= 4 | C2 uniq= 8 | C3 draws=  462 comp=  8 uniq=  8 novel=  1 pruned=   0 bt=349 cap= 4 | C4 pool=  8 got= 8 short=0 | 3.7s
[1949] size=15 budget=  564 C1 valid=64 novel= 0 | C2 uniq= 2 | C3 draws=  564 comp=  2 uniq=  2 novel=  0 pruned=   0 bt=477 cap= 6 | C4 pool=  2 got= 2 short=0 | 4.7s
[1950] size=15 budget=  448 C1 valid=64 novel= 0 | C2 uniq= 1 | C3 draws=  448 comp=  1 uniq=  1 novel=  0 pruned=   0 bt=392 cap= 5 | C4 pool=  1 got= 1 short=0 | 3.6s
[1951] size=17 budget=  384 C1 valid=64 novel= 0 | C2 uniq= 1 | C3 draws=  384 comp=  1 uniq=  1 novel=  0 pruned=   0 bt=334 cap= 4 | C4 pool=  1 got= 1 short=0 | 3.1s
[1952] size= 9 budget=  584 C1 valid=59 novel=19 | C2 uniq= 5 | C3 draws=  584 comp=  4 uniq=  4 novel=  3 pruned=   0 bt=435 cap= 6 | C4 pool= 98 got= 5 short=0 | 5.1s
[1953] size=17 budget= 1346 C1 valid=59 novel=59 | C2 uniq=55 | C3 draws= 1346 comp= 60 uniq= 60 novel= 60 pruned=   0 bt=  3 cap= 0 | C4 pool=400 got=55 short=0 | 9.1s
[1954] size=11 budget=  566 C1 valid=64 novel=11 | C2 uniq= 3 | C3 draws=  566 comp=  3 uniq=  3 novel=  1 pruned=   0 bt=472 cap= 6 | C4 pool=  3 got= 3 short=0 | 4.6s
[1955] size=13 budget=  452 C1 valid=64 novel=10 | C2 uniq= 9 | C3 draws=  452 comp=  6 uniq=  6 novel=  2 pruned=   0 bt=359 cap= 4 | C4 pool= 10 got= 9 short=0 | 3.5s
[1956] size=11 budget=  384 C1 valid=64 novel= 0 | C2 uniq= 1 | C3 draws=  384 comp=  1 uniq=  1 novel=  0 pruned=   0 bt=337 cap= 4 | C4 pool=  1 got= 1 short=0 | 3.1s
[1957] size=19 budget=  647 C1 valid=19 novel=19 | C2 uniq= 2 | C3 draws=  647 comp=  3 uniq=  3 novel=  3 pruned=   0 bt=530 cap= 7 | C4 pool=  6 got= 2 short=0 | 5.4s
[1958] size=19 budget=  562 C1 valid=53 novel=20 | C2 uniq= 2 | C3 draws=  562 comp=  2 uniq=  2 novel=  1 pruned=   0 bt=471 cap= 7 | C4 pool=  4 got= 2 short=0 | 4.6s
[1959] size=11 budget=  594 C1 valid=64 novel=15 | C2 uniq= 3 | C3 draws=  594 comp=  3 uniq=  3 novel=  1 pruned=   0 bt=472 cap= 6 | C4 pool=  3 got= 3 short=0 | 5.1s
[1960] size=15 budget=  576 C1 valid=64 novel= 0 | C2 uniq= 2 | C3 draws=  576 comp=  2 uniq=  2 novel=  0 pruned=   0 bt=469 cap= 7 | C4 pool=  2 got= 2 short=0 | 4.9s
[1961] size=19 budget=  466 C1 valid=64 novel= 0 | C2 uniq= 6 | C3 draws=  466 comp=  6 uniq=  6 novel=  0 pruned=   0 bt=377 cap= 5 | C4 pool=  8 got= 6 short=0 | 3.7s
[1962] size=11 budget=  563 C1 valid=63 novel=15 | C2 uniq=16 | C3 draws=  563 comp=  7 uniq=  7 novel=  4 pruned=   0 bt=421 cap= 5 | C4 pool=400 got=16 short=0 | 4.7s
[1963] size=13 budget=  320 C1 valid=64 novel= 0 | C2 uniq= 1 | C3 draws=  320 comp=  1 uniq=  1 novel=  0 pruned=   0 bt=279 cap= 3 | C4 pool=  1 got= 1 short=0 | 2.6s
[1964] size=15 budget=  962 C1 valid=54 novel=43 | C2 uniq=13 | C3 draws=  962 comp= 12 uniq= 12 novel= 10 pruned=   0 bt=600 cap= 9 | C4 pool=400 got=13 short=0 | 8.3s
[1965] size=17 budget=  320 C1 valid=64 novel= 0 | C2 uniq= 1 | C3 draws=  320 comp=  1 uniq=  1 novel=  0 pruned=   0 bt=273 cap= 4 | C4 pool=  1 got= 1 short=0 | 2.6s
[1966] size=19 budget=  680 C1 valid=52 novel=30 | C2 uniq=15 | C3 draws=  680 comp= 27 uniq= 27 novel= 25 pruned=   0 bt=292 cap= 1 | C4 pool=258 got=15 short=0 | 5.0s
[1967] size=15 budget= 1359 C1 valid=41 novel=29 | C2 uniq=30 | C3 draws= 1359 comp= 46 uniq= 46 novel= 43 pruned=   0 bt=314 cap= 2 | C4 pool=400 got=30 short=0 | 11.1s
[1968] size=19 budget=  384 C1 valid=64 novel= 0 | C2 uniq= 1 | C3 draws=  384 comp=  1 uniq=  1 novel=  0 pruned=   0 bt=335 cap= 5 | C4 pool=  1 got= 1 short=0 | 3.1s
[1969] size=15 budget=  366 C1 valid=62 novel= 0 | C2 uniq= 2 | C3 draws=  366 comp=  2 uniq=  2 novel=  0 pruned=   0 bt=313 cap= 4 | C4 pool=  2 got= 2 short=0 | 2.9s
[1970] size=11 budget=  320 C1 valid=64 novel= 0 | C2 uniq= 1 | C3 draws=  320 comp=  1 uniq=  1 novel=  0 pruned=   0 bt=283 cap= 3 | C4 pool=  1 got= 1 short=0 | 2.6s
[1971] size=17 budget=  747 C1 valid=42 novel=11 | C2 uniq=13 | C3 draws=  747 comp= 12 uniq= 12 novel=  8 pruned=   0 bt=462 cap= 7 | C4 pool=222 got=13 short=0 | 6.0s
[1972] size=17 budget=  384 C1 valid=64 novel= 0 | C2 uniq= 1 | C3 draws=  384 comp=  1 uniq=  1 novel=  0 pruned=   0 bt=334 cap= 4 | C4 pool=  1 got= 1 short=0 | 3.1s
[1973] size=15 budget=  525 C1 valid=62 novel=39 | C2 uniq= 3 | C3 draws=  525 comp=  3 uniq=  3 novel=  2 pruned=   0 bt=440 cap= 6 | C4 pool=  3 got= 3 short=0 | 4.3s
[1974] size=19 budget=  448 C1 valid=64 novel= 0 | C2 uniq= 1 | C3 draws=  448 comp=  4 uniq=  4 novel=  3 pruned=   0 bt=351 cap= 5 | C4 pool=  3 got= 1 short=0 | 3.5s
[1975] size= 9 budget=  384 C1 valid=64 novel= 0 | C2 uniq= 1 | C3 draws=  384 comp=  1 uniq=  1 novel=  0 pruned=   0 bt=333 cap= 4 | C4 pool=  1 got= 1 short=0 | 3.1s
[1976] size=17 budget=  641 C1 valid=56 novel=18 | C2 uniq= 7 | C3 draws=  641 comp=  7 uniq=  7 novel=  6 pruned=   0 bt=439 cap= 6 | C4 pool= 13 got= 7 short=0 | 5.4s
[1977] size=13 budget=  320 C1 valid=64 novel= 0 | C2 uniq= 1 | C3 draws=  320 comp=  1 uniq=  1 novel=  0 pruned=   0 bt=279 cap= 3 | C4 pool=  1 got= 1 short=0 | 2.6s
[1978] size= 3 budget=  231 C1 valid=15 novel= 0 | C2 uniq= 1 | C3 draws=  231 comp=  1 uniq=  1 novel=  0 pruned=   0 bt=201 cap= 2 | C4 pool=  1 got= 1 short=0 | 1.9s
[1979] size=15 budget=  992 C1 valid=38 novel=36 | C2 uniq=20 | C3 draws=  992 comp= 22 uniq= 22 novel= 22 pruned=   0 bt=536 cap= 2 | C4 pool=400 got=20 short=0 | 8.5s
[1980] size= 9 budget=  384 C1 valid=64 novel= 0 | C2 uniq= 1 | C3 draws=  384 comp=  1 uniq=  1 novel=  0 pruned=   0 bt=333 cap= 4 | C4 pool=  1 got= 1 short=0 | 3.1s
[1981] size=17 budget=  890 C1 valid=49 novel=49 | C2 uniq= 3 | C3 draws=  890 comp=  5 uniq=  5 novel=  5 pruned=   0 bt=665 cap= 9 | C4 pool=  5 got= 3 short=0 | 7.5s
[1982] size=11 budget=  384 C1 valid=64 novel= 0 | C2 uniq= 1 | C3 draws=  384 comp=  1 uniq=  1 novel=  0 pruned=   0 bt=337 cap= 4 | C4 pool=  1 got= 1 short=0 | 3.2s
[1983] size=19 budget= 1211 C1 valid=47 novel=47 | C2 uniq=17 | C3 draws= 1211 comp= 41 uniq= 41 novel= 41 pruned=   0 bt=319 cap= 0 | C4 pool=400 got=17 short=0 | 9.1s
[1984] size=13 budget= 1038 C1 valid=63 novel= 5 | C2 uniq=14 | C3 draws= 1038 comp= 13 uniq= 13 novel=  3 pruned=   0 bt=663 cap= 8 | C4 pool=118 got=14 short=0 | 9.0s
[1985] size=19 budget=  681 C1 valid=62 novel=31 | C2 uniq=20 | C3 draws=  681 comp= 14 uniq= 14 novel= 12 pruned=   0 bt=427 cap= 5 | C4 pool=400 got=20 short=0 | 5.5s
[1986] size=11 budget=  576 C1 valid=64 novel=64 | C2 uniq= 1 | C3 draws=  576 comp=  1 uniq=  1 novel=  1 pruned=   0 bt=490 cap= 6 | C4 pool=  1 got= 1 short=0 | 4.9s
[1987] size=11 budget=  384 C1 valid=64 novel= 0 | C2 uniq= 1 | C3 draws=  384 comp=  1 uniq=  1 novel=  0 pruned=   0 bt=337 cap= 4 | C4 pool=  1 got= 1 short=0 | 3.1s
[1988] size=15 budget=  852 C1 valid=64 novel=37 | C2 uniq= 6 | C3 draws=  852 comp=  4 uniq=  4 novel=  2 pruned=   0 bt=637 cap=10 | C4 pool=  6 got= 6 short=0 | 7.6s
[1989] size=19 budget=  901 C1 valid=50 novel=25 | C2 uniq=24 | C3 draws=  901 comp= 12 uniq= 12 novel=  7 pruned=   0 bt=581 cap= 9 | C4 pool=400 got=24 short=0 | 7.7s
[1990] size= 9 budget=  320 C1 valid=64 novel= 0 | C2 uniq= 1 | C3 draws=  320 comp=  1 uniq=  1 novel=  0 pruned=   0 bt=279 cap= 3 | C4 pool=  1 got= 1 short=0 | 2.6s
[1991] size=11 budget= 1637 C1 valid=36 novel=36 | C2 uniq=31 | C3 draws= 1637 comp= 45 uniq= 45 novel= 45 pruned=   0 bt=331 cap= 5 | C4 pool=400 got=31 short=0 | 13.0s
[1992] size=17 budget=  598 C1 valid=64 novel= 4 | C2 uniq= 3 | C3 draws=  598 comp=  2 uniq=  2 novel=  0 pruned=   0 bt=504 cap= 7 | C4 pool=  3 got= 3 short=0 | 4.9s
[1993] size=11 budget=  533 C1 valid=64 novel= 9 | C2 uniq=15 | C3 draws=  533 comp= 21 uniq= 21 novel= 14 pruned=   0 bt=140 cap= 0 | C4 pool=400 got=15 short=0 | 4.8s
[1994] size= 7 budget=  448 C1 valid=64 novel= 0 | C2 uniq= 1 | C3 draws=  448 comp=  1 uniq=  1 novel=  0 pruned=   0 bt=385 cap= 5 | C4 pool=  2 got= 1 short=0 | 3.7s
[1995] size=15 budget=  448 C1 valid=64 novel= 0 | C2 uniq= 2 | C3 draws=  448 comp=  2 uniq=  2 novel=  0 pruned=   0 bt=386 cap= 5 | C4 pool=  2 got= 2 short=0 | 3.6s
[1996] size=19 budget=  640 C1 valid=64 novel= 0 | C2 uniq= 1 | C3 draws=  640 comp=  1 uniq=  1 novel=  0 pruned=   0 bt=522 cap= 8 | C4 pool=  1 got= 1 short=0 | 5.4s
[1997] size=11 budget=  320 C1 valid=64 novel= 0 | C2 uniq= 1 | C3 draws=  320 comp=  1 uniq=  1 novel=  0 pruned=   0 bt=283 cap= 3 | C4 pool=  1 got= 1 short=0 | 2.6s
[1998] size=19 budget=  437 C1 valid=64 novel=12 | C2 uniq= 5 | C3 draws=  437 comp=  4 uniq=  4 novel=  1 pruned=   0 bt=362 cap= 5 | C4 pool=  5 got= 5 short=0 | 3.5s
[1999] size=15 budget=  512 C1 valid=64 novel= 0 | C2 uniq= 1 | C3 draws=  512 comp=  1 uniq=  1 novel=  0 pruned=   0 bt=448 cap= 6 | C4 pool=  1 got= 1 short=0 | 4.1s
{
  "budget": 1186264,
  "c3_draws": 1186264,
  "c1_valid": 119719,
  "c1_novel": 32096,
  "c2_unique": 14080,
  "c3_completions": 13376,
  "c3_unique": 13376,
  "c3_novel_unique": 9846,
  "c4_outputs": 14046,
  "c4_shortfall": 34,
  "budget_mismatch": 0,
  "c3_exhausted_root": 0
}
wrote /home/ubuntu/papers/checker-study/out/conditions-main-seed2-T0.7.json
