[  0] size= 9 budget=  345 C1 valid=64 novel= 0 | C2 uniq= 7 | C3 draws=  345 comp=  5 uniq=  5 novel=  0 pruned=   0 bt=282 cap= 3 | C4 pool=  7 got= 7 short=0 | 3.1s
[  1] size=17 budget=  427 C1 valid=63 novel= 2 | C2 uniq= 4 | C3 draws=  427 comp=  3 uniq=  3 novel=  0 pruned=   0 bt=354 cap= 5 | C4 pool=  8 got= 4 short=0 | 3.4s
[  2] size=15 budget=  320 C1 valid=64 novel= 0 | C2 uniq= 1 | C3 draws=  320 comp=  1 uniq=  1 novel=  0 pruned=   0 bt=282 cap= 3 | C4 pool=  1 got= 1 short=0 | 2.6s
[  3] size=15 budget=  437 C1 valid=64 novel= 0 | C2 uniq= 3 | C3 draws=  437 comp=  3 uniq=  3 novel=  0 pruned=   0 bt=369 cap= 5 | C4 pool=  6 got= 3 short=0 | 3.5s
[  4] size=15 budget=  448 C1 valid=64 novel= 0 | C2 uniq= 1 | C3 draws=  448 comp=  1 uniq=  1 novel=  0 pruned=   0 bt=392 cap= 5 | C4 pool=  1 got= 1 short=0 | 3.6s
[  5] size=11 budget=  737 C1 valid=64 novel=37 | C2 uniq=29 | C3 draws=  737 comp= 45 uniq= 45 novel= 42 pruned=   0 bt= 91 cap= 0 | C4 pool=400 got=29 short=0 | 4.9s
[  6] size= 9 budget= 1710 C1 valid=63 novel=63 | C2 uniq=57 | C3 draws= 1710 comp= 42 uniq= 42 novel= 42 pruned=   0 bt=414 cap= 6 | C4 pool=400 got=57 short=0 | 13.9s
[  7] size=15 budget=  384 C1 valid=64 novel= 0 | C2 uniq= 1 | C3 draws=  384 comp=  1 uniq=  1 novel=  0 pruned=   0 bt=338 cap= 4 | C4 pool=  1 got= 1 short=0 | 3.1s
[  8] size=13 budget=  363 C1 valid=52 novel= 0 | C2 uniq= 3 | C3 draws=  363 comp=  3 uniq=  3 novel=  0 pruned=   0 bt=299 cap= 4 | C4 pool=  3 got= 3 short=0 | 2.9s
[  9] size=19 budget= 1081 C1 valid=17 novel=17 | C2 uniq= 5 | C3 draws= 1081 comp= 15 uniq= 15 novel= 15 pruned=   0 bt=739 cap= 7 | C4 pool= 28 got= 5 short=0 | 9.0s
[ 10] size=11 budget=  384 C1 valid=64 novel= 0 | C2 uniq= 2 | C3 draws=  384 comp=  1 uniq=  1 novel=  0 pruned=   0 bt=337 cap= 4 | C4 pool=  2 got= 2 short=0 | 3.2s
[ 11] size=11 budget=  640 C1 valid=64 novel=64 | C2 uniq= 1 | C3 draws=  640 comp=  1 uniq=  1 novel=  1 pruned=   0 bt=518 cap= 7 | C4 pool=  1 got= 1 short=0 | 5.6s
[ 12] size=11 budget=  320 C1 valid=64 novel= 0 | C2 uniq= 1 | C3 draws=  320 comp=  1 uniq=  1 novel=  0 pruned=   0 bt=283 cap= 3 | C4 pool=  1 got= 1 short=0 | 2.7s
[ 13] size=19 budget= 1298 C1 valid=40 novel=40 | C2 uniq=24 | C3 draws= 1298 comp= 47 uniq= 47 novel= 47 pruned=   0 bt=157 cap= 1 | C4 pool=400 got=24 short=0 | 9.4s
[ 14] size=17 budget=  805 C1 valid=61 novel=42 | C2 uniq=11 | C3 draws=  805 comp=  7 uniq=  7 novel=  4 pruned=   0 bt=610 cap= 8 | C4 pool=  8 got= 8 short=3 | 6.9s
[ 15] size=15 budget=  768 C1 valid=64 novel=64 | C2 uniq= 1 | C3 draws=  768 comp=  1 uniq=  1 novel=  1 pruned=   0 bt=635 cap= 9 | C4 pool=  1 got= 1 short=0 | 6.6s
[ 16] size=11 budget=  598 C1 valid=64 novel=12 | C2 uniq= 4 | C3 draws=  598 comp=  4 uniq=  4 novel=  1 pruned=   0 bt=487 cap= 6 | C4 pool=  4 got= 4 short=0 | 4.9s
[ 17] size=19 budget=  750 C1 valid=64 novel=29 | C2 uniq=23 | C3 draws=  750 comp=  8 uniq=  8 novel=  6 pruned=   0 bt=540 cap= 7 | C4 pool=400 got=23 short=0 | 6.3s
[ 18] size=19 budget= 1134 C1 valid=61 novel=57 | C2 uniq=47 | C3 draws= 1134 comp= 52 uniq= 52 novel= 51 pruned=   0 bt= 88 cap= 0 | C4 pool=400 got=47 short=0 | 8.0s
[ 19] size= 9 budget=  320 C1 valid=64 novel= 0 | C2 uniq= 1 | C3 draws=  320 comp=  1 uniq=  1 novel=  0 pruned=   0 bt=279 cap= 3 | C4 pool=  1 got= 1 short=0 | 2.7s
[ 20] size= 9 budget= 1086 C1 valid=63 novel=35 | C2 uniq=38 | C3 draws= 1086 comp= 24 uniq= 24 novel= 17 pruned=   0 bt=523 cap= 7 | C4 pool=400 got=38 short=0 | 8.6s
[ 21] size=11 budget=  576 C1 valid=64 novel= 0 | C2 uniq= 1 | C3 draws=  576 comp=  1 uniq=  1 novel=  0 pruned=   0 bt=484 cap= 6 | C4 pool=  1 got= 1 short=0 | 4.9s
[ 22] size=17 budget=  256 C1 valid=64 novel= 0 | C2 uniq= 1 | C3 draws=  256 comp=  1 uniq=  1 novel=  0 pruned=   0 bt=218 cap= 3 | C4 pool=  1 got= 1 short=0 | 2.1s
[ 23] size= 9 budget=  320 C1 valid=64 novel= 0 | C2 uniq= 1 | C3 draws=  320 comp=  1 uniq=  1 novel=  0 pruned=   0 bt=279 cap= 3 | C4 pool=  1 got= 1 short=0 | 2.6s
[ 24] size=17 budget=  594 C1 valid=63 novel=17 | C2 uniq= 2 | C3 draws=  594 comp=  2 uniq=  2 novel=  1 pruned=   0 bt=470 cap= 7 | C4 pool=  2 got= 2 short=0 | 5.2s
[ 25] size=15 budget=  412 C1 valid=64 novel= 0 | C2 uniq= 5 | C3 draws=  412 comp=  5 uniq=  5 novel=  0 pruned=   0 bt=338 cap= 4 | C4 pool=  5 got= 5 short=0 | 3.3s
[ 26] size=19 budget=  354 C1 valid=64 novel= 0 | C2 uniq= 2 | C3 draws=  354 comp=  2 uniq=  2 novel=  0 pruned=   0 bt=303 cap= 4 | C4 pool=  2 got= 2 short=0 | 2.8s
[ 27] size=11 budget=  349 C1 valid=63 novel= 0 | C2 uniq= 1 | C3 draws=  349 comp=  1 uniq=  1 novel=  0 pruned=   0 bt=303 cap= 4 | C4 pool=  1 got= 1 short=0 | 3.0s
[ 28] size=11 budget=  320 C1 valid=64 novel= 0 | C2 uniq= 1 | C3 draws=  320 comp=  1 uniq=  1 novel=  0 pruned=   0 bt=283 cap= 3 | C4 pool=  1 got= 1 short=0 | 2.6s
[ 29] size=13 budget=  413 C1 valid=64 novel= 0 | C2 uniq= 3 | C3 draws=  413 comp=  3 uniq=  3 novel=  0 pruned=   0 bt=348 cap= 4 | C4 pool=  3 got= 3 short=0 | 3.3s
[ 30] size=13 budget=  622 C1 valid=64 novel=64 | C2 uniq= 2 | C3 draws=  622 comp=  2 uniq=  2 novel=  2 pruned=   0 bt=524 cap= 7 | C4 pool=  2 got= 2 short=0 | 5.2s
[ 31] size=11 budget=  744 C1 valid=60 novel=60 | C2 uniq= 7 | C3 draws=  744 comp=  2 uniq=  2 novel=  2 pruned=   0 bt=609 cap= 8 | C4 pool= 26 got= 7 short=0 | 6.4s
[ 32] size=13 budget=  576 C1 valid=64 novel=64 | C2 uniq= 2 | C3 draws=  576 comp=  2 uniq=  2 novel=  2 pruned=   0 bt=495 cap= 6 | C4 pool=  2 got= 2 short=0 | 4.8s
[ 33] size=13 budget=  256 C1 valid=64 novel= 0 | C2 uniq= 1 | C3 draws=  256 comp=  1 uniq=  1 novel=  0 pruned=   0 bt=217 cap= 3 | C4 pool=  1 got= 1 short=0 | 2.1s
[ 34] size=11 budget=  384 C1 valid=64 novel= 0 | C2 uniq= 1 | C3 draws=  384 comp=  1 uniq=  1 novel=  0 pruned=   0 bt=337 cap= 4 | C4 pool=  1 got= 1 short=0 | 3.1s
[ 35] size=19 budget=  934 C1 valid=63 novel=44 | C2 uniq=26 | C3 draws=  934 comp= 19 uniq= 19 novel= 17 pruned=   0 bt=532 cap= 7 | C4 pool=400 got=26 short=0 | 7.1s
[ 36] size=19 budget=  512 C1 valid=64 novel= 0 | C2 uniq= 1 | C3 draws=  512 comp=  1 uniq=  1 novel=  0 pruned=   0 bt=447 cap= 6 | C4 pool=  1 got= 1 short=0 | 4.2s
[ 37] size=19 budget=  832 C1 valid=64 novel=64 | C2 uniq= 6 | C3 draws=  832 comp=  6 uniq=  6 novel=  6 pruned=   0 bt=596 cap=10 | C4 pool=  6 got= 6 short=0 | 7.3s
[ 38] size=11 budget= 1101 C1 valid=62 novel=61 | C2 uniq=54 | C3 draws= 1101 comp= 62 uniq= 62 novel= 61 pruned=   0 bt= 12 cap= 0 | C4 pool=400 got=54 short=0 | 7.0s
[ 39] size=13 budget=  707 C1 valid=64 novel=14 | C2 uniq= 4 | C3 draws=  707 comp=  2 uniq=  2 novel=  0 pruned=   0 bt=563 cap= 8 | C4 pool=  4 got= 4 short=0 | 6.1s
[ 40] size=19 budget=  640 C1 valid=64 novel=64 | C2 uniq= 1 | C3 draws=  640 comp=  1 uniq=  1 novel=  1 pruned=   0 bt=522 cap= 8 | C4 pool=  1 got= 1 short=0 | 5.4s
[ 41] size=17 budget=  384 C1 valid=64 novel= 0 | C2 uniq= 1 | C3 draws=  384 comp=  1 uniq=  1 novel=  0 pruned=   0 bt=334 cap= 4 | C4 pool=  1 got= 1 short=0 | 3.1s
[ 42] size=13 budget=  448 C1 valid=64 novel= 0 | C2 uniq= 1 | C3 draws=  448 comp=  1 uniq=  1 novel=  0 pruned=   0 bt=387 cap= 5 | C4 pool=  1 got= 1 short=0 | 3.6s
[ 43] size=17 budget=  511 C1 valid=63 novel= 0 | C2 uniq= 1 | C3 draws=  511 comp=  1 uniq=  1 novel=  0 pruned=   0 bt=440 cap= 6 | C4 pool=  1 got= 1 short=0 | 4.2s
[ 44] size= 9 budget=  320 C1 valid=64 novel= 0 | C2 uniq= 1 | C3 draws=  320 comp=  1 uniq=  1 novel=  0 pruned=   0 bt=279 cap= 3 | C4 pool=  1 got= 1 short=0 | 2.6s
[ 45] size=15 budget=  547 C1 valid=64 novel= 0 | C2 uniq= 2 | C3 draws=  547 comp=  2 uniq=  2 novel=  0 pruned=   0 bt=454 cap= 6 | C4 pool=  2 got= 2 short=0 | 4.6s
[ 46] size=17 budget=  388 C1 valid= 4 novel= 0 | C2 uniq= 1 | C3 draws=  388 comp=  1 uniq=  1 novel=  0 pruned=   0 bt=336 cap= 4 | C4 pool=  2 got= 1 short=0 | 3.3s
[ 47] size=13 budget=  448 C1 valid=64 novel= 0 | C2 uniq= 3 | C3 draws=  448 comp=  3 uniq=  3 novel=  0 pruned=   0 bt=374 cap= 5 | C4 pool=  3 got= 3 short=0 | 3.6s
[ 48] size=19 budget=  547 C1 valid=54 novel=54 | C2 uniq= 1 | C3 draws=  547 comp=  1 uniq=  1 novel=  1 pruned=   0 bt=446 cap= 7 | C4 pool=  1 got= 1 short=0 | 4.7s
[ 49] size=15 budget=  952 C1 valid=64 novel=34 | C2 uniq= 9 | C3 draws=  952 comp=  5 uniq=  5 novel=  4 pruned=   0 bt=680 cap=10 | C4 pool=400 got= 9 short=0 | 8.6s
[ 50] size= 9 budget=  357 C1 valid=64 novel= 0 | C2 uniq= 3 | C3 draws=  357 comp=  3 uniq=  3 novel=  0 pruned=   0 bt=304 cap= 3 | C4 pool=  4 got= 3 short=0 | 2.9s
[ 51] size=17 budget=  613 C1 valid=61 novel=13 | C2 uniq=21 | C3 draws=  613 comp= 15 uniq= 15 novel= 12 pruned=   0 bt=280 cap= 4 | C4 pool=400 got=21 short=0 | 5.3s
[ 52] size= 9 budget=  510 C1 valid=63 novel=14 | C2 uniq= 5 | C3 draws=  510 comp=  4 uniq=  4 novel=  1 pruned=   0 bt=410 cap= 5 | C4 pool=  8 got= 5 short=0 | 4.2s
[ 53] size=11 budget=  448 C1 valid=64 novel= 0 | C2 uniq= 1 | C3 draws=  448 comp=  1 uniq=  1 novel=  0 pruned=   0 bt=369 cap= 5 | C4 pool=  1 got= 1 short=0 | 4.1s
[ 54] size=13 budget=  314 C1 valid=64 novel= 4 | C2 uniq= 5 | C3 draws=  314 comp=  4 uniq=  4 novel=  1 pruned=   0 bt=257 cap= 3 | C4 pool=  8 got= 5 short=0 | 2.5s
[ 55] size=15 budget=  403 C1 valid=63 novel= 0 | C2 uniq= 2 | C3 draws=  403 comp=  2 uniq=  2 novel=  0 pruned=   0 bt=351 cap= 4 | C4 pool=  2 got= 2 short=0 | 3.3s
[ 56] size=11 budget=  384 C1 valid=64 novel= 0 | C2 uniq= 1 | C3 draws=  384 comp=  1 uniq=  1 novel=  0 pruned=   0 bt=337 cap= 4 | C4 pool=  1 got= 1 short=0 | 3.1s
[ 57] size=19 budget=  384 C1 valid=64 novel= 0 | C2 uniq= 1 | C3 draws=  384 comp=  1 uniq=  1 novel=  0 pruned=   0 bt=335 cap= 5 | C4 pool=  1 got= 1 short=0 | 3.1s
[ 58] size=15 budget=  414 C1 valid=63 novel= 0 | C2 uniq= 2 | C3 draws=  414 comp=  2 uniq=  2 novel=  0 pruned=   0 bt=355 cap= 5 | C4 pool=  2 got= 2 short=0 | 3.3s
[ 59] size=13 budget=  384 C1 valid=64 novel= 0 | C2 uniq= 1 | C3 draws=  384 comp=  1 uniq=  1 novel=  0 pruned=   0 bt=333 cap= 4 | C4 pool=  1 got= 1 short=0 | 3.1s
[ 60] size=11 budget=  432 C1 valid=64 novel= 0 | C2 uniq= 4 | C3 draws=  432 comp=  3 uniq=  3 novel=  0 pruned=   0 bt=367 cap= 4 | C4 pool=  5 got= 4 short=0 | 3.6s
[ 61] size=19 budget=  320 C1 valid=64 novel= 0 | C2 uniq= 1 | C3 draws=  320 comp=  1 uniq=  1 novel=  0 pruned=   0 bt=274 cap= 4 | C4 pool=  2 got= 1 short=0 | 2.6s
[ 62] size=15 budget=  350 C1 valid=58 novel= 2 | C2 uniq= 5 | C3 draws=  350 comp=  6 uniq=  6 novel=  2 pruned=   0 bt=273 cap= 3 | C4 pool=  6 got= 5 short=0 | 2.8s
[ 63] size=17 budget=  811 C1 valid=64 novel=40 | C2 uniq= 8 | C3 draws=  811 comp=  7 uniq=  7 novel=  5 pruned=   0 bt=611 cap= 8 | C4 pool= 24 got= 8 short=0 | 7.1s
[ 64] size=15 budget=  318 C1 valid=64 novel= 0 | C2 uniq= 2 | C3 draws=  318 comp=  2 uniq=  2 novel=  0 pruned=   0 bt=275 cap= 3 | C4 pool=  3 got= 2 short=0 | 2.6s
[ 65] size=13 budget=  933 C1 valid=61 novel=45 | C2 uniq=29 | C3 draws=  933 comp= 48 uniq= 48 novel= 47 pruned=   0 bt= 84 cap= 0 | C4 pool=400 got=29 short=0 | 6.3s
[ 66] size=11 budget=  448 C1 valid=64 novel= 0 | C2 uniq= 1 | C3 draws=  448 comp=  1 uniq=  1 novel=  0 pruned=   0 bt=393 cap= 5 | C4 pool=  1 got= 1 short=0 | 3.6s
[ 67] size=17 budget=  320 C1 valid=64 novel= 0 | C2 uniq= 1 | C3 draws=  320 comp=  1 uniq=  1 novel=  0 pruned=   0 bt=273 cap= 4 | C4 pool=  1 got= 1 short=0 | 2.6s
[ 68] size=17 budget=  512 C1 valid=64 novel=64 | C2 uniq= 1 | C3 draws=  512 comp=  1 uniq=  1 novel=  1 pruned=   0 bt=441 cap= 6 | C4 pool=  1 got= 1 short=0 | 4.4s
[ 69] size=15 budget= 1314 C1 valid=25 novel=18 | C2 uniq=13 | C3 draws= 1314 comp= 17 uniq= 17 novel= 12 pruned=   0 bt=738 cap=12 | C4 pool=400 got=13 short=0 | 11.8s
[ 70] size=13 budget=  640 C1 valid=64 novel=64 | C2 uniq= 1 | C3 draws=  640 comp=  1 uniq=  1 novel=  1 pruned=   0 bt=526 cap= 7 | C4 pool=  1 got= 1 short=0 | 5.5s
[ 71] size=11 budget=  320 C1 valid=64 novel= 0 | C2 uniq= 1 | C3 draws=  320 comp=  1 uniq=  1 novel=  0 pruned=   0 bt=283 cap= 3 | C4 pool=  1 got= 1 short=0 | 2.8s
[ 72] size=15 budget=  725 C1 valid=53 novel=45 | C2 uniq= 9 | C3 draws=  725 comp= 26 uniq= 26 novel= 26 pruned=   0 bt=288 cap= 0 | C4 pool=101 got= 9 short=0 | 5.4s
[ 73] size=11 budget=  384 C1 valid=64 novel= 0 | C2 uniq= 1 | C3 draws=  384 comp=  1 uniq=  1 novel=  0 pruned=   0 bt=337 cap= 4 | C4 pool=  1 got= 1 short=0 | 3.1s
[ 74] size= 9 budget=  320 C1 valid=64 novel= 0 | C2 uniq= 1 | C3 draws=  320 comp=  1 uniq=  1 novel=  0 pruned=   0 bt=279 cap= 3 | C4 pool=  1 got= 1 short=0 | 2.7s
[ 75] size=17 budget=  849 C1 valid=64 novel=31 | C2 uniq=37 | C3 draws=  849 comp= 18 uniq= 18 novel= 10 pruned=   0 bt=513 cap= 6 | C4 pool=400 got=37 short=0 | 6.6s
[ 76] size=19 budget=  763 C1 valid=18 novel=18 | C2 uniq= 1 | C3 draws=  763 comp=  3 uniq=  3 novel=  3 pruned=   0 bt=595 cap= 8 | C4 pool=  1 got= 1 short=0 | 6.6s
[ 77] size=15 budget=  890 C1 valid=46 novel=39 | C2 uniq=18 | C3 draws=  890 comp= 11 uniq= 11 novel= 10 pruned=   0 bt=622 cap= 9 | C4 pool=400 got=18 short=0 | 7.3s
[ 78] size=15 budget=  474 C1 valid=64 novel= 0 | C2 uniq= 3 | C3 draws=  474 comp=  3 uniq=  3 novel=  0 pruned=   0 bt=402 cap= 5 | C4 pool=  3 got= 3 short=0 | 3.9s
[ 79] size=15 budget=  384 C1 valid=64 novel= 0 | C2 uniq= 1 | C3 draws=  384 comp=  1 uniq=  1 novel=  0 pruned=   0 bt=338 cap= 4 | C4 pool=  2 got= 1 short=0 | 3.1s
[ 80] size=19 budget=  455 C1 valid=63 novel= 0 | C2 uniq= 1 | C3 draws=  455 comp=  1 uniq=  1 novel=  0 pruned=   0 bt=399 cap= 5 | C4 pool=  1 got= 1 short=0 | 3.7s
[ 81] size= 9 budget=  320 C1 valid=64 novel= 0 | C2 uniq= 1 | C3 draws=  320 comp=  1 uniq=  1 novel=  0 pruned=   0 bt=279 cap= 3 | C4 pool=  1 got= 1 short=0 | 2.8s
[ 82] size=17 budget=  432 C1 valid=63 novel=22 | C2 uniq= 6 | C3 draws=  432 comp=  5 uniq=  5 novel=  2 pruned=   0 bt=339 cap= 5 | C4 pool=  8 got= 6 short=0 | 3.4s
[ 83] size= 9 budget=  320 C1 valid=64 novel= 0 | C2 uniq= 1 | C3 draws=  320 comp=  1 uniq=  1 novel=  0 pruned=   0 bt=279 cap= 3 | C4 pool=  1 got= 1 short=0 | 2.6s
[ 84] size=15 budget=  633 C1 valid=58 novel=58 | C2 uniq= 1 | C3 draws=  633 comp=  1 uniq=  1 novel=  1 pruned=   0 bt=535 cap= 7 | C4 pool=  1 got= 1 short=0 | 5.6s
[ 85] size=13 budget=  384 C1 valid=64 novel= 0 | C2 uniq= 1 | C3 draws=  384 comp=  1 uniq=  1 novel=  0 pruned=   0 bt=333 cap= 4 | C4 pool=  1 got= 1 short=0 | 3.1s
[ 86] size=19 budget=  938 C1 valid=38 novel=38 | C2 uniq= 8 | C3 draws=  938 comp= 11 uniq= 11 novel= 11 pruned=   0 bt=549 cap= 8 | C4 pool=400 got= 8 short=0 | 8.9s
[ 87] size=15 budget= 1728 C1 valid=41 novel=39 | C2 uniq=30 | C3 draws= 1728 comp= 29 uniq= 29 novel= 29 pruned=   0 bt=602 cap=11 | C4 pool=400 got=30 short=0 | 15.3s
[ 88] size=17 budget= 1319 C1 valid=33 novel=21 | C2 uniq=16 | C3 draws= 1319 comp= 17 uniq= 17 novel= 14 pruned=   0 bt=769 cap=10 | C4 pool=151 got=16 short=0 | 12.1s
[ 89] size=19 budget=  445 C1 valid=62 novel= 7 | C2 uniq= 6 | C3 draws=  445 comp=  6 uniq=  6 novel=  1 pruned=   0 bt=353 cap= 5 | C4 pool=  8 got= 6 short=0 | 3.7s
[ 90] size=15 budget=  966 C1 valid=64 novel= 0 | C2 uniq= 4 | C3 draws=  966 comp=  4 uniq=  4 novel=  0 pruned=   0 bt=700 cap=11 | C4 pool=  8 got= 4 short=0 | 8.8s
[ 91] size=19 budget=  546 C1 valid=20 novel= 5 | C2 uniq= 3 | C3 draws=  546 comp=  3 uniq=  3 novel=  1 pruned=   0 bt=466 cap= 6 | C4 pool=  3 got= 3 short=0 | 4.4s
[ 92] size=11 budget= 1016 C1 valid=55 novel=54 | C2 uniq=37 | C3 draws= 1016 comp= 46 uniq= 46 novel= 46 pruned=   0 bt=242 cap= 0 | C4 pool=400 got=37 short=0 | 7.2s
[ 93] size=13 budget=  623 C1 valid=64 novel= 0 | C2 uniq= 2 | C3 draws=  623 comp=  2 uniq=  2 novel=  0 pruned=   0 bt=510 cap= 7 | C4 pool=  2 got= 2 short=0 | 5.2s
[ 94] size=13 budget=  821 C1 valid=60 novel=39 | C2 uniq=29 | C3 draws=  821 comp= 21 uniq= 21 novel= 18 pruned=   0 bt=421 cap= 5 | C4 pool=400 got=29 short=0 | 6.3s
[ 95] size= 9 budget=  332 C1 valid=64 novel= 0 | C2 uniq= 2 | C3 draws=  332 comp=  2 uniq=  2 novel=  0 pruned=   0 bt=285 cap= 3 | C4 pool=  2 got= 2 short=0 | 2.7s
[ 96] size=17 budget=  430 C1 valid=64 novel= 7 | C2 uniq= 5 | C3 draws=  430 comp=  4 uniq=  4 novel=  1 pruned=   0 bt=347 cap= 5 | C4 pool=  5 got= 5 short=0 | 3.4s
[ 97] size=15 budget=  419 C1 valid=64 novel=11 | C2 uniq= 8 | C3 draws=  419 comp=  3 uniq=  3 novel=  1 pruned=   0 bt=353 cap= 5 | C4 pool= 17 got= 8 short=0 | 3.4s
[ 98] size=13 budget=  658 C1 valid=64 novel=27 | C2 uniq=28 | C3 draws=  658 comp= 13 uniq= 13 novel=  7 pruned=   0 bt=437 cap= 6 | C4 pool= 36 got=28 short=0 | 5.3s
[ 99] size=17 budget= 1177 C1 valid=59 novel=40 | C2 uniq=38 | C3 draws= 1177 comp= 41 uniq= 41 novel= 31 pruned=   0 bt=219 cap= 3 | C4 pool=400 got=38 short=0 | 8.8s
[100] size=17 budget=  405 C1 valid=64 novel= 0 | C2 uniq= 2 | C3 draws=  405 comp=  2 uniq=  2 novel=  0 pruned=   0 bt=341 cap= 5 | C4 pool=  2 got= 2 short=0 | 3.3s
[101] size= 9 budget=  512 C1 valid=64 novel= 0 | C2 uniq= 1 | C3 draws=  512 comp=  1 uniq=  1 novel=  0 pruned=   0 bt=443 cap= 5 | C4 pool=  1 got= 1 short=0 | 4.3s
[102] size=13 budget=  320 C1 valid=64 novel= 0 | C2 uniq= 1 | C3 draws=  320 comp=  1 uniq=  1 novel=  0 pruned=   0 bt=279 cap= 3 | C4 pool=  1 got= 1 short=0 | 2.6s
[103] size=13 budget=  425 C1 valid=64 novel= 0 | C2 uniq= 5 | C3 draws=  425 comp=  2 uniq=  2 novel=  0 pruned=   0 bt=344 cap= 4 | C4 pool= 38 got= 5 short=0 | 3.7s
[104] size=11 budget=  405 C1 valid=64 novel= 0 | C2 uniq= 2 | C3 draws=  405 comp=  2 uniq=  2 novel=  0 pruned=   0 bt=351 cap= 4 | C4 pool=  2 got= 2 short=0 | 3.3s
[105] size=15 budget=  384 C1 valid=64 novel= 0 | C2 uniq= 1 | C3 draws=  384 comp=  1 uniq=  1 novel=  0 pruned=   0 bt=338 cap= 4 | C4 pool=  1 got= 1 short=0 | 3.2s
[106] size= 9 budget=  320 C1 valid=64 novel= 0 | C2 uniq= 1 | C3 draws=  320 comp=  1 uniq=  1 novel=  0 pruned=   0 bt=279 cap= 3 | C4 pool=  2 got= 1 short=0 | 2.6s
[107] size=17 budget= 1458 C1 valid=22 novel=22 | C2 uniq=22 | C3 draws= 1458 comp= 33 uniq= 33 novel= 33 pruned=   0 bt=544 cap= 8 | C4 pool=400 got=22 short=0 | 11.5s
[108] size=11 budget=  899 C1 valid=64 novel=49 | C2 uniq=16 | C3 draws=  899 comp=  8 uniq=  8 novel=  6 pruned=   0 bt=641 cap= 9 | C4 pool=241 got=16 short=0 | 7.9s
[109] size=15 budget=  811 C1 valid=64 novel=37 | C2 uniq=16 | C3 draws=  811 comp= 10 uniq= 10 novel=  7 pruned=   0 bt=533 cap= 8 | C4 pool=202 got=16 short=0 | 7.1s
[110] size=15 budget=  362 C1 valid=64 novel= 0 | C2 uniq= 2 | C3 draws=  362 comp=  2 uniq=  2 novel=  0 pruned=   0 bt=311 cap= 4 | C4 pool=  2 got= 2 short=0 | 2.9s
[111] size=17 budget=  537 C1 valid=61 novel=26 | C2 uniq= 3 | C3 draws=  537 comp=  2 uniq=  2 novel=  1 pruned=   0 bt=458 cap= 6 | C4 pool=  2 got= 2 short=1 | 4.4s
[112] size=19 budget=  854 C1 valid=54 novel=54 | C2 uniq= 8 | C3 draws=  854 comp=  2 uniq=  2 novel=  2 pruned=   0 bt=681 cap=10 | C4 pool=158 got= 8 short=0 | 8.0s
[113] size=15 budget=  320 C1 valid=64 novel= 0 | C2 uniq= 1 | C3 draws=  320 comp=  1 uniq=  1 novel=  0 pruned=   0 bt=282 cap= 3 | C4 pool=  1 got= 1 short=0 | 2.6s
[114] size=11 budget=  641 C1 valid=64 novel=26 | C2 uniq=15 | C3 draws=  641 comp= 15 uniq= 15 novel= 12 pruned=   0 bt=351 cap= 2 | C4 pool=158 got=15 short=0 | 5.1s
[115] size=11 budget=  723 C1 valid=64 novel= 0 | C2 uniq= 3 | C3 draws=  723 comp=  3 uniq=  3 novel=  0 pruned=   0 bt=569 cap= 8 | C4 pool=  3 got= 3 short=0 | 6.4s
[116] size=13 budget=  320 C1 valid=64 novel= 0 | C2 uniq= 1 | C3 draws=  320 comp=  1 uniq=  1 novel=  0 pruned=   0 bt=279 cap= 3 | C4 pool=  1 got= 1 short=0 | 2.6s
[117] size=13 budget=  516 C1 valid=64 novel=10 | C2 uniq=11 | C3 draws=  516 comp=  3 uniq=  3 novel=  0 pruned=   0 bt=409 cap= 5 | C4 pool= 87 got=11 short=0 | 4.6s
[118] size=15 budget=  884 C1 valid=46 novel=46 | C2 uniq=10 | C3 draws=  884 comp= 16 uniq= 16 novel= 16 pruned=   0 bt=547 cap= 5 | C4 pool=400 got=10 short=0 | 7.4s
[119] size=19 budget= 1335 C1 valid= 1 novel= 1 | C2 uniq= 1 | C3 draws= 1335 comp=  1 uniq=  1 novel=  1 pruned=   0 bt=1029 cap=16 | C4 pool= 21 got= 1 short=0 | 12.6s
[120] size=11 budget=  320 C1 valid=64 novel= 0 | C2 uniq= 1 | C3 draws=  320 comp=  1 uniq=  1 novel=  0 pruned=   0 bt=283 cap= 3 | C4 pool=  2 got= 1 short=0 | 2.6s
[121] size=13 budget=  448 C1 valid=64 novel= 0 | C2 uniq= 1 | C3 draws=  448 comp=  1 uniq=  1 novel=  0 pruned=   0 bt=387 cap= 5 | C4 pool=  1 got= 1 short=0 | 3.6s
[122] size=11 budget=  640 C1 valid=64 novel= 0 | C2 uniq= 1 | C3 draws=  640 comp=  1 uniq=  1 novel=  0 pruned=   0 bt=534 cap= 7 | C4 pool=  2 got= 1 short=0 | 5.5s
[123] size=17 budget= 1230 C1 valid=41 novel=41 | C2 uniq=26 | C3 draws= 1230 comp= 15 uniq= 15 novel= 15 pruned=   0 bt=721 cap=11 | C4 pool=400 got=26 short=0 | 11.0s
[124] size=15 budget=  512 C1 valid=64 novel= 0 | C2 uniq= 1 | C3 draws=  512 comp=  1 uniq=  1 novel=  0 pruned=   0 bt=427 cap= 6 | C4 pool=  1 got= 1 short=0 | 4.5s
[125] size=19 budget= 1082 C1 valid=49 novel=37 | C2 uniq=26 | C3 draws= 1082 comp= 19 uniq= 19 novel= 17 pruned=   0 bt=559 cap= 9 | C4 pool=400 got=26 short=0 | 9.7s
[126] size=13 budget=  258 C1 valid=63 novel= 0 | C2 uniq= 1 | C3 draws=  258 comp=  1 uniq=  1 novel=  0 pruned=   0 bt=218 cap= 3 | C4 pool=  1 got= 1 short=0 | 2.1s
[127] size=11 budget=  384 C1 valid=64 novel= 0 | C2 uniq= 1 | C3 draws=  384 comp=  1 uniq=  1 novel=  0 pruned=   0 bt=337 cap= 4 | C4 pool=  1 got= 1 short=0 | 3.1s
[128] size=15 budget=  426 C1 valid=64 novel= 0 | C2 uniq= 2 | C3 draws=  426 comp=  2 uniq=  2 novel=  0 pruned=   0 bt=364 cap= 5 | C4 pool=  2 got= 2 short=0 | 3.5s
[129] size=19 budget=  552 C1 valid=56 novel=16 | C2 uniq= 6 | C3 draws=  552 comp=  4 uniq=  4 novel=  3 pruned=   0 bt=458 cap= 6 | C4 pool=  7 got= 6 short=0 | 4.6s
[130] size=17 budget=  768 C1 valid=12 novel=12 | C2 uniq= 1 | C3 draws=  768 comp=  1 uniq=  1 novel=  1 pruned=   0 bt=605 cap= 9 | C4 pool=  1 got= 1 short=0 | 7.1s
[131] size=13 budget=  575 C1 valid=63 novel=63 | C2 uniq= 1 | C3 draws=  575 comp=  1 uniq=  1 novel=  1 pruned=   0 bt=482 cap= 6 | C4 pool=  1 got= 1 short=0 | 5.0s
[132] size=15 budget=  426 C1 valid=61 novel= 0 | C2 uniq= 4 | C3 draws=  426 comp=  6 uniq=  6 novel=  1 pruned=   0 bt=343 cap= 4 | C4 pool=  7 got= 4 short=0 | 3.3s
[133] size=13 budget= 1097 C1 valid=64 novel=49 | C2 uniq= 6 | C3 draws= 1097 comp=  6 uniq=  6 novel=  5 pruned=   0 bt=753 cap=12 | C4 pool=  6 got= 6 short=0 | 9.8s
[134] size=19 budget=  775 C1 valid=64 novel=64 | C2 uniq= 5 | C3 draws=  775 comp=  3 uniq=  3 novel=  3 pruned=   0 bt=604 cap= 9 | C4 pool=  7 got= 5 short=0 | 6.6s
[135] size=11 budget=  541 C1 valid=64 novel=23 | C2 uniq= 3 | C3 draws=  541 comp=  3 uniq=  3 novel=  2 pruned=   0 bt=452 cap= 6 | C4 pool=  3 got= 3 short=0 | 4.4s
[136] size=13 budget=  672 C1 valid=64 novel= 0 | C2 uniq= 2 | C3 draws=  672 comp=  2 uniq=  2 novel=  0 pruned=   0 bt=561 cap= 8 | C4 pool=  2 got= 2 short=0 | 5.7s
[137] size=17 budget=  450 C1 valid=61 novel= 7 | C2 uniq=10 | C3 draws=  450 comp=  4 uniq=  4 novel=  2 pruned=   0 bt=347 cap= 5 | C4 pool=400 got=10 short=0 | 3.9s
[138] size=19 budget=  538 C1 valid=54 novel=31 | C2 uniq= 2 | C3 draws=  538 comp=  2 uniq=  2 novel=  1 pruned=   0 bt=439 cap= 6 | C4 pool=  2 got= 2 short=0 | 4.7s
[139] size=19 budget=  478 C1 valid=64 novel= 0 | C2 uniq= 3 | C3 draws=  478 comp=  3 uniq=  3 novel=  0 pruned=   0 bt=402 cap= 6 | C4 pool=  3 got= 3 short=0 | 3.8s
[140] size=17 budget=  419 C1 valid=34 novel= 0 | C2 uniq= 3 | C3 draws=  419 comp=  3 uniq=  3 novel=  0 pruned=   0 bt=346 cap= 5 | C4 pool=  3 got= 3 short=0 | 3.3s
[141] size=13 budget= 1408 C1 valid=35 novel=35 | C2 uniq=33 | C3 draws= 1408 comp= 15 uniq= 15 novel= 15 pruned=   0 bt=803 cap=13 | C4 pool=400 got=33 short=0 | 12.8s
[142] size=19 budget=  576 C1 valid=64 novel=16 | C2 uniq=21 | C3 draws=  576 comp=  7 uniq=  7 novel=  1 pruned=   0 bt=437 cap= 6 | C4 pool= 35 got=21 short=0 | 4.7s
[143] size=19 budget=  448 C1 valid=64 novel= 0 | C2 uniq= 1 | C3 draws=  448 comp=  1 uniq=  1 novel=  0 pruned=   0 bt=393 cap= 5 | C4 pool=  1 got= 1 short=0 | 3.6s
[144] size=19 budget=  825 C1 valid=63 novel=63 | C2 uniq= 3 | C3 draws=  825 comp=  3 uniq=  3 novel=  3 pruned=   0 bt=614 cap=10 | C4 pool=  3 got= 3 short=0 | 7.4s
[145] size=13 budget=  729 C1 valid=64 novel=33 | C2 uniq= 9 | C3 draws=  729 comp=  7 uniq=  7 novel=  5 pruned=   0 bt=538 cap= 7 | C4 pool= 60 got= 9 short=0 | 6.2s
[146] size=11 budget=  512 C1 valid=64 novel= 0 | C2 uniq= 1 | C3 draws=  512 comp=  1 uniq=  1 novel=  0 pruned=   0 bt=426 cap= 6 | C4 pool=  1 got= 1 short=0 | 4.4s
[147] size=17 budget=  857 C1 valid=55 novel=27 | C2 uniq=11 | C3 draws=  857 comp= 18 uniq= 18 novel= 14 pruned=   0 bt=410 cap= 4 | C4 pool= 58 got=11 short=0 | 7.8s
[148] size=15 budget=  704 C1 valid=64 novel=64 | C2 uniq= 1 | C3 draws=  704 comp=  1 uniq=  1 novel=  1 pruned=   0 bt=585 cap= 8 | C4 pool=  1 got= 1 short=0 | 6.1s
[149] size= 9 budget=  384 C1 valid=64 novel= 0 | C2 uniq= 1 | C3 draws=  384 comp=  1 uniq=  1 novel=  0 pruned=   0 bt=333 cap= 4 | C4 pool=  1 got= 1 short=0 | 3.2s
[150] size= 9 budget=  384 C1 valid=64 novel= 0 | C2 uniq= 1 | C3 draws=  384 comp=  1 uniq=  1 novel=  0 pruned=   0 bt=333 cap= 4 | C4 pool=  1 got= 1 short=0 | 3.1s
[151] size= 9 budget=  320 C1 valid=64 novel= 0 | C2 uniq= 1 | C3 draws=  320 comp=  1 uniq=  1 novel=  0 pruned=   0 bt=279 cap= 3 | C4 pool=  1 got= 1 short=0 | 2.6s
[152] size=15 budget=  953 C1 valid=59 novel=49 | C2 uniq=31 | C3 draws=  953 comp= 39 uniq= 39 novel= 37 pruned=   0 bt=209 cap= 1 | C4 pool=400 got=31 short=0 | 6.9s
[153] size=13 budget=  448 C1 valid=64 novel= 0 | C2 uniq= 3 | C3 draws=  448 comp=  3 uniq=  3 novel=  0 pruned=   0 bt=374 cap= 5 | C4 pool=  3 got= 3 short=0 | 3.6s
[154] size=17 budget=  384 C1 valid=64 novel= 0 | C2 uniq= 1 | C3 draws=  384 comp=  1 uniq=  1 novel=  0 pruned=   0 bt=334 cap= 4 | C4 pool=  1 got= 1 short=0 | 3.1s
[155] size=11 budget=  896 C1 valid=64 novel= 0 | C2 uniq= 1 | C3 draws=  896 comp=  1 uniq=  1 novel=  0 pruned=   0 bt=705 cap=10 | C4 pool=  1 got= 1 short=0 | 8.4s
[156] size=17 budget= 1200 C1 valid=16 novel=16 | C2 uniq=15 | C3 draws= 1200 comp= 23 uniq= 23 novel= 23 pruned=   0 bt=607 cap=10 | C4 pool=400 got=15 short=0 | 10.2s
[157] size= 9 budget=  640 C1 valid=64 novel= 0 | C2 uniq= 1 | C3 draws=  640 comp=  1 uniq=  1 novel=  0 pruned=   0 bt=534 cap= 7 | C4 pool=  1 got= 1 short=0 | 5.5s
[158] size= 9 budget=  512 C1 valid=64 novel= 0 | C2 uniq= 1 | C3 draws=  512 comp=  1 uniq=  1 novel=  0 pruned=   0 bt=443 cap= 5 | C4 pool=  1 got= 1 short=0 | 4.3s
[159] size=19 budget=  685 C1 valid=54 novel=12 | C2 uniq= 6 | C3 draws=  685 comp=  4 uniq=  4 novel=  2 pruned=   0 bt=524 cap= 8 | C4 pool=  8 got= 6 short=0 | 5.8s
[160] size=15 budget=  648 C1 valid=64 novel=24 | C2 uniq=19 | C3 draws=  648 comp=  8 uniq=  8 novel=  5 pruned=   0 bt=489 cap= 7 | C4 pool=400 got=19 short=0 | 5.3s
[161] size=13 budget=  512 C1 valid=64 novel=64 | C2 uniq= 1 | C3 draws=  512 comp=  1 uniq=  1 novel=  1 pruned=   0 bt=420 cap= 6 | C4 pool=  1 got= 1 short=0 | 4.4s
[162] size=19 budget=  466 C1 valid=64 novel= 3 | C2 uniq= 5 | C3 draws=  466 comp=  3 uniq=  3 novel=  0 pruned=   0 bt=390 cap= 5 | C4 pool= 34 got= 5 short=0 | 3.9s
[163] size=11 budget=  448 C1 valid=64 novel= 0 | C2 uniq= 1 | C3 draws=  448 comp=  1 uniq=  1 novel=  0 pruned=   0 bt=393 cap= 5 | C4 pool=  1 got= 1 short=0 | 3.6s
[164] size=11 budget=  609 C1 valid=64 novel= 0 | C2 uniq= 2 | C3 draws=  609 comp=  2 uniq=  2 novel=  0 pruned=   0 bt=497 cap= 7 | C4 pool=  2 got= 2 short=0 | 5.3s
[165] size=19 budget=  320 C1 valid=64 novel= 0 | C2 uniq= 1 | C3 draws=  320 comp=  1 uniq=  1 novel=  0 pruned=   0 bt=274 cap= 4 | C4 pool=  1 got= 1 short=0 | 2.6s
[166] size=19 budget=  355 C1 valid=64 novel= 0 | C2 uniq= 2 | C3 draws=  355 comp=  2 uniq=  2 novel=  0 pruned=   0 bt=303 cap= 4 | C4 pool=  2 got= 2 short=0 | 2.9s
[167] size= 5 budget=  256 C1 valid=64 novel= 0 | C2 uniq= 2 | C3 draws=  256 comp=  3 uniq=  3 novel=  0 pruned=   0 bt=222 cap= 2 | C4 pool=  4 got= 2 short=0 | 2.0s
[168] size=17 budget=  746 C1 valid=62 novel=36 | C2 uniq=34 | C3 draws=  746 comp= 15 uniq= 15 novel= 11 pruned=   0 bt=461 cap= 6 | C4 pool=400 got=34 short=0 | 6.0s
[169] size=13 budget=  432 C1 valid=64 novel= 1 | C2 uniq= 6 | C3 draws=  432 comp=  5 uniq=  5 novel=  1 pruned=   0 bt=348 cap= 4 | C4 pool=  7 got= 6 short=0 | 3.4s
[170] size=13 budget=  384 C1 valid=64 novel= 0 | C2 uniq= 1 | C3 draws=  384 comp=  1 uniq=  1 novel=  0 pruned=   0 bt=333 cap= 4 | C4 pool=  1 got= 1 short=0 | 3.2s
[171] size= 7 budget=  256 C1 valid=64 novel= 0 | C2 uniq= 1 | C3 draws=  256 comp=  1 uniq=  1 novel=  0 pruned=   0 bt=231 cap= 2 | C4 pool=  1 got= 1 short=0 | 2.3s
[172] size=11 budget=  256 C1 valid=64 novel= 0 | C2 uniq= 1 | C3 draws=  256 comp=  1 uniq=  1 novel=  0 pruned=   0 bt=225 cap= 3 | C4 pool=  1 got= 1 short=0 | 2.1s
[173] size=13 budget=  320 C1 valid=64 novel= 0 | C2 uniq= 1 | C3 draws=  320 comp=  1 uniq=  1 novel=  0 pruned=   0 bt=279 cap= 3 | C4 pool=  1 got= 1 short=0 | 2.6s
[174] size=17 budget=  384 C1 valid=64 novel= 0 | C2 uniq= 1 | C3 draws=  384 comp=  1 uniq=  1 novel=  0 pruned=   0 bt=334 cap= 4 | C4 pool=  2 got= 1 short=0 | 3.1s
[175] size= 9 budget=  566 C1 valid=64 novel=16 | C2 uniq= 3 | C3 draws=  566 comp=  2 uniq=  2 novel=  1 pruned=   0 bt=477 cap= 6 | C4 pool=  3 got= 3 short=0 | 4.9s
[176] size=19 budget=  465 C1 valid=64 novel= 7 | C2 uniq= 8 | C3 draws=  465 comp=  6 uniq=  6 novel=  2 pruned=   0 bt=354 cap= 5 | C4 pool=  9 got= 8 short=0 | 3.7s
[177] size=17 budget=  384 C1 valid=64 novel= 0 | C2 uniq= 1 | C3 draws=  384 comp=  1 uniq=  1 novel=  0 pruned=   0 bt=334 cap= 4 | C4 pool=  1 got= 1 short=0 | 3.1s
[178] size= 7 budget=  436 C1 valid=64 novel= 0 | C2 uniq= 5 | C3 draws=  436 comp=  3 uniq=  3 novel=  0 pruned=   0 bt=361 cap= 4 | C4 pool=  9 got= 5 short=0 | 3.7s
[179] size=19 budget= 1041 C1 valid=43 novel=33 | C2 uniq=30 | C3 draws= 1041 comp= 44 uniq= 44 novel= 42 pruned=   0 bt=156 cap= 2 | C4 pool=400 got=30 short=0 | 7.2s
[180] size=15 budget=  678 C1 valid=52 novel= 0 | C2 uniq= 1 | C3 draws=  678 comp=  2 uniq=  2 novel=  1 pruned=   0 bt=536 cap= 8 | C4 pool=  1 got= 1 short=0 | 6.1s
[181] size=15 budget=  764 C1 valid=62 novel=62 | C2 uniq= 8 | C3 draws=  764 comp= 29 uniq= 29 novel= 29 pruned=   0 bt=257 cap= 0 | C4 pool=400 got= 8 short=0 | 5.3s
[182] size=13 budget=  986 C1 valid=57 novel=57 | C2 uniq=16 | C3 draws=  986 comp= 27 uniq= 27 novel= 27 pruned=   0 bt=456 cap= 0 | C4 pool=400 got=16 short=0 | 8.4s
[183] size=19 budget= 1181 C1 valid= 0 novel= 0 | C2 uniq= 0 | C3 draws= 1181 comp=  2 uniq=  2 novel=  2 pruned=   0 bt=973 cap=15 | C4 pool=  2 got= 0 short=0 | 10.2s
[184] size=17 budget=  638 C1 valid=62 novel=62 | C2 uniq= 2 | C3 draws=  638 comp=  2 uniq=  2 novel=  2 pruned=   0 bt=512 cap= 8 | C4 pool=  2 got= 2 short=0 | 5.6s
[185] size=15 budget=  320 C1 valid=64 novel= 0 | C2 uniq= 1 | C3 draws=  320 comp=  1 uniq=  1 novel=  0 pruned=   0 bt=282 cap= 3 | C4 pool=  1 got= 1 short=0 | 2.6s
[186] size=13 budget=  425 C1 valid=64 novel= 0 | C2 uniq= 3 | C3 draws=  425 comp=  3 uniq=  3 novel=  0 pruned=   0 bt=360 cap= 4 | C4 pool=  3 got= 3 short=0 | 3.4s
[187] size=13 budget=  384 C1 valid=64 novel= 0 | C2 uniq= 1 | C3 draws=  384 comp=  1 uniq=  1 novel=  0 pruned=   0 bt=333 cap= 4 | C4 pool=  1 got= 1 short=0 | 3.1s
[188] size=13 budget=  398 C1 valid=64 novel= 8 | C2 uniq= 5 | C3 draws=  398 comp=  3 uniq=  3 novel=  1 pruned=   0 bt=330 cap= 4 | C4 pool=  5 got= 5 short=0 | 3.2s
[189] size=13 budget=  425 C1 valid=64 novel= 0 | C2 uniq= 3 | C3 draws=  425 comp=  3 uniq=  3 novel=  0 pruned=   0 bt=360 cap= 4 | C4 pool=  3 got= 3 short=0 | 3.4s
[190] size=19 budget=  456 C1 valid=64 novel= 5 | C2 uniq= 9 | C3 draws=  456 comp=  5 uniq=  5 novel=  1 pruned=   0 bt=368 cap= 5 | C4 pool= 12 got= 9 short=0 | 3.6s
[191] size=13 budget=  256 C1 valid=64 novel= 0 | C2 uniq= 1 | C3 draws=  256 comp=  1 uniq=  1 novel=  0 pruned=   0 bt=217 cap= 3 | C4 pool=  1 got= 1 short=0 | 2.1s
[192] size=17 budget=  256 C1 valid=64 novel= 0 | C2 uniq= 1 | C3 draws=  256 comp=  1 uniq=  1 novel=  0 pruned=   0 bt=218 cap= 3 | C4 pool=  1 got= 1 short=0 | 2.2s
[193] size=13 budget=  670 C1 valid=63 novel= 5 | C2 uniq= 7 | C3 draws=  670 comp=  3 uniq=  3 novel=  0 pruned=   0 bt=533 cap= 7 | C4 pool= 63 got= 7 short=0 | 6.0s
[194] size=11 budget=  620 C1 valid=64 novel=30 | C2 uniq=28 | C3 draws=  620 comp=  5 uniq=  5 novel=  3 pruned=   0 bt=505 cap= 6 | C4 pool=400 got=28 short=0 | 5.1s
[195] size=11 budget=  436 C1 valid=54 novel= 0 | C2 uniq= 1 | C3 draws=  436 comp=  1 uniq=  1 novel=  0 pruned=   0 bt=373 cap= 5 | C4 pool=  2 got= 1 short=0 | 3.7s
[196] size=15 budget= 1245 C1 valid=58 novel=54 | C2 uniq=32 | C3 draws= 1245 comp= 18 uniq= 18 novel= 17 pruned=   0 bt=673 cap=11 | C4 pool=400 got=32 short=0 | 11.0s
[197] size=17 budget= 1319 C1 valid=36 novel=36 | C2 uniq=26 | C3 draws= 1319 comp= 16 uniq= 16 novel= 16 pruned=   0 bt=679 cap=12 | C4 pool=400 got=26 short=0 | 11.9s
[198] size=19 budget=  839 C1 valid=56 novel=36 | C2 uniq= 7 | C3 draws=  839 comp=  8 uniq=  8 novel=  7 pruned=   0 bt=593 cap= 8 | C4 pool=163 got= 7 short=0 | 7.3s
[199] size=11 budget=  448 C1 valid=64 novel= 0 | C2 uniq= 1 | C3 draws=  448 comp=  1 uniq=  1 novel=  0 pruned=   0 bt=381 cap= 5 | C4 pool=  1 got= 1 short=0 | 4.1s
[200] size=19 budget=  352 C1 valid=64 novel=10 | C2 uniq= 3 | C3 draws=  352 comp=  3 uniq=  3 novel=  1 pruned=   0 bt=287 cap= 4 | C4 pool= 10 got= 3 short=0 | 2.8s
[201] size= 7 budget=  320 C1 valid=64 novel= 0 | C2 uniq= 1 | C3 draws=  320 comp=  1 uniq=  1 novel=  0 pruned=   0 bt=288 cap= 3 | C4 pool=  1 got= 1 short=0 | 2.6s
[202] size=13 budget=  448 C1 valid=64 novel= 0 | C2 uniq= 1 | C3 draws=  448 comp=  1 uniq=  1 novel=  0 pruned=   0 bt=387 cap= 5 | C4 pool=  1 got= 1 short=0 | 3.6s
[203] size=19 budget= 1429 C1 valid=36 novel=36 | C2 uniq=20 | C3 draws= 1429 comp= 48 uniq= 48 novel= 47 pruned=   0 bt=246 cap= 0 | C4 pool=400 got=20 short=0 | 11.3s
[204] size=19 budget=  384 C1 valid=64 novel= 0 | C2 uniq= 1 | C3 draws=  384 comp=  1 uniq=  1 novel=  0 pruned=   0 bt=335 cap= 5 | C4 pool=  1 got= 1 short=0 | 3.1s
[205] size=19 budget=  802 C1 valid=59 novel=30 | C2 uniq=14 | C3 draws=  802 comp= 10 uniq= 10 novel=  9 pruned=   0 bt=552 cap= 8 | C4 pool=400 got=14 short=0 | 6.8s
[206] size=13 budget=  320 C1 valid=64 novel= 0 | C2 uniq= 1 | C3 draws=  320 comp=  1 uniq=  1 novel=  0 pruned=   0 bt=279 cap= 3 | C4 pool=  1 got= 1 short=0 | 2.6s
[207] size=13 budget=  384 C1 valid=64 novel= 0 | C2 uniq= 1 | C3 draws=  384 comp=  1 uniq=  1 novel=  0 pruned=   0 bt=332 cap= 4 | C4 pool=  1 got= 1 short=0 | 3.1s
[208] size=11 budget=  344 C1 valid=64 novel= 0 | C2 uniq= 6 | C3 draws=  344 comp=  2 uniq=  2 novel=  0 pruned=   0 bt=300 cap= 4 | C4 pool= 10 got= 6 short=0 | 2.8s
[209] size= 9 budget=  592 C1 valid=64 novel=12 | C2 uniq=13 | C3 draws=  592 comp=  5 uniq=  5 novel=  2 pruned=   0 bt=465 cap= 6 | C4 pool= 65 got=13 short=0 | 4.8s
[210] size=17 budget=  640 C1 valid=64 novel=64 | C2 uniq= 1 | C3 draws=  640 comp=  1 uniq=  1 novel=  1 pruned=   0 bt=538 cap= 8 | C4 pool=  1 got= 1 short=0 | 5.5s
[211] size=15 budget=  393 C1 valid=64 novel= 0 | C2 uniq= 3 | C3 draws=  393 comp=  3 uniq=  3 novel=  0 pruned=   0 bt=333 cap= 4 | C4 pool=  4 got= 3 short=0 | 3.1s
[212] size=19 budget=  384 C1 valid=64 novel= 0 | C2 uniq= 1 | C3 draws=  384 comp=  1 uniq=  1 novel=  0 pruned=   0 bt=335 cap= 5 | C4 pool=  1 got= 1 short=0 | 3.1s
[213] size=17 budget=  755 C1 valid=64 novel=12 | C2 uniq=17 | C3 draws=  755 comp= 21 uniq= 21 novel= 13 pruned=   0 bt=304 cap= 1 | C4 pool=400 got=17 short=0 | 6.9s
[214] size=15 budget=  448 C1 valid=64 novel= 0 | C2 uniq= 1 | C3 draws=  448 comp=  1 uniq=  1 novel=  0 pruned=   0 bt=392 cap= 5 | C4 pool=  1 got= 1 short=0 | 3.6s
[215] size=15 budget=  718 C1 valid=64 novel=64 | C2 uniq= 3 | C3 draws=  718 comp=  3 uniq=  3 novel=  3 pruned=   0 bt=578 cap= 8 | C4 pool=  3 got= 3 short=0 | 6.1s
[216] size=17 budget=  808 C1 valid=60 novel=12 | C2 uniq= 8 | C3 draws=  808 comp=  8 uniq=  8 novel=  4 pruned=   0 bt=587 cap= 8 | C4 pool=  9 got= 8 short=0 | 6.8s
[217] size=19 budget=  501 C1 valid=64 novel= 0 | C2 uniq= 2 | C3 draws=  501 comp=  2 uniq=  2 novel=  0 pruned=   0 bt=414 cap= 6 | C4 pool=  3 got= 2 short=0 | 4.4s
[218] size=11 budget=  535 C1 valid=64 novel=64 | C2 uniq= 2 | C3 draws=  535 comp=  2 uniq=  2 novel=  2 pruned=   0 bt=437 cap= 6 | C4 pool=  2 got= 2 short=0 | 4.5s
[219] size=13 budget=  408 C1 valid=62 novel= 0 | C2 uniq= 1 | C3 draws=  408 comp=  1 uniq=  1 novel=  0 pruned=   0 bt=356 cap= 4 | C4 pool=  1 got= 1 short=0 | 3.4s
[220] size=11 budget=  448 C1 valid=64 novel= 0 | C2 uniq= 1 | C3 draws=  448 comp=  1 uniq=  1 novel=  0 pruned=   0 bt=393 cap= 5 | C4 pool=  1 got= 1 short=0 | 3.6s
[221] size=11 budget=  384 C1 valid=64 novel= 0 | C2 uniq= 1 | C3 draws=  384 comp=  1 uniq=  1 novel=  0 pruned=   0 bt=337 cap= 4 | C4 pool=  1 got= 1 short=0 | 3.1s
[222] size=13 budget=  417 C1 valid=64 novel= 0 | C2 uniq= 3 | C3 draws=  417 comp=  2 uniq=  2 novel=  0 pruned=   0 bt=359 cap= 4 | C4 pool=  3 got= 3 short=0 | 3.4s
[223] size=19 budget=  954 C1 valid=45 novel= 7 | C2 uniq= 9 | C3 draws=  954 comp= 17 uniq= 17 novel= 12 pruned=   0 bt=396 cap= 3 | C4 pool=400 got= 9 short=0 | 8.5s
[224] size=17 budget= 1050 C1 valid=26 novel=20 | C2 uniq=17 | C3 draws= 1050 comp= 34 uniq= 34 novel= 33 pruned=   0 bt=429 cap= 1 | C4 pool=400 got=17 short=0 | 8.2s
[225] size=19 budget=  673 C1 valid=63 novel=41 | C2 uniq= 3 | C3 draws=  673 comp=  5 uniq=  5 novel=  4 pruned=   0 bt=437 cap= 7 | C4 pool= 20 got= 3 short=0 | 6.2s
[226] size=13 budget=  448 C1 valid=64 novel= 0 | C2 uniq= 1 | C3 draws=  448 comp=  1 uniq=  1 novel=  0 pruned=   0 bt=387 cap= 5 | C4 pool=  1 got= 1 short=0 | 3.7s
[227] size=15 budget=  448 C1 valid=64 novel=16 | C2 uniq= 2 | C3 draws=  448 comp=  1 uniq=  1 novel=  0 pruned=   0 bt=396 cap= 5 | C4 pool=  2 got= 2 short=0 | 3.7s
[228] size=19 budget=  592 C1 valid=64 novel=64 | C2 uniq= 2 | C3 draws=  592 comp=  2 uniq=  2 novel=  2 pruned=   0 bt=474 cap= 7 | C4 pool=  2 got= 2 short=0 | 5.1s
[229] size=19 budget=  497 C1 valid=64 novel=21 | C2 uniq= 4 | C3 draws=  497 comp=  4 uniq=  4 novel=  2 pruned=   0 bt=407 cap= 6 | C4 pool=  7 got= 4 short=0 | 4.0s
[230] size=13 budget=  646 C1 valid=64 novel= 4 | C2 uniq=11 | C3 draws=  646 comp=  5 uniq=  5 novel=  1 pruned=   0 bt=493 cap= 7 | C4 pool= 14 got=11 short=0 | 5.4s
[231] size=17 budget=  448 C1 valid=64 novel= 0 | C2 uniq= 1 | C3 draws=  448 comp=  1 uniq=  1 novel=  0 pruned=   0 bt=387 cap= 5 | C4 pool=  1 got= 1 short=0 | 3.6s
[232] size=13 budget=  632 C1 valid=64 novel= 8 | C2 uniq=15 | C3 draws=  632 comp= 24 uniq= 24 novel= 12 pruned=   0 bt=178 cap= 0 | C4 pool=400 got=15 short=0 | 4.8s
[233] size=13 budget=  709 C1 valid=64 novel=64 | C2 uniq=16 | C3 draws=  709 comp= 17 uniq= 17 novel= 17 pruned=   0 bt=476 cap= 3 | C4 pool= 18 got=16 short=0 | 5.7s
[234] size=17 budget=  384 C1 valid=64 novel= 0 | C2 uniq= 1 | C3 draws=  384 comp=  1 uniq=  1 novel=  0 pruned=   0 bt=334 cap= 4 | C4 pool=  1 got= 1 short=0 | 3.1s
[235] size=19 budget=  645 C1 valid=43 novel= 0 | C2 uniq= 3 | C3 draws=  645 comp=  1 uniq=  1 novel=  0 pruned=   0 bt=556 cap= 8 | C4 pool=  3 got= 3 short=0 | 5.6s
[236] size=11 budget=  513 C1 valid=64 novel=15 | C2 uniq= 9 | C3 draws=  513 comp=  6 uniq=  6 novel=  1 pruned=   0 bt=429 cap= 5 | C4 pool= 13 got= 9 short=0 | 4.1s
[237] size=13 budget= 1018 C1 valid=63 novel=38 | C2 uniq=42 | C3 draws= 1018 comp= 45 uniq= 45 novel= 39 pruned=   0 bt= 37 cap= 0 | C4 pool=400 got=42 short=0 | 6.9s
[238] size=11 budget=  384 C1 valid=64 novel= 0 | C2 uniq= 1 | C3 draws=  384 comp=  1 uniq=  1 novel=  0 pruned=   0 bt=337 cap= 4 | C4 pool=  1 got= 1 short=0 | 3.1s
[239] size=19 budget=  539 C1 valid=58 novel= 5 | C2 uniq= 5 | C3 draws=  539 comp=  5 uniq=  5 novel=  2 pruned=   0 bt=431 cap= 6 | C4 pool= 10 got= 5 short=0 | 4.3s
[240] size=17 budget=  512 C1 valid=64 novel=64 | C2 uniq= 1 | C3 draws=  512 comp=  1 uniq=  1 novel=  1 pruned=   0 bt=441 cap= 6 | C4 pool=  1 got= 1 short=0 | 4.3s
[241] size=19 budget=  559 C1 valid=64 novel=17 | C2 uniq= 2 | C3 draws=  559 comp=  2 uniq=  2 novel=  1 pruned=   0 bt=454 cap= 7 | C4 pool=  2 got= 2 short=0 | 4.6s
[242] size=11 budget=  333 C1 valid=64 novel= 0 | C2 uniq= 5 | C3 draws=  333 comp=  4 uniq=  4 novel=  0 pruned=   0 bt=280 cap= 3 | C4 pool=  5 got= 5 short=0 | 2.6s
[243] size= 9 budget=  320 C1 valid=64 novel= 0 | C2 uniq= 1 | C3 draws=  320 comp=  1 uniq=  1 novel=  0 pruned=   0 bt=279 cap= 3 | C4 pool=  1 got= 1 short=0 | 2.6s
[244] size=13 budget=  458 C1 valid=63 novel= 0 | C2 uniq= 1 | C3 draws=  458 comp=  1 uniq=  1 novel=  0 pruned=   0 bt=381 cap= 5 | C4 pool=  2 got= 1 short=0 | 4.0s
[245] size=11 budget=  256 C1 valid=64 novel= 0 | C2 uniq= 1 | C3 draws=  256 comp=  1 uniq=  1 novel=  0 pruned=   0 bt=225 cap= 3 | C4 pool=  1 got= 1 short=0 | 2.1s
[246] size= 7 budget=  320 C1 valid=64 novel= 0 | C2 uniq= 1 | C3 draws=  320 comp=  1 uniq=  1 novel=  0 pruned=   0 bt=288 cap= 3 | C4 pool=  2 got= 1 short=0 | 2.6s
[247] size=11 budget=  576 C1 valid=64 novel= 0 | C2 uniq= 1 | C3 draws=  576 comp=  1 uniq=  1 novel=  0 pruned=   0 bt=484 cap= 6 | C4 pool=  1 got= 1 short=0 | 4.9s
[248] size=17 budget=  650 C1 valid=31 novel=31 | C2 uniq= 1 | C3 draws=  650 comp=  4 uniq=  4 novel=  4 pruned=   0 bt=512 cap= 6 | C4 pool=  2 got= 1 short=0 | 5.5s
[249] size=17 budget= 1821 C1 valid=20 novel=20 | C2 uniq=17 | C3 draws= 1821 comp= 16 uniq= 16 novel= 16 pruned=   0 bt=919 cap=16 | C4 pool=400 got=17 short=0 | 17.9s
[250] size=11 budget=  515 C1 valid=64 novel=14 | C2 uniq= 5 | C3 draws=  515 comp=  4 uniq=  4 novel=  2 pruned=   0 bt=409 cap= 5 | C4 pool=  5 got= 5 short=0 | 4.3s
[251] size=19 budget=  384 C1 valid=64 novel= 0 | C2 uniq= 1 | C3 draws=  384 comp=  1 uniq=  1 novel=  0 pruned=   0 bt=335 cap= 5 | C4 pool=  1 got= 1 short=0 | 3.1s
[252] size= 9 budget=  320 C1 valid=64 novel= 0 | C2 uniq= 1 | C3 draws=  320 comp=  1 uniq=  1 novel=  0 pruned=   0 bt=279 cap= 3 | C4 pool=  1 got= 1 short=0 | 2.6s
[253] size=19 budget= 1088 C1 valid= 0 novel= 0 | C2 uniq= 0 | C3 draws= 1088 comp=  3 uniq=  3 novel=  3 pruned=   0 bt=859 cap=12 | C4 pool=  2 got= 0 short=0 | 9.5s
[254] size=15 budget=  350 C1 valid=61 novel= 0 | C2 uniq= 1 | C3 draws=  350 comp=  1 uniq=  1 novel=  0 pruned=   0 bt=299 cap= 4 | C4 pool=  1 got= 1 short=0 | 2.9s
[255] size= 7 budget=  256 C1 valid=64 novel= 0 | C2 uniq= 1 | C3 draws=  256 comp=  1 uniq=  1 novel=  0 pruned=   0 bt=231 cap= 2 | C4 pool=  1 got= 1 short=0 | 2.1s
[256] size= 9 budget=  355 C1 valid=64 novel= 0 | C2 uniq= 3 | C3 draws=  355 comp=  3 uniq=  3 novel=  0 pruned=   0 bt=303 cap= 3 | C4 pool=  3 got= 3 short=0 | 2.8s
[257] size=15 budget=  448 C1 valid=64 novel= 0 | C2 uniq= 2 | C3 draws=  448 comp=  2 uniq=  2 novel=  0 pruned=   0 bt=386 cap= 5 | C4 pool=  2 got= 2 short=0 | 3.7s
[258] size=11 budget=  576 C1 valid=64 novel= 0 | C2 uniq= 1 | C3 draws=  576 comp=  1 uniq=  1 novel=  0 pruned=   0 bt=482 cap= 6 | C4 pool=  2 got= 1 short=0 | 5.0s
[259] size=11 budget=  669 C1 valid=64 novel=16 | C2 uniq=22 | C3 draws=  669 comp=  6 uniq=  6 novel=  3 pruned=   0 bt=528 cap= 7 | C4 pool=254 got=22 short=0 | 5.4s
[260] size=13 budget=  862 C1 valid=54 novel=54 | C2 uniq= 5 | C3 draws=  862 comp=  4 uniq=  4 novel=  4 pruned=   0 bt=669 cap= 9 | C4 pool=  9 got= 5 short=0 | 7.4s
[261] size=15 budget= 1497 C1 valid= 2 novel= 2 | C2 uniq= 1 | C3 draws= 1497 comp=  2 uniq=  2 novel=  2 pruned=   0 bt=1182 cap=18 | C4 pool= 21 got= 1 short=0 | 13.3s
[262] size=15 budget=  480 C1 valid=64 novel=16 | C2 uniq= 2 | C3 draws=  480 comp=  2 uniq=  2 novel=  1 pruned=   0 bt=413 cap= 5 | C4 pool=  2 got= 2 short=0 | 3.9s
[263] size=11 budget=  576 C1 valid=64 novel= 0 | C2 uniq= 1 | C3 draws=  576 comp=  1 uniq=  1 novel=  0 pruned=   0 bt=490 cap= 6 | C4 pool=  1 got= 1 short=0 | 4.8s
[264] size=19 budget=  448 C1 valid=64 novel= 0 | C2 uniq= 1 | C3 draws=  448 comp=  1 uniq=  1 novel=  0 pruned=   0 bt=393 cap= 5 | C4 pool=  1 got= 1 short=0 | 3.6s
[265] size=17 budget=  385 C1 valid=63 novel= 0 | C2 uniq= 1 | C3 draws=  385 comp=  1 uniq=  1 novel=  0 pruned=   0 bt=334 cap= 4 | C4 pool=  1 got= 1 short=0 | 3.1s
[266] size=11 budget=  320 C1 valid=64 novel= 0 | C2 uniq= 1 | C3 draws=  320 comp=  1 uniq=  1 novel=  0 pruned=   0 bt=283 cap= 3 | C4 pool=  2 got= 1 short=0 | 2.6s
[267] size=15 budget=  354 C1 valid=64 novel= 0 | C2 uniq= 3 | C3 draws=  354 comp=  3 uniq=  3 novel=  0 pruned=   0 bt=298 cap= 4 | C4 pool=  3 got= 3 short=0 | 2.8s
[268] size=15 budget=  448 C1 valid=64 novel= 0 | C2 uniq= 1 | C3 draws=  448 comp=  1 uniq=  1 novel=  0 pruned=   0 bt=392 cap= 5 | C4 pool=  1 got= 1 short=0 | 3.7s
[269] size=19 budget=  553 C1 valid=62 novel= 1 | C2 uniq= 8 | C3 draws=  553 comp=  2 uniq=  2 novel=  0 pruned=   0 bt=470 cap= 7 | C4 pool=400 got= 8 short=0 | 5.8s
[270] size=11 budget=  417 C1 valid=64 novel= 0 | C2 uniq= 3 | C3 draws=  417 comp=  3 uniq=  3 novel=  0 pruned=   0 bt=356 cap= 4 | C4 pool=  3 got= 3 short=0 | 3.3s
[271] size=19 budget=  448 C1 valid=64 novel= 0 | C2 uniq= 1 | C3 draws=  448 comp=  1 uniq=  1 novel=  0 pruned=   0 bt=393 cap= 5 | C4 pool=  1 got= 1 short=0 | 3.6s
[272] size=19 budget= 1169 C1 valid=63 novel=58 | C2 uniq=52 | C3 draws= 1169 comp= 33 uniq= 33 novel= 32 pruned=   0 bt=461 cap= 6 | C4 pool=400 got=52 short=0 | 9.1s
[273] size=17 budget= 1385 C1 valid=51 novel=46 | C2 uniq=26 | C3 draws= 1385 comp= 16 uniq= 16 novel= 15 pruned=   0 bt=772 cap=12 | C4 pool=400 got=26 short=0 | 12.5s
[274] size=13 budget=  448 C1 valid=64 novel= 0 | C2 uniq= 1 | C3 draws=  448 comp=  1 uniq=  1 novel=  0 pruned=   0 bt=387 cap= 5 | C4 pool=  1 got= 1 short=0 | 3.6s
[275] size=13 budget=  384 C1 valid=64 novel= 0 | C2 uniq= 1 | C3 draws=  384 comp=  1 uniq=  1 novel=  0 pruned=   0 bt=333 cap= 4 | C4 pool=  1 got= 1 short=0 | 3.1s
[276] size=11 budget=  448 C1 valid=64 novel= 0 | C2 uniq= 1 | C3 draws=  448 comp=  1 uniq=  1 novel=  0 pruned=   0 bt=393 cap= 5 | C4 pool=  1 got= 1 short=0 | 3.7s
[277] size= 9 budget=  524 C1 valid=64 novel=14 | C2 uniq=17 | C3 draws=  524 comp= 13 uniq= 13 novel=  7 pruned=   0 bt=288 cap= 4 | C4 pool=194 got=17 short=0 | 4.3s
[278] size=17 budget=  448 C1 valid=64 novel= 0 | C2 uniq= 1 | C3 draws=  448 comp=  1 uniq=  1 novel=  0 pruned=   0 bt=387 cap= 5 | C4 pool=  1 got= 1 short=0 | 3.6s
[279] size=13 budget=  640 C1 valid=64 novel= 0 | C2 uniq= 1 | C3 draws=  640 comp=  1 uniq=  1 novel=  0 pruned=   0 bt=534 cap= 7 | C4 pool=  1 got= 1 short=0 | 5.4s
[280] size=13 budget= 1151 C1 valid=56 novel=56 | C2 uniq=49 | C3 draws= 1151 comp= 42 uniq= 42 novel= 42 pruned=   0 bt=277 cap= 4 | C4 pool=400 got=49 short=0 | 8.5s
[281] size=15 budget= 1292 C1 valid= 0 novel= 0 | C2 uniq= 0 | C3 draws= 1292 comp= 33 uniq= 33 novel= 33 pruned=   0 bt=386 cap= 0 | C4 pool=  0 got= 0 short=0 | 10.0s
[282] size=19 budget=  385 C1 valid=57 novel= 0 | C2 uniq= 2 | C3 draws=  385 comp=  3 uniq=  3 novel=  0 pruned=   0 bt=327 cap= 4 | C4 pool=  3 got= 2 short=0 | 3.1s
[283] size=17 budget=  940 C1 valid=64 novel=34 | C2 uniq=36 | C3 draws=  940 comp= 37 uniq= 37 novel= 30 pruned=   0 bt=148 cap= 0 | C4 pool=400 got=36 short=0 | 6.9s
[284] size=13 budget=  320 C1 valid=64 novel= 0 | C2 uniq= 1 | C3 draws=  320 comp=  1 uniq=  1 novel=  0 pruned=   0 bt=279 cap= 3 | C4 pool=  1 got= 1 short=0 | 2.6s
[285] size=15 budget=  718 C1 valid=57 novel=21 | C2 uniq= 7 | C3 draws=  718 comp= 12 uniq= 12 novel= 10 pruned=   0 bt=429 cap= 5 | C4 pool= 64 got= 7 short=0 | 6.7s
[286] size= 9 budget=  426 C1 valid=64 novel= 0 | C2 uniq= 3 | C3 draws=  426 comp=  3 uniq=  3 novel=  0 pruned=   0 bt=362 cap= 4 | C4 pool=  3 got= 3 short=0 | 3.5s
[287] size=11 budget=  704 C1 valid=64 novel= 0 | C2 uniq= 4 | C3 draws=  704 comp=  4 uniq=  4 novel=  0 pruned=   0 bt=564 cap= 7 | C4 pool=  4 got= 4 short=0 | 6.0s
[288] size=19 budget=  384 C1 valid=64 novel= 0 | C2 uniq= 1 | C3 draws=  384 comp=  1 uniq=  1 novel=  0 pruned=   0 bt=335 cap= 5 | C4 pool=  1 got= 1 short=0 | 3.3s
[289] size=17 budget= 1381 C1 valid=33 novel=33 | C2 uniq=12 | C3 draws= 1381 comp= 13 uniq= 13 novel= 13 pruned=   0 bt=893 cap=11 | C4 pool=400 got=12 short=0 | 12.4s
[290] size=11 budget=  446 C1 valid=63 novel= 0 | C2 uniq= 1 | C3 draws=  446 comp=  1 uniq=  1 novel=  0 pruned=   0 bt=390 cap= 5 | C4 pool=  1 got= 1 short=0 | 3.6s
[291] size=17 budget=  657 C1 valid=63 novel=45 | C2 uniq=23 | C3 draws=  657 comp= 13 uniq= 13 novel= 10 pruned=   0 bt=440 cap= 4 | C4 pool=400 got=23 short=0 | 5.1s
[292] size=17 budget=  512 C1 valid=64 novel= 0 | C2 uniq= 1 | C3 draws=  512 comp=  1 uniq=  1 novel=  0 pruned=   0 bt=441 cap= 6 | C4 pool=  1 got= 1 short=0 | 4.1s
[293] size=11 budget=  384 C1 valid=64 novel= 0 | C2 uniq= 1 | C3 draws=  384 comp=  1 uniq=  1 novel=  0 pruned=   0 bt=337 cap= 4 | C4 pool=  1 got= 1 short=0 | 3.1s
[294] size=17 budget=  478 C1 valid=62 novel= 0 | C2 uniq= 2 | C3 draws=  478 comp=  2 uniq=  2 novel=  0 pruned=   0 bt=408 cap= 6 | C4 pool=  2 got= 2 short=0 | 3.9s
[295] size=11 budget=  384 C1 valid=64 novel= 0 | C2 uniq= 1 | C3 draws=  384 comp=  1 uniq=  1 novel=  0 pruned=   0 bt=337 cap= 4 | C4 pool=  1 got= 1 short=0 | 3.1s
[296] size=15 budget=  320 C1 valid=64 novel= 0 | C2 uniq= 1 | C3 draws=  320 comp=  1 uniq=  1 novel=  0 pruned=   0 bt=282 cap= 3 | C4 pool=  1 got= 1 short=0 | 2.6s
[297] size=17 budget=  461 C1 valid=64 novel=20 | C2 uniq= 3 | C3 draws=  461 comp=  3 uniq=  3 novel=  1 pruned=   0 bt=382 cap= 5 | C4 pool=  4 got= 3 short=0 | 3.8s
[298] size=17 budget=  351 C1 valid=60 novel= 0 | C2 uniq= 4 | C3 draws=  351 comp=  4 uniq=  4 novel=  0 pruned=   0 bt=286 cap= 4 | C4 pool=  8 got= 4 short=0 | 2.9s
[299] size=11 budget=  384 C1 valid=64 novel= 0 | C2 uniq= 1 | C3 draws=  384 comp=  1 uniq=  1 novel=  0 pruned=   0 bt=337 cap= 4 | C4 pool=  1 got= 1 short=0 | 3.1s
[300] size=17 budget=  424 C1 valid=53 novel= 6 | C2 uniq= 4 | C3 draws=  424 comp=  3 uniq=  3 novel=  1 pruned=   0 bt=348 cap= 5 | C4 pool= 24 got= 4 short=0 | 3.5s
[301] size=11 budget=  256 C1 valid=64 novel= 0 | C2 uniq= 1 | C3 draws=  256 comp=  1 uniq=  1 novel=  0 pruned=   0 bt=225 cap= 3 | C4 pool=  1 got= 1 short=0 | 2.1s
[302] size=13 budget=  448 C1 valid=64 novel= 0 | C2 uniq= 1 | C3 draws=  448 comp=  1 uniq=  1 novel=  0 pruned=   0 bt=387 cap= 5 | C4 pool=  1 got= 1 short=0 | 3.6s
[303] size=11 budget=  394 C1 valid=64 novel=17 | C2 uniq= 5 | C3 draws=  394 comp=  4 uniq=  4 novel=  1 pruned=   0 bt=328 cap= 4 | C4 pool=  6 got= 5 short=0 | 3.1s
[304] size= 7 budget=  256 C1 valid=64 novel= 0 | C2 uniq= 1 | C3 draws=  256 comp=  1 uniq=  1 novel=  0 pruned=   0 bt=231 cap= 2 | C4 pool=  1 got= 1 short=0 | 2.1s
[305] size=13 budget=  448 C1 valid=64 novel= 0 | C2 uniq= 1 | C3 draws=  448 comp=  1 uniq=  1 novel=  0 pruned=   0 bt=387 cap= 5 | C4 pool=  2 got= 1 short=0 | 3.6s
[306] size=15 budget=  656 C1 valid=64 novel=24 | C2 uniq=22 | C3 draws=  656 comp= 15 uniq= 15 novel=  6 pruned=   0 bt=432 cap= 6 | C4 pool=295 got=22 short=0 | 5.1s
[307] size= 9 budget=  481 C1 valid=64 novel= 0 | C2 uniq= 5 | C3 draws=  481 comp=  3 uniq=  3 novel=  0 pruned=   0 bt=392 cap= 5 | C4 pool=  9 got= 5 short=0 | 4.0s
[308] size=11 budget=  320 C1 valid=64 novel= 0 | C2 uniq= 1 | C3 draws=  320 comp=  1 uniq=  1 novel=  0 pruned=   0 bt=283 cap= 3 | C4 pool=  1 got= 1 short=0 | 2.6s
[309] size=13 budget=  334 C1 valid=64 novel= 0 | C2 uniq= 4 | C3 draws=  334 comp=  4 uniq=  4 novel=  0 pruned=   0 bt=276 cap= 3 | C4 pool=  6 got= 4 short=0 | 2.7s
[310] size=15 budget=  384 C1 valid=64 novel= 0 | C2 uniq= 2 | C3 draws=  384 comp=  2 uniq=  2 novel=  0 pruned=   0 bt=327 cap= 4 | C4 pool=  2 got= 2 short=0 | 3.1s
[311] size=13 budget= 1626 C1 valid= 5 novel= 5 | C2 uniq= 4 | C3 draws= 1626 comp=  4 uniq=  4 novel=  4 pruned=   0 bt=1173 cap=18 | C4 pool=400 got= 4 short=0 | 14.6s
[312] size= 9 budget=  320 C1 valid=64 novel= 0 | C2 uniq= 2 | C3 draws=  320 comp=  2 uniq=  2 novel=  0 pruned=   0 bt=274 cap= 3 | C4 pool=  2 got= 2 short=0 | 2.6s
[313] size=19 budget=  743 C1 valid=63 novel=14 | C2 uniq=11 | C3 draws=  743 comp=  3 uniq=  3 novel=  2 pruned=   0 bt=585 cap= 9 | C4 pool=242 got=11 short=0 | 6.3s
[314] size= 9 budget=  576 C1 valid=64 novel= 6 | C2 uniq= 2 | C3 draws=  576 comp=  2 uniq=  2 novel=  1 pruned=   0 bt=481 cap= 6 | C4 pool=  2 got= 2 short=0 | 4.9s
[315] size=11 budget=  480 C1 valid=64 novel=12 | C2 uniq= 5 | C3 draws=  480 comp=  8 uniq=  8 novel=  4 pruned=   0 bt=345 cap= 4 | C4 pool=  6 got= 5 short=0 | 3.7s
[316] size=11 budget=  369 C1 valid=64 novel= 0 | C2 uniq= 3 | C3 draws=  369 comp=  3 uniq=  3 novel=  0 pruned=   0 bt=310 cap= 4 | C4 pool=  3 got= 3 short=0 | 2.9s
[317] size=13 budget=  384 C1 valid=64 novel= 0 | C2 uniq= 2 | C3 draws=  384 comp=  2 uniq=  2 novel=  0 pruned=   0 bt=330 cap= 4 | C4 pool=  2 got= 2 short=0 | 3.1s
[318] size= 9 budget=  445 C1 valid=59 novel= 6 | C2 uniq= 3 | C3 draws=  445 comp=  3 uniq=  3 novel=  1 pruned=   0 bt=369 cap= 4 | C4 pool=  3 got= 3 short=0 | 3.6s
[319] size=15 budget=  805 C1 valid=64 novel=63 | C2 uniq=16 | C3 draws=  805 comp= 35 uniq= 35 novel= 34 pruned=   0 bt=218 cap= 0 | C4 pool=400 got=16 short=0 | 5.6s
[320] size=13 budget=  384 C1 valid=64 novel= 0 | C2 uniq= 1 | C3 draws=  384 comp=  2 uniq=  2 novel=  0 pruned=   0 bt=326 cap= 4 | C4 pool=  2 got= 1 short=0 | 3.2s
[321] size=11 budget=  640 C1 valid=64 novel=64 | C2 uniq= 1 | C3 draws=  640 comp=  1 uniq=  1 novel=  1 pruned=   0 bt=533 cap= 7 | C4 pool=  1 got= 1 short=0 | 5.6s
[322] size=17 budget=  678 C1 valid=62 novel=29 | C2 uniq=16 | C3 draws=  678 comp= 28 uniq= 28 novel= 26 pruned=   0 bt=196 cap= 0 | C4 pool=400 got=16 short=0 | 5.4s
[323] size=13 budget=  384 C1 valid=64 novel= 0 | C2 uniq= 1 | C3 draws=  384 comp=  1 uniq=  1 novel=  0 pruned=   0 bt=329 cap= 4 | C4 pool=  1 got= 1 short=0 | 3.2s
[324] size=11 budget=  412 C1 valid=64 novel= 3 | C2 uniq= 5 | C3 draws=  412 comp=  3 uniq=  3 novel=  0 pruned=   0 bt=341 cap= 4 | C4 pool= 13 got= 5 short=0 | 3.4s
[325] size= 9 budget=  360 C1 valid=64 novel= 0 | C2 uniq= 2 | C3 draws=  360 comp=  2 uniq=  2 novel=  0 pruned=   0 bt=305 cap= 4 | C4 pool=  2 got= 2 short=0 | 3.0s
[326] size= 9 budget=  640 C1 valid=64 novel=17 | C2 uniq= 4 | C3 draws=  640 comp=  3 uniq=  3 novel=  2 pruned=   0 bt=514 cap= 7 | C4 pool=  4 got= 4 short=0 | 5.4s
[327] size=15 budget=  770 C1 valid=27 novel= 0 | C2 uniq= 1 | C3 draws=  770 comp=  1 uniq=  1 novel=  0 pruned=   0 bt=659 cap= 9 | C4 pool=  1 got= 1 short=0 | 6.6s
[328] size= 9 budget=  652 C1 valid=64 novel= 0 | C2 uniq= 5 | C3 draws=  652 comp=  6 uniq=  6 novel=  2 pruned=   0 bt=496 cap= 5 | C4 pool=  9 got= 5 short=0 | 5.4s
[329] size=11 budget=  256 C1 valid=64 novel= 0 | C2 uniq= 1 | C3 draws=  256 comp=  1 uniq=  1 novel=  0 pruned=   0 bt=225 cap= 3 | C4 pool=  1 got= 1 short=0 | 2.1s
[330] size= 9 budget=  320 C1 valid=64 novel= 0 | C2 uniq= 1 | C3 draws=  320 comp=  1 uniq=  1 novel=  0 pruned=   0 bt=279 cap= 3 | C4 pool=  1 got= 1 short=0 | 2.6s
[331] size=19 budget= 1146 C1 valid=55 novel=35 | C2 uniq=24 | C3 draws= 1146 comp= 46 uniq= 46 novel= 44 pruned=   0 bt=133 cap= 0 | C4 pool=400 got=24 short=0 | 8.2s
[332] size=17 budget= 1291 C1 valid=64 novel=46 | C2 uniq=45 | C3 draws= 1291 comp= 53 uniq= 53 novel= 42 pruned=   0 bt= 94 cap= 0 | C4 pool=400 got=45 short=0 | 9.2s
[333] size=13 budget=  405 C1 valid=64 novel= 1 | C2 uniq= 5 | C3 draws=  405 comp=  4 uniq=  4 novel=  1 pruned=   0 bt=330 cap= 4 | C4 pool=  5 got= 5 short=0 | 3.2s
[334] size= 9 budget=  512 C1 valid=64 novel= 0 | C2 uniq= 4 | C3 draws=  512 comp=  4 uniq=  4 novel=  0 pruned=   0 bt=420 cap= 5 | C4 pool=  4 got= 4 short=0 | 4.3s
[335] size=17 budget=  512 C1 valid=64 novel= 0 | C2 uniq= 1 | C3 draws=  512 comp=  1 uniq=  1 novel=  0 pruned=   0 bt=433 cap= 6 | C4 pool=  1 got= 1 short=0 | 4.3s
[336] size=15 budget=  731 C1 valid=64 novel=48 | C2 uniq=12 | C3 draws=  731 comp= 10 uniq= 10 novel=  8 pruned=   0 bt=531 cap= 7 | C4 pool= 14 got=12 short=0 | 6.1s
[337] size=19 budget=  980 C1 valid=48 novel=33 | C2 uniq=25 | C3 draws=  980 comp= 11 uniq= 11 novel= 10 pruned=   0 bt=640 cap=10 | C4 pool=400 got=25 short=0 | 8.5s
[338] size=11 budget=  416 C1 valid=57 novel= 4 | C2 uniq= 2 | C3 draws=  416 comp=  2 uniq=  2 novel=  1 pruned=   0 bt=344 cap= 4 | C4 pool=  4 got= 2 short=0 | 3.5s
[339] size=17 budget=  873 C1 valid=63 novel=27 | C2 uniq= 6 | C3 draws=  873 comp=  5 uniq=  5 novel=  4 pruned=   0 bt=650 cap= 9 | C4 pool= 10 got= 6 short=0 | 7.7s
[340] size=13 budget=  320 C1 valid=64 novel= 0 | C2 uniq= 1 | C3 draws=  320 comp=  1 uniq=  1 novel=  0 pruned=   0 bt=279 cap= 3 | C4 pool=  1 got= 1 short=0 | 2.7s
[341] size=13 budget=  472 C1 valid=64 novel=11 | C2 uniq=12 | C3 draws=  472 comp=  4 uniq=  4 novel=  1 pruned=   0 bt=378 cap= 5 | C4 pool=103 got=12 short=0 | 3.9s
[342] size=11 budget=  368 C1 valid=64 novel= 6 | C2 uniq= 5 | C3 draws=  368 comp=  5 uniq=  5 novel=  1 pruned=   0 bt=300 cap= 4 | C4 pool=  6 got= 5 short=0 | 2.9s
[343] size= 9 budget=  384 C1 valid=64 novel= 0 | C2 uniq= 1 | C3 draws=  384 comp=  1 uniq=  1 novel=  0 pruned=   0 bt=333 cap= 4 | C4 pool=  1 got= 1 short=0 | 3.2s
[344] size=19 budget= 1022 C1 valid= 1 novel= 1 | C2 uniq= 1 | C3 draws= 1022 comp=  4 uniq=  4 novel=  4 pruned=   0 bt=701 cap=10 | C4 pool=  2 got= 1 short=0 | 9.1s
[345] size=11 budget=  512 C1 valid=64 novel=36 | C2 uniq= 3 | C3 draws=  512 comp=  3 uniq=  3 novel=  2 pruned=   0 bt=419 cap= 5 | C4 pool=  3 got= 3 short=0 | 4.6s
[346] size=17 budget=  256 C1 valid=64 novel= 0 | C2 uniq= 1 | C3 draws=  256 comp=  1 uniq=  1 novel=  0 pruned=   0 bt=218 cap= 3 | C4 pool=  1 got= 1 short=0 | 2.1s
[347] size=13 budget=  413 C1 valid=64 novel= 0 | C2 uniq= 3 | C3 draws=  413 comp=  3 uniq=  3 novel=  0 pruned=   0 bt=348 cap= 4 | C4 pool=  3 got= 3 short=0 | 3.3s
[348] size=19 budget=  460 C1 valid=64 novel=14 | C2 uniq= 7 | C3 draws=  460 comp=  3 uniq=  3 novel=  1 pruned=   0 bt=376 cap= 5 | C4 pool= 72 got= 7 short=0 | 4.1s
[349] size=17 budget=  448 C1 valid=64 novel= 0 | C2 uniq= 1 | C3 draws=  448 comp=  1 uniq=  1 novel=  0 pruned=   0 bt=387 cap= 5 | C4 pool=  1 got= 1 short=0 | 3.6s
[350] size= 9 budget= 1283 C1 valid=56 novel=29 | C2 uniq=35 | C3 draws= 1283 comp= 39 uniq= 39 novel= 28 pruned=   0 bt=317 cap= 1 | C4 pool=400 got=35 short=0 | 10.9s
[351] size=19 budget= 1313 C1 valid=57 novel=57 | C2 uniq= 9 | C3 draws= 1313 comp=  8 uniq=  8 novel=  8 pruned=   0 bt=779 cap=15 | C4 pool=400 got= 9 short=0 | 12.5s
[352] size=13 budget=  458 C1 valid=61 novel= 0 | C2 uniq= 1 | C3 draws=  458 comp=  1 uniq=  1 novel=  0 pruned=   0 bt=400 cap= 5 | C4 pool=  1 got= 1 short=0 | 4.0s
[353] size=17 budget=  384 C1 valid=64 novel= 0 | C2 uniq= 1 | C3 draws=  384 comp=  1 uniq=  1 novel=  0 pruned=   0 bt=334 cap= 4 | C4 pool=  1 got= 1 short=0 | 3.2s
[354] size=17 budget=  599 C1 valid=64 novel= 8 | C2 uniq=13 | C3 draws=  599 comp= 19 uniq= 19 novel= 11 pruned=   0 bt=241 cap= 1 | C4 pool=197 got=13 short=0 | 4.8s
[355] size= 7 budget=  320 C1 valid=64 novel= 0 | C2 uniq= 1 | C3 draws=  320 comp=  1 uniq=  1 novel=  0 pruned=   0 bt=288 cap= 3 | C4 pool=  1 got= 1 short=0 | 2.6s
[356] size=19 budget=  451 C1 valid=64 novel=18 | C2 uniq= 3 | C3 draws=  451 comp=  2 uniq=  2 novel=  1 pruned=   0 bt=376 cap= 5 | C4 pool=  4 got= 3 short=0 | 3.9s
[357] size=19 budget=  346 C1 valid=64 novel= 0 | C2 uniq= 2 | C3 draws=  346 comp=  2 uniq=  2 novel=  0 pruned=   0 bt=295 cap= 4 | C4 pool=  2 got= 2 short=0 | 2.8s
[358] size=17 budget=  256 C1 valid=64 novel= 0 | C2 uniq= 1 | C3 draws=  256 comp=  1 uniq=  1 novel=  0 pruned=   0 bt=218 cap= 3 | C4 pool=  1 got= 1 short=0 | 2.1s
[359] size=11 budget=  356 C1 valid=64 novel= 0 | C2 uniq= 5 | C3 draws=  356 comp=  3 uniq=  3 novel=  0 pruned=   0 bt=300 cap= 4 | C4 pool=  5 got= 5 short=0 | 2.8s
[360] size=13 budget=  437 C1 valid=64 novel=35 | C2 uniq= 3 | C3 draws=  437 comp=  3 uniq=  3 novel=  2 pruned=   0 bt=343 cap= 5 | C4 pool= 13 got= 3 short=0 | 3.7s
[361] size=15 budget=  512 C1 valid=64 novel=64 | C2 uniq= 1 | C3 draws=  512 comp=  1 uniq=  1 novel=  1 pruned=   0 bt=448 cap= 6 | C4 pool=  1 got= 1 short=0 | 4.2s
[362] size=15 budget=  394 C1 valid=62 novel= 0 | C2 uniq= 2 | C3 draws=  394 comp=  2 uniq=  2 novel=  0 pruned=   0 bt=337 cap= 4 | C4 pool=  2 got= 2 short=0 | 3.2s
[363] size=17 budget=  770 C1 valid=64 novel= 9 | C2 uniq=17 | C3 draws=  770 comp= 24 uniq= 24 novel= 11 pruned=   0 bt=276 cap= 1 | C4 pool=197 got=17 short=0 | 6.1s
[364] size=13 budget=  554 C1 valid=60 novel= 5 | C2 uniq= 3 | C3 draws=  554 comp=  1 uniq=  1 novel=  0 pruned=   0 bt=476 cap= 6 | C4 pool=  4 got= 3 short=0 | 4.6s
[365] size=15 budget=  818 C1 valid=47 novel=18 | C2 uniq=20 | C3 draws=  818 comp= 11 uniq= 11 novel= 10 pruned=   0 bt=535 cap= 7 | C4 pool=400 got=20 short=0 | 6.5s
[366] size=11 budget=  384 C1 valid=64 novel= 0 | C2 uniq= 1 | C3 draws=  384 comp=  1 uniq=  1 novel=  0 pruned=   0 bt=337 cap= 4 | C4 pool=  1 got= 1 short=0 | 3.1s
[367] size=19 budget=  729 C1 valid=57 novel=37 | C2 uniq= 5 | C3 draws=  729 comp=  3 uniq=  3 novel=  1 pruned=   0 bt=561 cap= 9 | C4 pool= 29 got= 5 short=0 | 6.4s
[368] size=19 budget=  423 C1 valid=64 novel= 0 | C2 uniq= 3 | C3 draws=  423 comp=  3 uniq=  3 novel=  0 pruned=   0 bt=354 cap= 5 | C4 pool=  3 got= 3 short=0 | 3.4s
[369] size=19 budget=  640 C1 valid=64 novel=64 | C2 uniq= 2 | C3 draws=  640 comp=  1 uniq=  1 novel=  1 pruned=   0 bt=555 cap= 8 | C4 pool=  2 got= 2 short=0 | 5.5s
[370] size=17 budget=  333 C1 valid=64 novel= 0 | C2 uniq= 4 | C3 draws=  333 comp=  4 uniq=  4 novel=  0 pruned=   0 bt=272 cap= 4 | C4 pool=  5 got= 4 short=0 | 2.6s
[371] size=19 budget=  752 C1 valid=44 novel= 3 | C2 uniq= 9 | C3 draws=  752 comp= 21 uniq= 21 novel= 10 pruned=   0 bt=330 cap= 3 | C4 pool=400 got= 9 short=0 | 6.0s
[372] size=15 budget=  865 C1 valid=63 novel=55 | C2 uniq= 4 | C3 draws=  865 comp=  5 uniq=  5 novel=  4 pruned=   0 bt=631 cap= 9 | C4 pool=  6 got= 4 short=0 | 7.7s
[373] size=11 budget=  448 C1 valid=64 novel= 0 | C2 uniq= 1 | C3 draws=  448 comp=  1 uniq=  1 novel=  0 pruned=   0 bt=393 cap= 5 | C4 pool=  1 got= 1 short=0 | 3.6s
[374] size= 9 budget= 1065 C1 valid=62 novel=60 | C2 uniq=39 | C3 draws= 1065 comp= 53 uniq= 53 novel= 52 pruned=   0 bt= 32 cap= 0 | C4 pool=400 got=39 short=0 | 7.0s
[375] size=17 budget=  718 C1 valid=57 novel=33 | C2 uniq= 5 | C3 draws=  718 comp= 13 uniq= 13 novel= 12 pruned=   0 bt=427 cap= 4 | C4 pool=  9 got= 5 short=0 | 5.9s
[376] size=11 budget=  604 C1 valid=61 novel=20 | C2 uniq=26 | C3 draws=  604 comp=  6 uniq=  6 novel=  1 pruned=   0 bt=491 cap= 6 | C4 pool=400 got=26 short=0 | 4.9s
[377] size= 9 budget=  320 C1 valid=64 novel= 0 | C2 uniq= 1 | C3 draws=  320 comp=  1 uniq=  1 novel=  0 pruned=   0 bt=279 cap= 3 | C4 pool=  1 got= 1 short=0 | 2.6s
[378] size=19 budget=  320 C1 valid=64 novel= 0 | C2 uniq= 2 | C3 draws=  320 comp=  2 uniq=  2 novel=  0 pruned=   0 bt=269 cap= 4 | C4 pool=  2 got= 2 short=0 | 2.5s
[379] size=13 budget= 1239 C1 valid=57 novel=54 | C2 uniq=18 | C3 draws= 1239 comp= 17 uniq= 17 novel= 16 pruned=   0 bt=631 cap= 8 | C4 pool=400 got=18 short=0 | 11.3s
[380] size=13 budget=  668 C1 valid=64 novel=23 | C2 uniq= 5 | C3 draws=  668 comp=  4 uniq=  4 novel=  2 pruned=   0 bt=511 cap= 7 | C4 pool=  8 got= 5 short=0 | 5.8s
[381] size=15 budget=  822 C1 valid=64 novel=64 | C2 uniq= 2 | C3 draws=  822 comp=  2 uniq=  2 novel=  2 pruned=   0 bt=684 cap= 9 | C4 pool=  2 got= 2 short=0 | 7.0s
[382] size=15 budget=  693 C1 valid=64 novel= 8 | C2 uniq=13 | C3 draws=  693 comp=  6 uniq=  6 novel=  1 pruned=   0 bt=510 cap= 7 | C4 pool= 84 got=13 short=0 | 6.1s
[383] size=15 budget=  847 C1 valid=61 novel=20 | C2 uniq=11 | C3 draws=  847 comp=  7 uniq=  7 novel=  5 pruned=   0 bt=606 cap= 9 | C4 pool=333 got=11 short=0 | 8.0s
[384] size= 9 budget=  320 C1 valid=64 novel= 0 | C2 uniq= 1 | C3 draws=  320 comp=  1 uniq=  1 novel=  0 pruned=   0 bt=279 cap= 3 | C4 pool=  1 got= 1 short=0 | 2.6s
[385] size=17 budget=  384 C1 valid=64 novel= 0 | C2 uniq= 1 | C3 draws=  384 comp=  1 uniq=  1 novel=  0 pruned=   0 bt=334 cap= 4 | C4 pool=  1 got= 1 short=0 | 3.1s
[386] size=13 budget=  384 C1 valid=64 novel= 0 | C2 uniq= 1 | C3 draws=  384 comp=  1 uniq=  1 novel=  0 pruned=   0 bt=333 cap= 4 | C4 pool=  1 got= 1 short=0 | 3.1s
[387] size=19 budget= 1031 C1 valid=63 novel=31 | C2 uniq=10 | C3 draws= 1031 comp=  7 uniq=  7 novel=  4 pruned=   0 bt=687 cap=12 | C4 pool=400 got=10 short=0 | 10.8s
[388] size=15 budget=  917 C1 valid=64 novel=51 | C2 uniq=12 | C3 draws=  917 comp=  6 uniq=  6 novel=  5 pruned=   0 bt=636 cap=10 | C4 pool=400 got=12 short=0 | 8.5s
[389] size=11 budget=  354 C1 valid=64 novel= 0 | C2 uniq= 2 | C3 draws=  354 comp=  2 uniq=  2 novel=  0 pruned=   0 bt=301 cap= 4 | C4 pool=  2 got= 2 short=0 | 2.9s
[390] size=17 budget=  690 C1 valid=64 novel=35 | C2 uniq=22 | C3 draws=  690 comp=  5 uniq=  5 novel=  4 pruned=   0 bt=549 cap= 8 | C4 pool=400 got=22 short=0 | 5.7s
[391] size=13 budget=  384 C1 valid=64 novel= 0 | C2 uniq= 1 | C3 draws=  384 comp=  1 uniq=  1 novel=  0 pruned=   0 bt=333 cap= 4 | C4 pool=  1 got= 1 short=0 | 3.2s
[392] size=17 budget=  517 C1 valid=63 novel= 7 | C2 uniq= 2 | C3 draws=  517 comp=  1 uniq=  1 novel=  0 pruned=   0 bt=449 cap= 6 | C4 pool=  2 got= 2 short=0 | 4.2s
[393] size=19 budget= 1272 C1 valid=64 novel=64 | C2 uniq= 3 | C3 draws= 1272 comp=  3 uniq=  3 novel=  3 pruned=   0 bt=834 cap=16 | C4 pool=  6 got= 3 short=0 | 12.2s
[394] size=11 budget= 1830 C1 valid= 7 novel= 7 | C2 uniq= 7 | C3 draws= 1830 comp= 27 uniq= 27 novel= 27 pruned=   0 bt=927 cap= 6 | C4 pool=400 got= 7 short=0 | 15.8s
[395] size=15 budget=  681 C1 valid=63 novel=10 | C2 uniq= 4 | C3 draws=  681 comp=  1 uniq=  1 novel=  0 pruned=   0 bt=563 cap= 8 | C4 pool=  9 got= 4 short=0 | 5.9s
[396] size=17 budget=  869 C1 valid=29 novel=29 | C2 uniq= 1 | C3 draws=  869 comp=  1 uniq=  1 novel=  1 pruned=   0 bt=732 cap=11 | C4 pool=  1 got= 1 short=0 | 7.6s
[397] size=19 budget=  640 C1 valid=64 novel= 0 | C2 uniq= 1 | C3 draws=  640 comp=  1 uniq=  1 novel=  0 pruned=   0 bt=522 cap= 8 | C4 pool=  1 got= 1 short=0 | 5.5s
[398] size=19 budget=  634 C1 valid=56 novel=17 | C2 uniq=18 | C3 draws=  634 comp=  7 uniq=  7 novel=  6 pruned=   0 bt=441 cap= 7 | C4 pool=400 got=18 short=0 | 5.7s
[399] size=13 budget=  320 C1 valid=64 novel= 0 | C2 uniq= 2 | C3 draws=  320 comp=  2 uniq=  2 novel=  0 pruned=   0 bt=274 cap= 3 | C4 pool=  2 got= 2 short=0 | 2.6s
[400] size=13 budget=  384 C1 valid=64 novel= 0 | C2 uniq= 1 | C3 draws=  384 comp=  1 uniq=  1 novel=  0 pruned=   0 bt=333 cap= 4 | C4 pool=  1 got= 1 short=0 | 3.1s
[401] size= 9 budget=  335 C1 valid=64 novel= 0 | C2 uniq= 3 | C3 draws=  335 comp=  2 uniq=  2 novel=  0 pruned=   0 bt=290 cap= 3 | C4 pool=  4 got= 3 short=0 | 2.7s
[402] size=19 budget=  490 C1 valid=63 novel=37 | C2 uniq= 2 | C3 draws=  490 comp=  2 uniq=  2 novel=  1 pruned=   0 bt=409 cap= 6 | C4 pool=  3 got= 2 short=0 | 4.1s
[403] size=19 budget=  583 C1 valid=64 novel=28 | C2 uniq= 8 | C3 draws=  583 comp=  6 uniq=  6 novel=  3 pruned=   0 bt=460 cap= 6 | C4 pool=  7 got= 7 short=1 | 4.8s
[404] size=19 budget=  448 C1 valid=64 novel= 0 | C2 uniq= 1 | C3 draws=  448 comp=  1 uniq=  1 novel=  0 pruned=   0 bt=393 cap= 5 | C4 pool=  1 got= 1 short=0 | 3.7s
[405] size=19 budget=  728 C1 valid=64 novel=32 | C2 uniq=11 | C3 draws=  728 comp=  7 uniq=  7 novel=  3 pruned=   0 bt=536 cap= 8 | C4 pool= 21 got=11 short=0 | 6.2s
[406] size=13 budget=  448 C1 valid=64 novel= 0 | C2 uniq= 1 | C3 draws=  448 comp=  1 uniq=  1 novel=  0 pruned=   0 bt=382 cap= 5 | C4 pool=  1 got= 1 short=0 | 3.7s
[407] size=17 budget=  320 C1 valid=64 novel= 0 | C2 uniq= 1 | C3 draws=  320 comp=  1 uniq=  1 novel=  0 pruned=   0 bt=273 cap= 4 | C4 pool=  2 got= 1 short=0 | 2.7s
[408] size=15 budget=  796 C1 valid=64 novel= 0 | C2 uniq= 5 | C3 draws=  796 comp=  5 uniq=  5 novel=  0 pruned=   0 bt=614 cap= 9 | C4 pool=  9 got= 5 short=0 | 6.6s
[409] size=11 budget=  281 C1 valid=64 novel= 0 | C2 uniq= 2 | C3 draws=  281 comp=  2 uniq=  2 novel=  0 pruned=   0 bt=239 cap= 3 | C4 pool=  2 got= 2 short=0 | 2.3s
[410] size=15 budget=  920 C1 valid=23 novel= 8 | C2 uniq= 7 | C3 draws=  920 comp=  5 uniq=  5 novel=  3 pruned=   0 bt=656 cap=10 | C4 pool= 97 got= 7 short=0 | 8.3s
[411] size=11 budget=  406 C1 valid=64 novel=11 | C2 uniq= 8 | C3 draws=  406 comp=  2 uniq=  2 novel=  1 pruned=   0 bt=351 cap= 4 | C4 pool=400 got= 8 short=0 | 3.4s
[412] size=19 budget=  850 C1 valid=46 novel=45 | C2 uniq=14 | C3 draws=  850 comp= 25 uniq= 25 novel= 25 pruned=   0 bt=432 cap= 1 | C4 pool=400 got=14 short=0 | 6.9s
[413] size=19 budget=  481 C1 valid=64 novel=16 | C2 uniq= 4 | C3 draws=  481 comp=  5 uniq=  5 novel=  1 pruned=   0 bt=390 cap= 5 | C4 pool=  6 got= 4 short=0 | 3.8s
[414] size=17 budget=  470 C1 valid=54 novel= 6 | C2 uniq= 3 | C3 draws=  470 comp=  3 uniq=  3 novel=  1 pruned=   0 bt=397 cap= 5 | C4 pool=  3 got= 3 short=0 | 3.8s
[415] size=15 budget=  516 C1 valid=64 novel= 0 | C2 uniq= 3 | C3 draws=  516 comp=  3 uniq=  3 novel=  0 pruned=   0 bt=423 cap= 6 | C4 pool=  3 got= 3 short=0 | 4.2s
[416] size=11 budget= 1254 C1 valid=37 novel=37 | C2 uniq=25 | C3 draws= 1254 comp= 36 uniq= 36 novel= 36 pruned=   0 bt=394 cap= 1 | C4 pool=400 got=25 short=0 | 10.0s
[417] size=19 budget=  412 C1 valid=64 novel=20 | C2 uniq= 5 | C3 draws=  412 comp=  3 uniq=  3 novel=  1 pruned=   0 bt=344 cap= 5 | C4 pool= 13 got= 5 short=0 | 3.3s
[418] size=19 budget=  448 C1 valid=64 novel= 0 | C2 uniq= 1 | C3 draws=  448 comp=  1 uniq=  1 novel=  0 pruned=   0 bt=393 cap= 5 | C4 pool=  1 got= 1 short=0 | 3.6s
[419] size= 9 budget=  512 C1 valid=64 novel= 0 | C2 uniq= 2 | C3 draws=  512 comp=  3 uniq=  3 novel=  0 pruned=   0 bt=415 cap= 5 | C4 pool=  4 got= 2 short=0 | 4.3s
[420] size=13 budget=  320 C1 valid=64 novel= 0 | C2 uniq= 1 | C3 draws=  320 comp=  1 uniq=  1 novel=  0 pruned=   0 bt=279 cap= 3 | C4 pool=  1 got= 1 short=0 | 2.6s
[421] size=11 budget=  320 C1 valid=64 novel= 0 | C2 uniq= 1 | C3 draws=  320 comp=  1 uniq=  1 novel=  0 pruned=   0 bt=283 cap= 3 | C4 pool=  1 got= 1 short=0 | 2.6s
[422] size=13 budget=  384 C1 valid=64 novel= 0 | C2 uniq= 1 | C3 draws=  384 comp=  1 uniq=  1 novel=  0 pruned=   0 bt=333 cap= 4 | C4 pool=  1 got= 1 short=0 | 3.1s
[423] size= 9 budget=  576 C1 valid=64 novel= 0 | C2 uniq= 2 | C3 draws=  576 comp=  2 uniq=  2 novel=  0 pruned=   0 bt=481 cap= 6 | C4 pool=  2 got= 2 short=0 | 4.7s
[424] size=13 budget=  384 C1 valid=64 novel= 0 | C2 uniq= 1 | C3 draws=  384 comp=  1 uniq=  1 novel=  0 pruned=   0 bt=333 cap= 4 | C4 pool=  1 got= 1 short=0 | 3.1s
[425] size=15 budget=  959 C1 valid=56 novel=31 | C2 uniq=19 | C3 draws=  959 comp= 11 uniq= 11 novel=  8 pruned=   0 bt=628 cap= 9 | C4 pool=165 got=19 short=0 | 8.2s
[426] size=11 budget=  256 C1 valid=64 novel= 0 | C2 uniq= 1 | C3 draws=  256 comp=  1 uniq=  1 novel=  0 pruned=   0 bt=225 cap= 3 | C4 pool=  1 got= 1 short=0 | 2.1s
[427] size=13 budget=  428 C1 valid=20 novel= 0 | C2 uniq= 3 | C3 draws=  428 comp=  4 uniq=  4 novel=  0 pruned=   0 bt=354 cap= 4 | C4 pool=  3 got= 3 short=0 | 3.6s
[428] size=17 budget=  512 C1 valid=64 novel=64 | C2 uniq= 1 | C3 draws=  512 comp=  1 uniq=  1 novel=  1 pruned=   0 bt=433 cap= 6 | C4 pool=  1 got= 1 short=0 | 4.4s
[429] size=17 budget=  635 C1 valid=53 novel=14 | C2 uniq= 3 | C3 draws=  635 comp=  3 uniq=  3 novel=  2 pruned=   0 bt=505 cap= 7 | C4 pool= 10 got= 3 short=0 | 5.5s
[430] size= 9 budget=  448 C1 valid=64 novel= 0 | C2 uniq= 1 | C3 draws=  448 comp=  2 uniq=  2 novel=  0 pruned=   0 bt=376 cap= 5 | C4 pool=  2 got= 1 short=0 | 3.8s
[431] size=11 budget=  384 C1 valid=64 novel= 0 | C2 uniq= 1 | C3 draws=  384 comp=  1 uniq=  1 novel=  0 pruned=   0 bt=337 cap= 4 | C4 pool=  1 got= 1 short=0 | 3.1s
[432] size=17 budget=  320 C1 valid=64 novel= 0 | C2 uniq= 1 | C3 draws=  320 comp=  1 uniq=  1 novel=  0 pruned=   0 bt=273 cap= 4 | C4 pool=  2 got= 1 short=0 | 2.6s
[433] size= 9 budget=  620 C1 valid=64 novel= 0 | C2 uniq= 5 | C3 draws=  620 comp=  3 uniq=  3 novel=  0 pruned=   0 bt=499 cap= 6 | C4 pool=  9 got= 5 short=0 | 5.4s
[434] size=17 budget=  785 C1 valid=15 novel=15 | C2 uniq= 1 | C3 draws=  785 comp=  1 uniq=  1 novel=  1 pruned=   0 bt=628 cap=10 | C4 pool=  1 got= 1 short=0 | 7.1s
[435] size=11 budget=  384 C1 valid=64 novel= 0 | C2 uniq= 1 | C3 draws=  384 comp=  1 uniq=  1 novel=  0 pruned=   0 bt=337 cap= 4 | C4 pool=  1 got= 1 short=0 | 3.1s
[436] size=13 budget= 1252 C1 valid=64 novel=64 | C2 uniq= 3 | C3 draws= 1252 comp=  4 uniq=  4 novel=  4 pruned=   0 bt=901 cap=13 | C4 pool=  3 got= 3 short=0 | 11.8s
[437] size=11 budget=  320 C1 valid=64 novel= 0 | C2 uniq= 1 | C3 draws=  320 comp=  1 uniq=  1 novel=  0 pruned=   0 bt=283 cap= 3 | C4 pool=  2 got= 1 short=0 | 2.6s
[438] size=17 budget=  320 C1 valid=64 novel= 0 | C2 uniq= 1 | C3 draws=  320 comp=  1 uniq=  1 novel=  0 pruned=   0 bt=273 cap= 4 | C4 pool=  1 got= 1 short=0 | 2.6s
[439] size=13 budget=  512 C1 valid=64 novel= 0 | C2 uniq= 1 | C3 draws=  512 comp=  1 uniq=  1 novel=  0 pruned=   0 bt=441 cap= 6 | C4 pool=  1 got= 1 short=0 | 4.3s
[440] size=15 budget=  334 C1 valid=64 novel= 9 | C2 uniq= 6 | C3 draws=  334 comp=  2 uniq=  2 novel=  1 pruned=   0 bt=284 cap= 3 | C4 pool= 98 got= 6 short=0 | 2.8s
[441] size=11 budget=  448 C1 valid=64 novel= 0 | C2 uniq= 1 | C3 draws=  448 comp=  1 uniq=  1 novel=  0 pruned=   0 bt=393 cap= 5 | C4 pool=  1 got= 1 short=0 | 3.6s
[442] size=11 budget=  320 C1 valid=64 novel= 0 | C2 uniq= 1 | C3 draws=  320 comp=  1 uniq=  1 novel=  0 pruned=   0 bt=283 cap= 3 | C4 pool=  1 got= 1 short=0 | 2.6s
[443] size=15 budget=  320 C1 valid=64 novel= 0 | C2 uniq= 1 | C3 draws=  320 comp=  1 uniq=  1 novel=  0 pruned=   0 bt=282 cap= 3 | C4 pool=  1 got= 1 short=0 | 2.6s
[444] size=19 budget= 1346 C1 valid=53 novel=53 | C2 uniq= 7 | C3 draws= 1346 comp= 17 uniq= 17 novel= 17 pruned=   0 bt=786 cap= 7 | C4 pool=129 got= 7 short=0 | 12.1s
[445] size=13 budget=  926 C1 valid=61 novel=52 | C2 uniq=48 | C3 draws=  926 comp= 38 uniq= 38 novel= 37 pruned=   0 bt=247 cap= 1 | C4 pool=400 got=48 short=0 | 6.7s
[446] size= 9 budget=  347 C1 valid=64 novel= 0 | C2 uniq= 3 | C3 draws=  347 comp=  3 uniq=  3 novel=  0 pruned=   0 bt=294 cap= 3 | C4 pool=  3 got= 3 short=0 | 2.9s
[447] size= 9 budget=  256 C1 valid=64 novel= 0 | C2 uniq= 1 | C3 draws=  256 comp=  1 uniq=  1 novel=  0 pruned=   0 bt=225 cap= 2 | C4 pool=  1 got= 1 short=0 | 2.1s
[448] size=17 budget=  945 C1 valid=25 novel= 0 | C2 uniq= 1 | C3 draws=  945 comp=  1 uniq=  1 novel=  0 pruned=   0 bt=824 cap=12 | C4 pool=  2 got= 1 short=0 | 7.8s
[449] size=13 budget=  388 C1 valid=62 novel= 0 | C2 uniq= 1 | C3 draws=  388 comp=  1 uniq=  1 novel=  0 pruned=   0 bt=337 cap= 4 | C4 pool=  1 got= 1 short=0 | 3.1s
[450] size=11 budget=  618 C1 valid=64 novel=20 | C2 uniq= 3 | C3 draws=  618 comp=  3 uniq=  3 novel=  1 pruned=   0 bt=497 cap= 7 | C4 pool=  3 got= 3 short=0 | 5.2s
[451] size=11 budget=  410 C1 valid=64 novel=10 | C2 uniq= 2 | C3 draws=  410 comp=  2 uniq=  2 novel=  1 pruned=   0 bt=342 cap= 4 | C4 pool=  6 got= 2 short=0 | 3.5s
[452] size=13 budget=  384 C1 valid=64 novel= 0 | C2 uniq= 1 | C3 draws=  384 comp=  1 uniq=  1 novel=  0 pruned=   0 bt=333 cap= 4 | C4 pool=  1 got= 1 short=0 | 3.1s
[453] size=15 budget=  531 C1 valid=64 novel=13 | C2 uniq= 4 | C3 draws=  531 comp=  3 uniq=  3 novel=  1 pruned=   0 bt=440 cap= 6 | C4 pool=  4 got= 4 short=0 | 4.3s
[454] size=15 budget=  320 C1 valid=64 novel= 0 | C2 uniq= 2 | C3 draws=  320 comp=  2 uniq=  2 novel=  0 pruned=   0 bt=277 cap= 3 | C4 pool=  4 got= 2 short=0 | 2.7s
[455] size=11 budget=  639 C1 valid=62 novel=20 | C2 uniq= 6 | C3 draws=  639 comp=  3 uniq=  3 novel=  2 pruned=   0 bt=546 cap= 7 | C4 pool=  9 got= 6 short=0 | 5.3s
[456] size=13 budget=  496 C1 valid=48 novel= 0 | C2 uniq= 1 | C3 draws=  496 comp=  1 uniq=  1 novel=  0 pruned=   0 bt=432 cap= 6 | C4 pool=  1 got= 1 short=0 | 4.0s
[457] size=13 budget=  320 C1 valid=64 novel= 0 | C2 uniq= 1 | C3 draws=  320 comp=  1 uniq=  1 novel=  0 pruned=   0 bt=279 cap= 3 | C4 pool=  1 got= 1 short=0 | 2.6s
[458] size=13 budget=  504 C1 valid=64 novel=10 | C2 uniq= 4 | C3 draws=  504 comp=  4 uniq=  4 novel=  2 pruned=   0 bt=397 cap= 5 | C4 pool=  4 got= 4 short=0 | 4.1s
[459] size=17 budget=  463 C1 valid=61 novel= 0 | C2 uniq= 2 | C3 draws=  463 comp=  1 uniq=  1 novel=  0 pruned=   0 bt=402 cap= 5 | C4 pool=  2 got= 2 short=0 | 3.8s
[460] size=11 budget=  421 C1 valid=37 novel=36 | C2 uniq= 2 | C3 draws=  421 comp=  2 uniq=  2 novel=  1 pruned=   0 bt=367 cap= 4 | C4 pool=  2 got= 2 short=0 | 3.5s
[461] size=13 budget=  544 C1 valid=63 novel=26 | C2 uniq=12 | C3 draws=  544 comp= 13 uniq= 13 novel= 12 pruned=   0 bt=318 cap= 2 | C4 pool= 87 got=12 short=0 | 4.5s
[462] size=19 budget=  678 C1 valid=52 novel=52 | C2 uniq= 2 | C3 draws=  678 comp=  2 uniq=  2 novel=  2 pruned=   0 bt=550 cap= 8 | C4 pool=  2 got= 2 short=0 | 6.0s
[463] size=17 budget= 1954 C1 valid=33 novel=33 | C2 uniq=21 | C3 draws= 1954 comp= 32 uniq= 32 novel= 32 pruned=   0 bt=665 cap= 8 | C4 pool=400 got=21 short=0 | 59.7s
[464] size=13 budget= 1292 C1 valid=60 novel=60 | C2 uniq=44 | C3 draws= 1292 comp= 56 uniq= 56 novel= 56 pruned=   0 bt= 13 cap= 0 | C4 pool=400 got=44 short=0 | 8.8s
[465] size=19 budget=  886 C1 valid=62 novel=41 | C2 uniq=21 | C3 draws=  886 comp= 18 uniq= 18 novel= 16 pruned=   0 bt=523 cap= 6 | C4 pool=400 got=21 short=0 | 7.1s
[466] size=13 budget=  500 C1 valid=59 novel= 0 | C2 uniq= 1 | C3 draws=  500 comp=  1 uniq=  1 novel=  0 pruned=   0 bt=383 cap= 6 | C4 pool=  2 got= 1 short=0 | 4.5s
[467] size=17 budget= 1090 C1 valid=63 novel=63 | C2 uniq= 1 | C3 draws= 1090 comp=  1 uniq=  1 novel=  1 pruned=   0 bt=808 cap=13 | C4 pool=  1 got= 1 short=0 | 10.3s
[468] size=15 budget= 1152 C1 valid=64 novel=64 | C2 uniq= 2 | C3 draws= 1152 comp=  2 uniq=  2 novel=  2 pruned=   0 bt=812 cap=14 | C4 pool=  2 got= 2 short=0 | 10.9s
[469] size=13 budget=  384 C1 valid=64 novel= 0 | C2 uniq= 1 | C3 draws=  384 comp=  1 uniq=  1 novel=  0 pruned=   0 bt=333 cap= 4 | C4 pool=  1 got= 1 short=0 | 3.1s
[470] size= 7 budget=  448 C1 valid=64 novel= 0 | C2 uniq= 1 | C3 draws=  448 comp=  1 uniq=  1 novel=  0 pruned=   0 bt=385 cap= 5 | C4 pool=  2 got= 1 short=0 | 3.7s
[471] size=17 budget=  448 C1 valid=64 novel= 0 | C2 uniq= 1 | C3 draws=  448 comp=  1 uniq=  1 novel=  0 pruned=   0 bt=387 cap= 5 | C4 pool=  1 got= 1 short=0 | 3.6s
[472] size=19 budget= 1083 C1 valid=63 novel=63 | C2 uniq=10 | C3 draws= 1083 comp=  7 uniq=  7 novel=  7 pruned=   0 bt=760 cap=12 | C4 pool=106 got=10 short=0 | 9.7s
[473] size=11 budget=  583 C1 valid=63 novel=12 | C2 uniq=22 | C3 draws=  583 comp= 14 uniq= 14 novel=  9 pruned=   0 bt=347 cap= 4 | C4 pool=400 got=22 short=0 | 4.6s
[474] size=15 budget=  568 C1 valid=64 novel=20 | C2 uniq= 3 | C3 draws=  568 comp=  2 uniq=  2 novel=  0 pruned=   0 bt=497 cap= 7 | C4 pool=  4 got= 3 short=0 | 4.6s
[475] size=19 budget=  748 C1 valid=64 novel=57 | C2 uniq=14 | C3 draws=  748 comp=  9 uniq=  9 novel=  8 pruned=   0 bt=519 cap= 8 | C4 pool=400 got=14 short=0 | 6.4s
[476] size=15 budget=  819 C1 valid=62 novel=45 | C2 uniq= 7 | C3 draws=  819 comp=  6 uniq=  6 novel=  5 pruned=   0 bt=561 cap= 9 | C4 pool= 40 got= 7 short=0 | 7.3s
[477] size=19 budget=  792 C1 valid=64 novel=59 | C2 uniq= 5 | C3 draws=  792 comp= 13 uniq= 13 novel= 12 pruned=   0 bt=481 cap= 4 | C4 pool= 21 got= 5 short=0 | 6.8s
[478] size= 9 budget=  320 C1 valid=64 novel= 0 | C2 uniq= 1 | C3 draws=  320 comp=  1 uniq=  1 novel=  0 pruned=   0 bt=279 cap= 3 | C4 pool=  1 got= 1 short=0 | 2.6s
[479] size=13 budget=  448 C1 valid=64 novel= 0 | C2 uniq= 1 | C3 draws=  448 comp=  1 uniq=  1 novel=  0 pruned=   0 bt=387 cap= 5 | C4 pool=  1 got= 1 short=0 | 3.7s
[480] size=13 budget=  320 C1 valid=64 novel= 0 | C2 uniq= 1 | C3 draws=  320 comp=  1 uniq=  1 novel=  0 pruned=   0 bt=279 cap= 3 | C4 pool=  1 got= 1 short=0 | 2.6s
[481] size=19 budget=  712 C1 valid=56 novel=56 | C2 uniq= 1 | C3 draws=  712 comp=  1 uniq=  1 novel=  1 pruned=   0 bt=583 cap= 9 | C4 pool=  1 got= 1 short=0 | 6.2s
[482] size=15 budget=  384 C1 valid=64 novel= 0 | C2 uniq= 1 | C3 draws=  384 comp=  1 uniq=  1 novel=  0 pruned=   0 bt=338 cap= 4 | C4 pool=  1 got= 1 short=0 | 3.2s
[483] size=15 budget=  500 C1 valid=64 novel=11 | C2 uniq= 8 | C3 draws=  500 comp=  3 uniq=  3 novel=  1 pruned=   0 bt=418 cap= 5 | C4 pool=400 got= 8 short=0 | 4.2s
[484] size=13 budget=  696 C1 valid=61 novel=13 | C2 uniq=16 | C3 draws=  696 comp=  5 uniq=  5 novel=  3 pruned=   0 bt=548 cap= 7 | C4 pool=400 got=16 short=0 | 5.9s
[485] size=11 budget=  384 C1 valid=64 novel= 0 | C2 uniq= 2 | C3 draws=  384 comp=  2 uniq=  2 novel=  0 pruned=   0 bt=331 cap= 4 | C4 pool=  2 got= 2 short=0 | 3.2s
[486] size=19 budget= 1000 C1 valid=64 novel=36 | C2 uniq= 4 | C3 draws= 1000 comp=  4 uniq=  4 novel=  2 pruned=   0 bt=705 cap=12 | C4 pool= 42 got= 4 short=0 | 9.4s
[487] size=17 budget=  651 C1 valid=62 novel=27 | C2 uniq=12 | C3 draws=  651 comp= 10 uniq= 10 novel=  7 pruned=   0 bt=450 cap= 7 | C4 pool= 15 got=12 short=0 | 5.3s
[488] size=15 budget= 1073 C1 valid=47 novel=30 | C2 uniq=23 | C3 draws= 1073 comp= 23 uniq= 23 novel= 18 pruned=   0 bt=612 cap= 5 | C4 pool=400 got=23 short=0 | 8.7s
[489] size=19 budget=  737 C1 valid=62 novel=32 | C2 uniq=27 | C3 draws=  737 comp=  6 uniq=  6 novel=  2 pruned=   0 bt=581 cap= 8 | C4 pool=400 got=27 short=0 | 6.1s
[490] size=19 budget=  715 C1 valid=62 novel=45 | C2 uniq= 8 | C3 draws=  715 comp= 12 uniq= 12 novel= 10 pruned=   0 bt=456 cap= 5 | C4 pool= 38 got= 8 short=0 | 6.1s
[491] size=15 budget=  320 C1 valid=64 novel= 0 | C2 uniq= 1 | C3 draws=  320 comp=  1 uniq=  1 novel=  0 pruned=   0 bt=282 cap= 3 | C4 pool=  1 got= 1 short=0 | 2.6s
[492] size=17 budget=  320 C1 valid=64 novel= 0 | C2 uniq= 1 | C3 draws=  320 comp=  1 uniq=  1 novel=  0 pruned=   0 bt=273 cap= 4 | C4 pool=  1 got= 1 short=0 | 2.6s
[493] size=11 budget=  256 C1 valid=64 novel= 0 | C2 uniq= 1 | C3 draws=  256 comp=  1 uniq=  1 novel=  0 pruned=   0 bt=225 cap= 3 | C4 pool=  1 got= 1 short=0 | 2.3s
[494] size= 9 budget=  790 C1 valid=64 novel=50 | C2 uniq=26 | C3 draws=  790 comp= 10 uniq= 10 novel=  9 pruned=   0 bt=555 cap= 7 | C4 pool=400 got=26 short=0 | 6.6s
[495] size= 9 budget=  320 C1 valid=64 novel= 0 | C2 uniq= 1 | C3 draws=  320 comp=  1 uniq=  1 novel=  0 pruned=   0 bt=279 cap= 3 | C4 pool=  1 got= 1 short=0 | 2.6s
[496] size= 9 budget=  384 C1 valid=64 novel= 0 | C2 uniq= 2 | C3 draws=  384 comp=  1 uniq=  1 novel=  0 pruned=   0 bt=333 cap= 4 | C4 pool=  2 got= 2 short=0 | 3.3s
[497] size=15 budget=  568 C1 valid=64 novel=12 | C2 uniq=15 | C3 draws=  568 comp= 20 uniq= 20 novel=  8 pruned=   0 bt=227 cap= 3 | C4 pool= 59 got=15 short=0 | 4.4s
[498] size=15 budget=  595 C1 valid=62 novel=20 | C2 uniq=17 | C3 draws=  595 comp= 18 uniq= 18 novel= 11 pruned=   0 bt=279 cap= 4 | C4 pool=400 got=17 short=0 | 5.0s
[499] size=19 budget=  478 C1 valid=59 novel= 0 | C2 uniq= 2 | C3 draws=  478 comp=  2 uniq=  2 novel=  0 pruned=   0 bt=404 cap= 6 | C4 pool=  2 got= 2 short=0 | 3.9s
[500] size=15 budget=  640 C1 valid=64 novel=64 | C2 uniq= 1 | C3 draws=  640 comp=  1 uniq=  1 novel=  1 pruned=   0 bt=550 cap= 7 | C4 pool=  1 got= 1 short=0 | 5.3s
[501] size= 9 budget=  320 C1 valid=64 novel= 0 | C2 uniq= 2 | C3 draws=  320 comp=  2 uniq=  2 novel=  0 pruned=   0 bt=274 cap= 3 | C4 pool=  2 got= 2 short=0 | 2.7s
[502] size=15 budget=  474 C1 valid=64 novel= 6 | C2 uniq= 4 | C3 draws=  474 comp=  4 uniq=  4 novel=  1 pruned=   0 bt=396 cap= 5 | C4 pool=  4 got= 4 short=0 | 3.7s
[503] size=17 budget=  960 C1 valid=64 novel=64 | C2 uniq= 1 | C3 draws=  960 comp=  1 uniq=  1 novel=  1 pruned=   0 bt=725 cap=12 | C4 pool=  1 got= 1 short=0 | 8.9s
[504] size=17 budget= 1111 C1 valid=48 novel=24 | C2 uniq=28 | C3 draws= 1111 comp= 53 uniq= 53 novel= 47 pruned=   0 bt= 81 cap= 0 | C4 pool=400 got=28 short=0 | 7.6s
[505] size=11 budget=  384 C1 valid=64 novel= 0 | C2 uniq= 1 | C3 draws=  384 comp=  1 uniq=  1 novel=  0 pruned=   0 bt=337 cap= 4 | C4 pool=  1 got= 1 short=0 | 3.2s
[506] size=13 budget=  644 C1 valid=62 novel=25 | C2 uniq=25 | C3 draws=  644 comp= 18 uniq= 18 novel= 13 pruned=   0 bt=278 cap= 4 | C4 pool=400 got=25 short=0 | 5.3s
[507] size=17 budget= 1006 C1 valid=57 novel=57 | C2 uniq=30 | C3 draws= 1006 comp= 21 uniq= 21 novel= 21 pruned=   0 bt=510 cap= 8 | C4 pool=400 got=30 short=0 | 8.6s
[508] size=13 budget=  804 C1 valid=64 novel=44 | C2 uniq= 6 | C3 draws=  804 comp= 10 uniq= 10 novel=  9 pruned=   0 bt=555 cap= 5 | C4 pool= 17 got= 6 short=0 | 6.6s
[509] size=15 budget=  427 C1 valid=64 novel= 6 | C2 uniq= 7 | C3 draws=  427 comp=  4 uniq=  4 novel=  1 pruned=   0 bt=355 cap= 5 | C4 pool=  8 got= 7 short=0 | 3.5s
[510] size= 9 budget=  576 C1 valid=64 novel= 0 | C2 uniq= 1 | C3 draws=  576 comp=  1 uniq=  1 novel=  0 pruned=   0 bt=477 cap= 6 | C4 pool=  2 got= 1 short=0 | 4.9s
[511] size=17 budget=  979 C1 valid=47 novel=31 | C2 uniq=20 | C3 draws=  979 comp= 18 uniq= 18 novel= 14 pruned=   0 bt=494 cap= 8 | C4 pool=400 got=20 short=0 | 8.9s
[512] size=17 budget=  389 C1 valid=64 novel= 0 | C2 uniq= 6 | C3 draws=  389 comp=  5 uniq=  5 novel=  0 pruned=   0 bt=313 cap= 4 | C4 pool=  6 got= 6 short=0 | 3.1s
[513] size=11 budget=  664 C1 valid=64 novel=20 | C2 uniq= 2 | C3 draws=  664 comp=  2 uniq=  2 novel=  1 pruned=   0 bt=552 cap= 7 | C4 pool=  2 got= 2 short=0 | 5.7s
[514] size= 9 budget=  321 C1 valid=64 novel= 0 | C2 uniq= 5 | C3 draws=  321 comp=  3 uniq=  3 novel=  0 pruned=   0 bt=268 cap= 3 | C4 pool=  5 got= 5 short=0 | 2.6s
[515] size=17 budget=  480 C1 valid=45 novel= 7 | C2 uniq= 3 | C3 draws=  480 comp=  1 uniq=  1 novel=  0 pruned=   0 bt=410 cap= 6 | C4 pool= 10 got= 3 short=0 | 3.9s
[516] size=13 budget=  432 C1 valid=64 novel=10 | C2 uniq= 9 | C3 draws=  432 comp=  3 uniq=  3 novel=  0 pruned=   0 bt=360 cap= 5 | C4 pool=400 got= 9 short=0 | 3.7s
[517] size=19 budget=  877 C1 valid=62 novel=39 | C2 uniq=29 | C3 draws=  877 comp= 41 uniq= 41 novel= 38 pruned=   0 bt=160 cap= 0 | C4 pool=400 got=29 short=0 | 6.1s
[518] size=13 budget= 1147 C1 valid=54 novel=27 | C2 uniq=34 | C3 draws= 1147 comp= 48 uniq= 48 novel= 40 pruned=   0 bt= 62 cap= 0 | C4 pool=400 got=34 short=0 | 8.2s
[519] size=13 budget=  512 C1 valid=64 novel=64 | C2 uniq= 1 | C3 draws=  512 comp=  1 uniq=  1 novel=  1 pruned=   0 bt=441 cap= 6 | C4 pool=  1 got= 1 short=0 | 4.2s
[520] size=19 budget=  957 C1 valid=45 novel=33 | C2 uniq=15 | C3 draws=  957 comp= 19 uniq= 19 novel= 18 pruned=   0 bt=547 cap= 8 | C4 pool=400 got=15 short=0 | 8.1s
[521] size=19 budget=  429 C1 valid=64 novel= 7 | C2 uniq= 6 | C3 draws=  429 comp=  4 uniq=  4 novel=  1 pruned=   0 bt=346 cap= 5 | C4 pool=  6 got= 6 short=0 | 3.4s
[522] size=19 budget=  416 C1 valid=64 novel= 0 | C2 uniq= 2 | C3 draws=  416 comp=  2 uniq=  2 novel=  0 pruned=   0 bt=347 cap= 5 | C4 pool=  2 got= 2 short=0 | 3.6s
[523] size=15 budget=  512 C1 valid=64 novel= 0 | C2 uniq= 1 | C3 draws=  512 comp=  1 uniq=  1 novel=  0 pruned=   0 bt=448 cap= 6 | C4 pool=  1 got= 1 short=0 | 4.1s
[524] size=19 budget=  918 C1 valid=63 novel=40 | C2 uniq=36 | C3 draws=  918 comp= 22 uniq= 22 novel= 15 pruned=   0 bt=480 cap= 7 | C4 pool=179 got=36 short=0 | 7.2s
[525] size=15 budget=  521 C1 valid=63 novel= 0 | C2 uniq= 1 | C3 draws=  521 comp=  1 uniq=  1 novel=  0 pruned=   0 bt=436 cap= 6 | C4 pool=  1 got= 1 short=0 | 4.4s
[526] size=17 budget=  770 C1 valid=52 novel=23 | C2 uniq=20 | C3 draws=  770 comp=  8 uniq=  8 novel=  5 pruned=   0 bt=580 cap= 8 | C4 pool=400 got=20 short=0 | 6.5s
[527] size=15 budget=  431 C1 valid=64 novel= 0 | C2 uniq= 4 | C3 draws=  431 comp=  4 uniq=  4 novel=  0 pruned=   0 bt=359 cap= 4 | C4 pool=  4 got= 4 short=0 | 3.5s
[528] size=11 budget=  384 C1 valid=64 novel= 0 | C2 uniq= 1 | C3 draws=  384 comp=  1 uniq=  1 novel=  0 pruned=   0 bt=337 cap= 4 | C4 pool=  2 got= 1 short=0 | 3.1s
[529] size= 9 budget=  721 C1 valid=63 novel=31 | C2 uniq=20 | C3 draws=  721 comp=  8 uniq=  8 novel=  6 pruned=   0 bt=523 cap= 6 | C4 pool=400 got=20 short=0 | 5.8s
[530] size=13 budget=  413 C1 valid=61 novel= 2 | C2 uniq= 5 | C3 draws=  413 comp=  3 uniq=  3 novel=  0 pruned=   0 bt=348 cap= 4 | C4 pool=  7 got= 5 short=0 | 3.3s
[531] size=19 budget= 1024 C1 valid=45 novel=27 | C2 uniq=30 | C3 draws= 1024 comp= 22 uniq= 22 novel= 18 pruned=   0 bt=517 cap= 7 | C4 pool=400 got=30 short=0 | 8.5s
[532] size=11 budget=  384 C1 valid=64 novel= 0 | C2 uniq= 1 | C3 draws=  384 comp=  1 uniq=  1 novel=  0 pruned=   0 bt=337 cap= 4 | C4 pool=  1 got= 1 short=0 | 3.1s
[533] size=19 budget=  746 C1 valid=64 novel= 9 | C2 uniq= 9 | C3 draws=  746 comp=  4 uniq=  4 novel=  0 pruned=   0 bt=581 cap= 9 | C4 pool=110 got= 9 short=0 | 6.7s
[534] size=15 budget=  426 C1 valid=64 novel= 4 | C2 uniq= 5 | C3 draws=  426 comp=  4 uniq=  4 novel=  1 pruned=   0 bt=355 cap= 4 | C4 pool=  5 got= 5 short=0 | 3.4s
[535] size=17 budget=  709 C1 valid=64 novel=41 | C2 uniq=29 | C3 draws=  709 comp= 35 uniq= 35 novel= 32 pruned=   0 bt=137 cap= 1 | C4 pool=400 got=29 short=0 | 4.9s
[536] size=13 budget=  448 C1 valid=64 novel= 0 | C2 uniq= 1 | C3 draws=  448 comp=  1 uniq=  1 novel=  0 pruned=   0 bt=387 cap= 5 | C4 pool=  1 got= 1 short=0 | 3.6s
[537] size=15 budget=  256 C1 valid=64 novel= 0 | C2 uniq= 1 | C3 draws=  256 comp=  1 uniq=  1 novel=  0 pruned=   0 bt=219 cap= 3 | C4 pool=  1 got= 1 short=0 | 2.0s
[538] size=15 budget= 1261 C1 valid=64 novel=64 | C2 uniq= 8 | C3 draws= 1261 comp=  8 uniq=  8 novel=  8 pruned=   0 bt=801 cap=13 | C4 pool=400 got= 8 short=0 | 11.9s
[539] size=13 budget=  955 C1 valid=64 novel=48 | C2 uniq=20 | C3 draws=  955 comp= 19 uniq= 19 novel= 17 pruned=   0 bt=516 cap= 7 | C4 pool=400 got=20 short=0 | 7.7s
[540] size=13 budget=  576 C1 valid=64 novel=64 | C2 uniq= 1 | C3 draws=  576 comp=  1 uniq=  1 novel=  1 pruned=   0 bt=504 cap= 6 | C4 pool=  1 got= 1 short=0 | 4.7s
[541] size=13 budget=  558 C1 valid=64 novel= 0 | C2 uniq= 3 | C3 draws=  558 comp=  3 uniq=  3 novel=  0 pruned=   0 bt=449 cap= 6 | C4 pool=  3 got= 3 short=0 | 4.6s
[542] size=13 budget=  384 C1 valid=64 novel= 0 | C2 uniq= 1 | C3 draws=  384 comp=  1 uniq=  1 novel=  0 pruned=   0 bt=333 cap= 4 | C4 pool=  1 got= 1 short=0 | 3.3s
[543] size=11 budget=  384 C1 valid=64 novel= 0 | C2 uniq= 1 | C3 draws=  384 comp=  1 uniq=  1 novel=  0 pruned=   0 bt=337 cap= 4 | C4 pool=  1 got= 1 short=0 | 3.1s
[544] size=11 budget=  320 C1 valid=64 novel= 0 | C2 uniq= 1 | C3 draws=  320 comp=  1 uniq=  1 novel=  0 pruned=   0 bt=283 cap= 3 | C4 pool=  1 got= 1 short=0 | 2.6s
[545] size= 9 budget=  651 C1 valid=63 novel=21 | C2 uniq=20 | C3 draws=  651 comp= 10 uniq= 10 novel=  7 pruned=   0 bt=458 cap= 6 | C4 pool=400 got=20 short=0 | 5.1s
[546] size=13 budget=  384 C1 valid=64 novel= 0 | C2 uniq= 1 | C3 draws=  384 comp=  1 uniq=  1 novel=  0 pruned=   0 bt=333 cap= 4 | C4 pool=  1 got= 1 short=0 | 3.1s
[547] size=15 budget=  425 C1 valid=64 novel= 0 | C2 uniq= 3 | C3 draws=  425 comp=  3 uniq=  3 novel=  0 pruned=   0 bt=356 cap= 5 | C4 pool=  3 got= 3 short=0 | 3.4s
[548] size=11 budget=  808 C1 valid=64 novel=34 | C2 uniq=18 | C3 draws=  808 comp= 27 uniq= 27 novel= 26 pruned=   0 bt=205 cap= 0 | C4 pool=197 got=18 short=0 | 6.1s
[549] size=17 budget=  335 C1 valid=64 novel= 0 | C2 uniq= 2 | C3 draws=  335 comp=  2 uniq=  2 novel=  0 pruned=   0 bt=279 cap= 4 | C4 pool=  2 got= 2 short=0 | 2.7s
[550] size=15 budget=  583 C1 valid=63 novel=63 | C2 uniq= 1 | C3 draws=  583 comp=  1 uniq=  1 novel=  1 pruned=   0 bt=494 cap= 7 | C4 pool=  1 got= 1 short=0 | 4.8s
[551] size=17 budget=  448 C1 valid=64 novel= 0 | C2 uniq= 1 | C3 draws=  448 comp=  1 uniq=  1 novel=  0 pruned=   0 bt=387 cap= 5 | C4 pool=  1 got= 1 short=0 | 3.6s
[552] size=15 budget=  640 C1 valid=64 novel= 0 | C2 uniq= 1 | C3 draws=  640 comp=  1 uniq=  1 novel=  0 pruned=   0 bt=533 cap= 7 | C4 pool=  2 got= 1 short=0 | 5.5s
[553] size=13 budget=  487 C1 valid=61 novel=17 | C2 uniq=10 | C3 draws=  487 comp=  6 uniq=  6 novel=  5 pruned=   0 bt=356 cap= 4 | C4 pool=400 got=10 short=0 | 4.0s
[554] size=19 budget=  576 C1 valid=64 novel= 0 | C2 uniq= 1 | C3 draws=  576 comp=  1 uniq=  1 novel=  0 pruned=   0 bt=479 cap= 7 | C4 pool=  1 got= 1 short=0 | 5.0s
[555] size=17 budget=  512 C1 valid=64 novel= 0 | C2 uniq= 1 | C3 draws=  512 comp=  1 uniq=  1 novel=  0 pruned=   0 bt=441 cap= 6 | C4 pool=  1 got= 1 short=0 | 4.1s
[556] size=11 budget=  414 C1 valid=64 novel= 0 | C2 uniq= 2 | C3 draws=  414 comp=  2 uniq=  2 novel=  0 pruned=   0 bt=360 cap= 4 | C4 pool=  2 got= 2 short=0 | 3.5s
[557] size=11 budget=  384 C1 valid=64 novel= 0 | C2 uniq= 1 | C3 draws=  384 comp=  1 uniq=  1 novel=  0 pruned=   0 bt=337 cap= 4 | C4 pool=  1 got= 1 short=0 | 3.1s
[558] size=13 budget=  918 C1 valid=55 novel=22 | C2 uniq=17 | C3 draws=  918 comp= 36 uniq= 36 novel= 30 pruned=   0 bt= 68 cap= 0 | C4 pool=400 got=17 short=0 | 6.5s
[559] size=19 budget=  256 C1 valid=64 novel= 0 | C2 uniq= 1 | C3 draws=  256 comp=  1 uniq=  1 novel=  0 pruned=   0 bt=219 cap= 3 | C4 pool=  1 got= 1 short=0 | 2.1s
[560] size=15 budget= 1544 C1 valid=40 novel=40 | C2 uniq=37 | C3 draws= 1544 comp= 18 uniq= 18 novel= 18 pruned=   0 bt=864 cap=15 | C4 pool=400 got=37 short=0 | 14.2s
[561] size=13 budget=  319 C1 valid=64 novel= 2 | C2 uniq= 9 | C3 draws=  319 comp=  5 uniq=  5 novel=  1 pruned=   0 bt=257 cap= 3 | C4 pool=  9 got= 9 short=0 | 2.5s
[562] size=17 budget=  528 C1 valid=57 novel=12 | C2 uniq= 6 | C3 draws=  528 comp=  4 uniq=  4 novel=  1 pruned=   0 bt=436 cap= 5 | C4 pool=  8 got= 6 short=0 | 4.2s
[563] size= 9 budget=  384 C1 valid=64 novel= 0 | C2 uniq= 1 | C3 draws=  384 comp=  1 uniq=  1 novel=  0 pruned=   0 bt=333 cap= 4 | C4 pool=  2 got= 1 short=0 | 3.1s
[564] size=15 budget=  384 C1 valid=64 novel= 0 | C2 uniq= 1 | C3 draws=  384 comp=  1 uniq=  1 novel=  0 pruned=   0 bt=338 cap= 4 | C4 pool=  1 got= 1 short=0 | 3.1s
[565] size=19 budget=  345 C1 valid=60 novel= 0 | C2 uniq= 1 | C3 draws=  345 comp=  1 uniq=  1 novel=  0 pruned=   0 bt=296 cap= 4 | C4 pool=  1 got= 1 short=0 | 2.8s
[566] size=13 budget= 1337 C1 valid=54 novel=54 | C2 uniq=53 | C3 draws= 1337 comp= 63 uniq= 63 novel= 62 pruned=   0 bt=  6 cap= 0 | C4 pool=400 got=53 short=0 | 8.8s
[567] size= 9 budget=  915 C1 valid=54 novel=38 | C2 uniq=29 | C3 draws=  915 comp= 46 uniq= 46 novel= 45 pruned=   0 bt= 18 cap= 0 | C4 pool=400 got=29 short=0 | 6.0s
[568] size= 9 budget= 1613 C1 valid= 8 novel= 8 | C2 uniq= 8 | C3 draws= 1613 comp= 33 uniq= 33 novel= 33 pruned=   0 bt=388 cap= 5 | C4 pool=400 got= 8 short=0 | 13.3s
[569] size=13 budget=  320 C1 valid=64 novel= 0 | C2 uniq= 1 | C3 draws=  320 comp=  1 uniq=  1 novel=  0 pruned=   0 bt=279 cap= 3 | C4 pool=  1 got= 1 short=0 | 2.6s
[570] size= 9 budget=  280 C1 valid=64 novel= 0 | C2 uniq= 2 | C3 draws=  280 comp=  2 uniq=  2 novel=  0 pruned=   0 bt=235 cap= 3 | C4 pool=  2 got= 2 short=0 | 2.2s
[571] size=17 budget=  388 C1 valid=64 novel= 0 | C2 uniq= 2 | C3 draws=  388 comp=  1 uniq=  1 novel=  0 pruned=   0 bt=339 cap= 4 | C4 pool=  2 got= 2 short=0 | 3.2s
[572] size=19 budget=  732 C1 valid=64 novel=36 | C2 uniq= 2 | C3 draws=  732 comp=  2 uniq=  2 novel=  1 pruned=   0 bt=580 cap= 9 | C4 pool=  2 got= 2 short=0 | 6.2s
[573] size=11 budget=  576 C1 valid=64 novel= 0 | C2 uniq= 2 | C3 draws=  576 comp=  2 uniq=  2 novel=  0 pruned=   0 bt=473 cap= 6 | C4 pool=  2 got= 2 short=0 | 4.9s
[574] size=17 budget= 1020 C1 valid=23 novel=23 | C2 uniq= 4 | C3 draws= 1020 comp= 11 uniq= 11 novel=  9 pruned=   0 bt=772 cap= 9 | C4 pool= 10 got= 4 short=0 | 8.3s
[575] size=13 budget=  448 C1 valid=64 novel= 0 | C2 uniq= 2 | C3 draws=  448 comp=  2 uniq=  2 novel=  0 pruned=   0 bt=380 cap= 5 | C4 pool=  2 got= 2 short=0 | 3.6s
[576] size=13 budget=  839 C1 valid=58 novel=46 | C2 uniq= 4 | C3 draws=  839 comp=  4 uniq=  4 novel=  3 pruned=   0 bt=648 cap= 9 | C4 pool=  4 got= 4 short=0 | 7.3s
[577] size=19 budget= 1400 C1 valid=55 novel=55 | C2 uniq=10 | C3 draws= 1400 comp=  7 uniq=  7 novel=  7 pruned=   0 bt=879 cap=16 | C4 pool= 10 got=10 short=0 | 13.0s
[578] size= 9 budget=  320 C1 valid=64 novel= 0 | C2 uniq= 1 | C3 draws=  320 comp=  1 uniq=  1 novel=  0 pruned=   0 bt=279 cap= 3 | C4 pool=  1 got= 1 short=0 | 2.6s
[579] size=19 budget=  831 C1 valid=63 novel=63 | C2 uniq= 1 | C3 draws=  831 comp=  1 uniq=  1 novel=  1 pruned=   0 bt=675 cap=10 | C4 pool=  2 got= 1 short=0 | 7.2s
[580] size=17 budget=  399 C1 valid=63 novel= 0 | C2 uniq= 1 | C3 draws=  399 comp=  1 uniq=  1 novel=  0 pruned=   0 bt=341 cap= 5 | C4 pool=  1 got= 1 short=0 | 3.2s
[581] size=17 budget= 1096 C1 valid=37 novel=37 | C2 uniq= 6 | C3 draws= 1096 comp= 17 uniq= 17 novel= 17 pruned=   0 bt=612 cap= 6 | C4 pool=400 got= 6 short=0 | 9.4s
[582] size=15 budget= 1137 C1 valid=40 novel=28 | C2 uniq=18 | C3 draws= 1137 comp= 23 uniq= 23 novel= 20 pruned=   0 bt=522 cap= 6 | C4 pool=400 got=18 short=0 | 9.1s
[583] size=13 budget=  335 C1 valid=62 novel= 0 | C2 uniq= 1 | C3 draws=  335 comp=  1 uniq=  1 novel=  0 pruned=   0 bt=285 cap= 4 | C4 pool=  1 got= 1 short=0 | 2.8s
[584] size=17 budget=  448 C1 valid=64 novel= 0 | C2 uniq= 1 | C3 draws=  448 comp=  1 uniq=  1 novel=  0 pruned=   0 bt=387 cap= 5 | C4 pool=  1 got= 1 short=0 | 3.6s
[585] size=11 budget=  320 C1 valid=64 novel= 0 | C2 uniq= 1 | C3 draws=  320 comp=  1 uniq=  1 novel=  0 pruned=   0 bt=283 cap= 3 | C4 pool=  1 got= 1 short=0 | 2.6s
[586] size=19 budget=  756 C1 valid=55 novel=13 | C2 uniq=13 | C3 draws=  756 comp= 10 uniq= 10 novel=  5 pruned=   0 bt=526 cap= 8 | C4 pool=400 got=13 short=0 | 6.5s
[587] size= 9 budget=  512 C1 valid=64 novel= 0 | C2 uniq= 1 | C3 draws=  512 comp=  1 uniq=  1 novel=  0 pruned=   0 bt=427 cap= 5 | C4 pool=  1 got= 1 short=0 | 4.4s
[588] size=17 budget=  428 C1 valid=64 novel=13 | C2 uniq= 6 | C3 draws=  428 comp=  3 uniq=  3 novel=  1 pruned=   0 bt=341 cap= 5 | C4 pool=  7 got= 6 short=0 | 3.4s
[589] size=15 budget=  617 C1 valid=64 novel=36 | C2 uniq=16 | C3 draws=  617 comp= 28 uniq= 28 novel= 27 pruned=   0 bt=167 cap= 0 | C4 pool=194 got=16 short=0 | 4.3s
[590] size=11 budget=  384 C1 valid=64 novel= 0 | C2 uniq= 1 | C3 draws=  384 comp=  1 uniq=  1 novel=  0 pruned=   0 bt=337 cap= 4 | C4 pool=  1 got= 1 short=0 | 3.1s
[591] size=11 budget=  676 C1 valid=64 novel= 3 | C2 uniq=16 | C3 draws=  676 comp=  9 uniq=  9 novel=  2 pruned=   0 bt=452 cap= 6 | C4 pool= 65 got=16 short=0 | 5.5s
[592] size=19 budget=  917 C1 valid=63 novel=11 | C2 uniq= 8 | C3 draws=  917 comp=  7 uniq=  7 novel=  1 pruned=   0 bt=659 cap=10 | C4 pool= 69 got= 8 short=0 | 8.1s
[593] size=19 budget= 1564 C1 valid=15 novel=15 | C2 uniq=12 | C3 draws= 1564 comp= 11 uniq= 11 novel= 11 pruned=   0 bt=871 cap=15 | C4 pool=400 got=12 short=0 | 14.7s
[594] size=17 budget=  384 C1 valid=64 novel= 0 | C2 uniq= 1 | C3 draws=  384 comp=  1 uniq=  1 novel=  0 pruned=   0 bt=334 cap= 4 | C4 pool=  1 got= 1 short=0 | 3.1s
[595] size=15 budget=  779 C1 valid=62 novel=38 | C2 uniq= 8 | C3 draws=  779 comp=  4 uniq=  4 novel=  3 pruned=   0 bt=629 cap= 8 | C4 pool= 81 got= 8 short=0 | 6.5s
[596] size=11 budget=  439 C1 valid=64 novel=21 | C2 uniq= 3 | C3 draws=  439 comp=  2 uniq=  2 novel=  1 pruned=   0 bt=370 cap= 5 | C4 pool=  3 got= 3 short=0 | 3.6s
[597] size= 9 budget=  320 C1 valid=64 novel= 0 | C2 uniq= 1 | C3 draws=  320 comp=  1 uniq=  1 novel=  0 pruned=   0 bt=279 cap= 3 | C4 pool=  1 got= 1 short=0 | 2.6s
[598] size=19 budget=  428 C1 valid=64 novel= 0 | C2 uniq= 2 | C3 draws=  428 comp=  2 uniq=  2 novel=  0 pruned=   0 bt=366 cap= 5 | C4 pool=  2 got= 2 short=0 | 3.4s
[599] size=15 budget=  448 C1 valid=64 novel= 0 | C2 uniq= 1 | C3 draws=  448 comp=  1 uniq=  1 novel=  0 pruned=   0 bt=392 cap= 5 | C4 pool=  1 got= 1 short=0 | 3.6s
[600] size= 9 budget=  384 C1 valid=64 novel= 0 | C2 uniq= 1 | C3 draws=  384 comp=  1 uniq=  1 novel=  0 pruned=   0 bt=333 cap= 4 | C4 pool=  1 got= 1 short=0 | 3.1s
[601] size=15 budget=  320 C1 valid=64 novel= 0 | C2 uniq= 1 | C3 draws=  320 comp=  1 uniq=  1 novel=  0 pruned=   0 bt=282 cap= 3 | C4 pool=  1 got= 1 short=0 | 2.6s
[602] size= 9 budget=  320 C1 valid=64 novel= 0 | C2 uniq= 1 | C3 draws=  320 comp=  1 uniq=  1 novel=  0 pruned=   0 bt=279 cap= 3 | C4 pool=  1 got= 1 short=0 | 2.6s
[603] size=17 budget=  384 C1 valid=64 novel= 0 | C2 uniq= 1 | C3 draws=  384 comp=  1 uniq=  1 novel=  0 pruned=   0 bt=334 cap= 4 | C4 pool=  1 got= 1 short=0 | 3.1s
[604] size= 9 budget=  384 C1 valid=64 novel= 0 | C2 uniq= 1 | C3 draws=  384 comp=  1 uniq=  1 novel=  0 pruned=   0 bt=333 cap= 4 | C4 pool=  1 got= 1 short=0 | 3.1s
[605] size=17 budget=  335 C1 valid=64 novel= 2 | C2 uniq=11 | C3 draws=  335 comp=  7 uniq=  7 novel=  3 pruned=   0 bt=227 cap= 3 | C4 pool= 15 got=11 short=0 | 2.6s
[606] size=13 budget=  387 C1 valid=64 novel= 0 | C2 uniq= 3 | C3 draws=  387 comp=  2 uniq=  2 novel=  0 pruned=   0 bt=331 cap= 4 | C4 pool=  3 got= 3 short=0 | 3.1s
[607] size=19 budget=  792 C1 valid=56 novel=41 | C2 uniq= 4 | C3 draws=  792 comp=  4 uniq=  4 novel=  2 pruned=   0 bt=609 cap= 9 | C4 pool=  4 got= 4 short=0 | 6.8s
[608] size= 9 budget=  840 C1 valid=63 novel=43 | C2 uniq=30 | C3 draws=  840 comp= 16 uniq= 16 novel= 15 pruned=   0 bt=501 cap= 6 | C4 pool=400 got=30 short=0 | 6.8s
[609] size=19 budget=  384 C1 valid=64 novel= 0 | C2 uniq= 1 | C3 draws=  384 comp=  1 uniq=  1 novel=  0 pruned=   0 bt=335 cap= 5 | C4 pool=  1 got= 1 short=0 | 3.1s
[610] size= 9 budget=  301 C1 valid=64 novel= 1 | C2 uniq= 5 | C3 draws=  301 comp=  5 uniq=  5 novel=  1 pruned=   0 bt=237 cap= 3 | C4 pool=  6 got= 5 short=0 | 2.3s
[611] size=19 budget=  512 C1 valid=64 novel=64 | C2 uniq= 1 | C3 draws=  512 comp=  1 uniq=  1 novel=  1 pruned=   0 bt=447 cap= 6 | C4 pool=  1 got= 1 short=0 | 4.1s
[612] size=15 budget=  448 C1 valid=64 novel= 0 | C2 uniq= 1 | C3 draws=  448 comp=  1 uniq=  1 novel=  0 pruned=   0 bt=392 cap= 5 | C4 pool=  1 got= 1 short=0 | 3.6s
[613] size=19 budget= 1605 C1 valid=46 novel=34 | C2 uniq=35 | C3 draws= 1605 comp= 38 uniq= 38 novel= 36 pruned=   0 bt=379 cap= 7 | C4 pool=400 got=35 short=0 | 13.1s
[614] size=19 budget=  680 C1 valid=59 novel=12 | C2 uniq=16 | C3 draws=  680 comp= 28 uniq= 28 novel= 20 pruned=   0 bt=136 cap= 1 | C4 pool=400 got=16 short=0 | 5.0s
[615] size=19 budget=  841 C1 valid=62 novel=14 | C2 uniq=22 | C3 draws=  841 comp= 25 uniq= 25 novel= 15 pruned=   0 bt=311 cap= 3 | C4 pool=400 got=22 short=0 | 6.7s
[616] size=19 budget=  554 C1 valid=27 novel= 0 | C2 uniq= 1 | C3 draws=  554 comp=  7 uniq=  7 novel=  6 pruned=   0 bt=394 cap= 5 | C4 pool=  3 got= 1 short=0 | 4.5s
[617] size=13 budget=  640 C1 valid=64 novel=64 | C2 uniq= 1 | C3 draws=  640 comp=  1 uniq=  1 novel=  1 pruned=   0 bt=518 cap= 7 | C4 pool=  1 got= 1 short=0 | 5.6s
[618] size= 9 budget=  320 C1 valid=64 novel= 0 | C2 uniq= 1 | C3 draws=  320 comp=  1 uniq=  1 novel=  0 pruned=   0 bt=279 cap= 3 | C4 pool=  1 got= 1 short=0 | 2.5s
[619] size= 9 budget=  320 C1 valid=64 novel= 0 | C2 uniq= 1 | C3 draws=  320 comp=  1 uniq=  1 novel=  0 pruned=   0 bt=279 cap= 3 | C4 pool=  1 got= 1 short=0 | 2.6s
[620] size=11 budget=  724 C1 valid=64 novel=59 | C2 uniq= 4 | C3 draws=  724 comp=  4 uniq=  4 novel=  3 pruned=   0 bt=564 cap= 8 | C4 pool=  8 got= 4 short=0 | 6.1s
[621] size=17 budget=  448 C1 valid=64 novel= 0 | C2 uniq= 1 | C3 draws=  448 comp=  1 uniq=  1 novel=  0 pruned=   0 bt=387 cap= 5 | C4 pool=  1 got= 1 short=0 | 3.6s
[622] size=13 budget=  452 C1 valid=64 novel= 0 | C2 uniq= 4 | C3 draws=  452 comp=  4 uniq=  4 novel=  0 pruned=   0 bt=370 cap= 5 | C4 pool=  4 got= 4 short=0 | 3.5s
[623] size=15 budget=  256 C1 valid=64 novel= 0 | C2 uniq= 1 | C3 draws=  256 comp=  1 uniq=  1 novel=  0 pruned=   0 bt=219 cap= 3 | C4 pool=  1 got= 1 short=0 | 2.1s
[624] size=19 budget=  576 C1 valid=64 novel= 0 | C2 uniq= 1 | C3 draws=  576 comp=  1 uniq=  1 novel=  0 pruned=   0 bt=479 cap= 7 | C4 pool=  1 got= 1 short=0 | 4.8s
[625] size=17 budget=  704 C1 valid=64 novel=64 | C2 uniq= 1 | C3 draws=  704 comp=  2 uniq=  2 novel=  2 pruned=   0 bt=598 cap= 8 | C4 pool=  4 got= 1 short=0 | 6.0s
[626] size=11 budget=  448 C1 valid=64 novel= 0 | C2 uniq= 1 | C3 draws=  448 comp=  1 uniq=  1 novel=  0 pruned=   0 bt=393 cap= 5 | C4 pool=  1 got= 1 short=0 | 3.6s
[627] size=19 budget=  714 C1 valid=38 novel=33 | C2 uniq= 7 | C3 draws=  714 comp=  6 uniq=  6 novel=  6 pruned=   0 bt=533 cap= 8 | C4 pool=192 got= 7 short=0 | 5.9s
[628] size=17 budget=  347 C1 valid=64 novel= 0 | C2 uniq= 2 | C3 draws=  347 comp=  2 uniq=  2 novel=  0 pruned=   0 bt=291 cap= 4 | C4 pool=  2 got= 2 short=0 | 2.8s
[629] size=17 budget=  585 C1 valid=54 novel=54 | C2 uniq= 1 | C3 draws=  585 comp=  1 uniq=  1 novel=  1 pruned=   0 bt=496 cap= 7 | C4 pool=  1 got= 1 short=0 | 4.8s
[630] size= 9 budget=  320 C1 valid=64 novel= 0 | C2 uniq= 1 | C3 draws=  320 comp=  1 uniq=  1 novel=  0 pruned=   0 bt=279 cap= 3 | C4 pool=  1 got= 1 short=0 | 2.6s
[631] size=17 budget=  493 C1 valid=63 novel=20 | C2 uniq= 6 | C3 draws=  493 comp= 12 uniq= 12 novel= 10 pruned=   0 bt=209 cap= 2 | C4 pool= 44 got= 6 short=0 | 4.0s
[632] size= 9 budget=  384 C1 valid=64 novel= 0 | C2 uniq= 2 | C3 draws=  384 comp=  1 uniq=  1 novel=  0 pruned=   0 bt=333 cap= 4 | C4 pool=  2 got= 2 short=0 | 3.1s
[633] size=15 budget=  729 C1 valid=34 novel=28 | C2 uniq=10 | C3 draws=  729 comp=  9 uniq=  9 novel=  8 pruned=   0 bt=542 cap= 6 | C4 pool= 15 got=10 short=0 | 6.0s
[634] size=19 budget=  320 C1 valid=64 novel= 0 | C2 uniq= 1 | C3 draws=  320 comp=  1 uniq=  1 novel=  0 pruned=   0 bt=274 cap= 4 | C4 pool=  1 got= 1 short=0 | 2.6s
[635] size=13 budget=  320 C1 valid=64 novel= 0 | C2 uniq= 1 | C3 draws=  320 comp=  1 uniq=  1 novel=  0 pruned=   0 bt=279 cap= 3 | C4 pool=  1 got= 1 short=0 | 2.6s
[636] size=19 budget= 1215 C1 valid=44 novel=38 | C2 uniq=28 | C3 draws= 1215 comp= 25 uniq= 25 novel= 24 pruned=   0 bt=618 cap= 9 | C4 pool=400 got=28 short=0 | 10.1s
[637] size= 9 budget=  349 C1 valid=64 novel= 0 | C2 uniq= 2 | C3 draws=  349 comp=  2 uniq=  2 novel=  0 pruned=   0 bt=303 cap= 3 | C4 pool=  2 got= 2 short=0 | 2.8s
[638] size=17 budget= 1292 C1 valid=11 novel=11 | C2 uniq= 5 | C3 draws= 1292 comp= 28 uniq= 28 novel= 28 pruned=   0 bt=606 cap= 1 | C4 pool=400 got= 5 short=0 | 10.7s
[639] size=13 budget=  998 C1 valid=57 novel=35 | C2 uniq=25 | C3 draws=  998 comp= 17 uniq= 17 novel= 15 pruned=   0 bt=546 cap= 8 | C4 pool=400 got=25 short=0 | 7.9s
[640] size=19 budget=  469 C1 valid=64 novel=14 | C2 uniq= 6 | C3 draws=  469 comp=  3 uniq=  3 novel=  1 pruned=   0 bt=397 cap= 5 | C4 pool= 20 got= 6 short=0 | 3.7s
[641] size=15 budget=  384 C1 valid=64 novel= 0 | C2 uniq= 1 | C3 draws=  384 comp=  1 uniq=  1 novel=  0 pruned=   0 bt=338 cap= 4 | C4 pool=  1 got= 1 short=0 | 3.1s
[642] size=13 budget=  320 C1 valid=64 novel= 0 | C2 uniq= 1 | C3 draws=  320 comp=  1 uniq=  1 novel=  0 pruned=   0 bt=279 cap= 3 | C4 pool=  1 got= 1 short=0 | 2.6s
[643] size=17 budget= 1112 C1 valid=54 novel=19 | C2 uniq= 2 | C3 draws= 1112 comp=  2 uniq=  2 novel=  1 pruned=   0 bt=807 cap=13 | C4 pool=  3 got= 2 short=0 | 10.0s
[644] size= 7 budget=  304 C1 valid=64 novel= 0 | C2 uniq= 5 | C3 draws=  304 comp=  4 uniq=  4 novel=  0 pruned=   0 bt=257 cap= 3 | C4 pool=  5 got= 5 short=0 | 2.4s
[645] size=13 budget=  384 C1 valid=64 novel= 0 | C2 uniq= 1 | C3 draws=  384 comp=  1 uniq=  1 novel=  0 pruned=   0 bt=333 cap= 4 | C4 pool=  2 got= 1 short=0 | 3.1s
[646] size=15 budget=  512 C1 valid=58 novel= 0 | C2 uniq= 1 | C3 draws=  512 comp=  3 uniq=  3 novel=  2 pruned=   0 bt=409 cap= 5 | C4 pool=  2 got= 1 short=0 | 4.1s
[647] size=17 budget=  384 C1 valid=64 novel= 0 | C2 uniq= 1 | C3 draws=  384 comp=  1 uniq=  1 novel=  0 pruned=   0 bt=334 cap= 4 | C4 pool=  1 got= 1 short=0 | 3.1s
[648] size=13 budget=  419 C1 valid=64 novel= 0 | C2 uniq= 6 | C3 draws=  419 comp=  4 uniq=  4 novel=  0 pruned=   0 bt=347 cap= 4 | C4 pool=  6 got= 6 short=0 | 3.3s
[649] size=19 budget=  425 C1 valid=63 novel= 0 | C2 uniq= 3 | C3 draws=  425 comp=  3 uniq=  3 novel=  0 pruned=   0 bt=357 cap= 5 | C4 pool=  3 got= 3 short=0 | 3.4s
[650] size=11 budget=  335 C1 valid=64 novel= 0 | C2 uniq= 2 | C3 draws=  335 comp=  2 uniq=  2 novel=  0 pruned=   0 bt=289 cap= 3 | C4 pool=  2 got= 2 short=0 | 2.7s
[651] size=11 budget=  320 C1 valid=64 novel= 0 | C2 uniq= 1 | C3 draws=  320 comp=  1 uniq=  1 novel=  0 pruned=   0 bt=283 cap= 3 | C4 pool=  1 got= 1 short=0 | 2.6s
[652] size=19 budget=  520 C1 valid=55 novel=55 | C2 uniq= 4 | C3 draws=  520 comp=  4 uniq=  4 novel=  4 pruned=   0 bt=436 cap= 6 | C4 pool=  4 got= 4 short=0 | 4.1s
[653] size=19 budget=  561 C1 valid=61 novel=24 | C2 uniq= 8 | C3 draws=  561 comp=  4 uniq=  4 novel=  3 pruned=   0 bt=460 cap= 6 | C4 pool=  9 got= 8 short=0 | 4.4s
[654] size=17 budget=  320 C1 valid=64 novel= 0 | C2 uniq= 1 | C3 draws=  320 comp=  1 uniq=  1 novel=  0 pruned=   0 bt=273 cap= 4 | C4 pool=  1 got= 1 short=0 | 2.6s
[655] size=13 budget=  815 C1 valid=64 novel=38 | C2 uniq=26 | C3 draws=  815 comp= 18 uniq= 18 novel= 13 pruned=   0 bt=487 cap= 6 | C4 pool=400 got=26 short=0 | 6.3s
[656] size= 9 budget=  320 C1 valid=64 novel= 0 | C2 uniq= 1 | C3 draws=  320 comp=  1 uniq=  1 novel=  0 pruned=   0 bt=279 cap= 3 | C4 pool=  1 got= 1 short=0 | 2.6s
[657] size=17 budget=  960 C1 valid=64 novel= 0 | C2 uniq= 1 | C3 draws=  960 comp=  1 uniq=  1 novel=  0 pruned=   0 bt=711 cap=12 | C4 pool=  2 got= 1 short=0 | 8.7s
[658] size=13 budget=  320 C1 valid=64 novel= 0 | C2 uniq= 1 | C3 draws=  320 comp=  1 uniq=  1 novel=  0 pruned=   0 bt=279 cap= 3 | C4 pool=  1 got= 1 short=0 | 2.6s
[659] size=19 budget=  640 C1 valid=63 novel=63 | C2 uniq= 1 | C3 draws=  640 comp=  1 uniq=  1 novel=  1 pruned=   0 bt=512 cap= 8 | C4 pool=  2 got= 1 short=0 | 5.6s
[660] size=19 budget= 1499 C1 valid=57 novel=57 | C2 uniq=30 | C3 draws= 1499 comp= 33 uniq= 33 novel= 33 pruned=   0 bt=493 cap= 8 | C4 pool=400 got=30 short=0 | 12.6s
[661] size=15 budget=  512 C1 valid=64 novel= 0 | C2 uniq= 1 | C3 draws=  512 comp=  1 uniq=  1 novel=  0 pruned=   0 bt=427 cap= 6 | C4 pool=  2 got= 1 short=0 | 4.3s
[662] size=19 budget=  448 C1 valid=64 novel= 0 | C2 uniq= 1 | C3 draws=  448 comp=  1 uniq=  1 novel=  0 pruned=   0 bt=393 cap= 5 | C4 pool=  2 got= 1 short=0 | 3.7s
[663] size=15 budget= 1286 C1 valid=44 novel=34 | C2 uniq=25 | C3 draws= 1286 comp= 25 uniq= 25 novel= 24 pruned=   0 bt=560 cap= 9 | C4 pool=400 got=25 short=0 | 10.6s
[664] size=11 budget=  519 C1 valid=47 novel= 0 | C2 uniq= 1 | C3 draws=  519 comp=  1 uniq=  1 novel=  0 pruned=   0 bt=445 cap= 6 | C4 pool=  1 got= 1 short=0 | 4.4s
[665] size=15 budget=  386 C1 valid=64 novel= 0 | C2 uniq= 3 | C3 draws=  386 comp=  3 uniq=  3 novel=  0 pruned=   0 bt=319 cap= 4 | C4 pool=  3 got= 3 short=0 | 3.1s
[666] size=17 budget=  686 C1 valid=57 novel=21 | C2 uniq=16 | C3 draws=  686 comp=  4 uniq=  4 novel=  2 pruned=   0 bt=552 cap= 8 | C4 pool=400 got=16 short=0 | 5.9s
[667] size=13 budget=  384 C1 valid=64 novel= 0 | C2 uniq= 1 | C3 draws=  384 comp=  1 uniq=  1 novel=  0 pruned=   0 bt=333 cap= 4 | C4 pool=  2 got= 1 short=0 | 3.1s
[668] size=19 budget=  829 C1 valid=61 novel=10 | C2 uniq=12 | C3 draws=  829 comp= 10 uniq= 10 novel=  5 pruned=   0 bt=533 cap= 8 | C4 pool=400 got=12 short=0 | 7.9s
[669] size=11 budget=  630 C1 valid=64 novel= 2 | C2 uniq= 3 | C3 draws=  630 comp=  2 uniq=  2 novel=  0 pruned=   0 bt=519 cap= 7 | C4 pool=  4 got= 3 short=0 | 5.3s
[670] size=17 budget= 1074 C1 valid=28 novel=24 | C2 uniq=21 | C3 draws= 1074 comp=  7 uniq=  7 novel=  7 pruned=   0 bt=765 cap=12 | C4 pool=400 got=21 short=0 | 9.4s
[671] size=19 budget=  554 C1 valid=28 novel= 0 | C2 uniq= 1 | C3 draws=  554 comp=  1 uniq=  1 novel=  0 pruned=   0 bt=467 cap= 7 | C4 pool=  1 got= 1 short=0 | 4.6s
[672] size=15 budget=  448 C1 valid=64 novel= 0 | C2 uniq= 1 | C3 draws=  448 comp=  1 uniq=  1 novel=  0 pruned=   0 bt=392 cap= 5 | C4 pool=  1 got= 1 short=0 | 3.6s
[673] size=15 budget=  256 C1 valid=64 novel= 0 | C2 uniq= 1 | C3 draws=  256 comp=  1 uniq=  1 novel=  0 pruned=   0 bt=219 cap= 3 | C4 pool=  1 got= 1 short=0 | 2.1s
[674] size=17 budget=  576 C1 valid=64 novel=64 | C2 uniq= 2 | C3 draws=  576 comp=  2 uniq=  2 novel=  2 pruned=   0 bt=454 cap= 7 | C4 pool=  2 got= 2 short=0 | 5.0s
[675] size=11 budget=  384 C1 valid=64 novel= 0 | C2 uniq= 1 | C3 draws=  384 comp=  1 uniq=  1 novel=  0 pruned=   0 bt=337 cap= 4 | C4 pool=  1 got= 1 short=0 | 3.1s
[676] size=15 budget=  384 C1 valid=64 novel= 0 | C2 uniq= 1 | C3 draws=  384 comp=  1 uniq=  1 novel=  0 pruned=   0 bt=338 cap= 4 | C4 pool=  1 got= 1 short=0 | 3.1s
[677] size=15 budget= 1078 C1 valid=37 novel=37 | C2 uniq= 8 | C3 draws= 1078 comp=  3 uniq=  3 novel=  3 pruned=   0 bt=865 cap=13 | C4 pool= 88 got= 8 short=0 | 9.4s
[678] size=11 budget=  576 C1 valid=64 novel=64 | C2 uniq= 1 | C3 draws=  576 comp=  1 uniq=  1 novel=  1 pruned=   0 bt=490 cap= 6 | C4 pool=  1 got= 1 short=0 | 4.9s
[679] size=13 budget=  443 C1 valid=63 novel= 9 | C2 uniq= 8 | C3 draws=  443 comp=  2 uniq=  2 novel=  0 pruned=   0 bt=374 cap= 5 | C4 pool=400 got= 8 short=0 | 3.8s
[680] size=17 budget=  428 C1 valid=59 novel= 0 | C2 uniq= 1 | C3 draws=  428 comp=  1 uniq=  1 novel=  0 pruned=   0 bt=368 cap= 5 | C4 pool=  1 got= 1 short=0 | 3.5s
[681] size=19 budget=  572 C1 valid=63 novel=16 | C2 uniq= 5 | C3 draws=  572 comp=  5 uniq=  5 novel=  1 pruned=   0 bt=446 cap= 7 | C4 pool=  6 got= 5 short=0 | 4.7s
[682] size=19 budget=  256 C1 valid=64 novel= 0 | C2 uniq= 1 | C3 draws=  256 comp=  1 uniq=  1 novel=  0 pruned=   0 bt=219 cap= 3 | C4 pool=  1 got= 1 short=0 | 2.1s
[683] size= 9 budget=  402 C1 valid=64 novel= 0 | C2 uniq= 3 | C3 draws=  402 comp=  3 uniq=  3 novel=  0 pruned=   0 bt=339 cap= 4 | C4 pool=  4 got= 3 short=0 | 3.2s
[684] size=17 budget= 1379 C1 valid= 2 novel= 2 | C2 uniq= 2 | C3 draws= 1379 comp=  3 uniq=  3 novel=  3 pruned=   0 bt=968 cap=16 | C4 pool=400 got= 2 short=0 | 12.7s
[685] size=19 budget= 1270 C1 valid=61 novel=30 | C2 uniq=25 | C3 draws= 1270 comp= 20 uniq= 20 novel= 15 pruned=   0 bt=591 cap= 9 | C4 pool=400 got=25 short=0 | 12.0s
[686] size=15 budget=  609 C1 valid=58 novel=15 | C2 uniq=10 | C3 draws=  609 comp= 15 uniq= 15 novel= 12 pruned=   0 bt=139 cap= 1 | C4 pool=400 got=10 short=0 | 5.4s
[687] size=19 budget=  738 C1 valid=64 novel=34 | C2 uniq= 3 | C3 draws=  738 comp=  3 uniq=  3 novel=  2 pruned=   0 bt=580 cap= 9 | C4 pool=  3 got= 3 short=0 | 6.2s
[688] size=19 budget=  506 C1 valid=59 novel=15 | C2 uniq= 6 | C3 draws=  506 comp=  2 uniq=  2 novel=  1 pruned=   0 bt=427 cap= 6 | C4 pool= 73 got= 6 short=0 | 4.1s
[689] size=13 budget=  774 C1 valid=64 novel=63 | C2 uniq=17 | C3 draws=  774 comp= 42 uniq= 42 novel= 41 pruned=   0 bt=130 cap= 0 | C4 pool= 97 got=17 short=0 | 5.0s
[690] size=17 budget=  943 C1 valid=64 novel=50 | C2 uniq=21 | C3 draws=  943 comp= 32 uniq= 32 novel= 29 pruned=   0 bt=330 cap= 1 | C4 pool=400 got=21 short=0 | 7.3s
[691] size=11 budget=  393 C1 valid=64 novel= 0 | C2 uniq= 3 | C3 draws=  393 comp=  3 uniq=  3 novel=  0 pruned=   0 bt=331 cap= 4 | C4 pool=  5 got= 3 short=0 | 3.2s
[692] size=11 budget=  320 C1 valid=64 novel= 0 | C2 uniq= 1 | C3 draws=  320 comp=  1 uniq=  1 novel=  0 pruned=   0 bt=283 cap= 3 | C4 pool=  2 got= 1 short=0 | 2.6s
[693] size=19 budget=  384 C1 valid=64 novel= 0 | C2 uniq= 1 | C3 draws=  384 comp=  1 uniq=  1 novel=  0 pruned=   0 bt=335 cap= 5 | C4 pool=  1 got= 1 short=0 | 3.1s
[694] size=19 budget=  384 C1 valid=64 novel= 0 | C2 uniq= 1 | C3 draws=  384 comp=  1 uniq=  1 novel=  0 pruned=   0 bt=335 cap= 5 | C4 pool=  1 got= 1 short=0 | 3.1s
[695] size=19 budget=  512 C1 valid=64 novel=64 | C2 uniq= 1 | C3 draws=  512 comp=  1 uniq=  1 novel=  1 pruned=   0 bt=447 cap= 6 | C4 pool=  2 got= 1 short=0 | 4.3s
[696] size=11 budget=  384 C1 valid=64 novel= 0 | C2 uniq= 1 | C3 draws=  384 comp=  1 uniq=  1 novel=  0 pruned=   0 bt=337 cap= 4 | C4 pool=  1 got= 1 short=0 | 3.1s
[697] size=19 budget=  320 C1 valid=64 novel= 0 | C2 uniq= 1 | C3 draws=  320 comp=  1 uniq=  1 novel=  0 pruned=   0 bt=274 cap= 4 | C4 pool=  1 got= 1 short=0 | 2.6s
[698] size=11 budget=  256 C1 valid=64 novel= 0 | C2 uniq= 1 | C3 draws=  256 comp=  1 uniq=  1 novel=  0 pruned=   0 bt=225 cap= 3 | C4 pool=  1 got= 1 short=0 | 2.1s
[699] size=19 budget=  568 C1 valid=60 novel=60 | C2 uniq= 1 | C3 draws=  568 comp=  1 uniq=  1 novel=  1 pruned=   0 bt=493 cap= 7 | C4 pool=  1 got= 1 short=0 | 4.7s
[700] size=17 budget=  998 C1 valid=64 novel=64 | C2 uniq=21 | C3 draws=  998 comp= 16 uniq= 16 novel= 16 pruned=   0 bt=609 cap= 8 | C4 pool= 48 got=21 short=0 | 8.3s
[701] size=13 budget=  384 C1 valid=64 novel= 0 | C2 uniq= 1 | C3 draws=  384 comp=  1 uniq=  1 novel=  0 pruned=   0 bt=333 cap= 4 | C4 pool=  1 got= 1 short=0 | 3.1s
[702] size=11 budget=  320 C1 valid=64 novel= 0 | C2 uniq= 1 | C3 draws=  320 comp=  1 uniq=  1 novel=  0 pruned=   0 bt=283 cap= 3 | C4 pool=  1 got= 1 short=0 | 2.6s
[703] size=15 budget=  546 C1 valid=62 novel= 6 | C2 uniq= 5 | C3 draws=  546 comp=  2 uniq=  2 novel=  0 pruned=   0 bt=468 cap= 6 | C4 pool=100 got= 5 short=0 | 4.4s
[704] size=11 budget=  448 C1 valid=64 novel= 0 | C2 uniq= 1 | C3 draws=  448 comp=  1 uniq=  1 novel=  0 pruned=   0 bt=393 cap= 5 | C4 pool=  1 got= 1 short=0 | 3.6s
[705] size=15 budget=  880 C1 valid=64 novel=64 | C2 uniq=17 | C3 draws=  880 comp= 18 uniq= 18 novel= 18 pruned=   0 bt=543 cap= 3 | C4 pool=400 got=17 short=0 | 7.3s
[706] size=13 budget=  576 C1 valid=64 novel= 0 | C2 uniq= 1 | C3 draws=  576 comp=  1 uniq=  1 novel=  0 pruned=   0 bt=476 cap= 6 | C4 pool=  1 got= 1 short=0 | 5.1s
[707] size=19 budget= 1605 C1 valid=13 novel=13 | C2 uniq=12 | C3 draws= 1605 comp= 12 uniq= 12 novel= 11 pruned=   0 bt=1082 cap=16 | C4 pool=400 got=12 short=0 | 13.9s
[708] size=17 budget=  320 C1 valid=64 novel= 0 | C2 uniq= 1 | C3 draws=  320 comp=  1 uniq=  1 novel=  0 pruned=   0 bt=273 cap= 4 | C4 pool=  1 got= 1 short=0 | 2.6s
[709] size=15 budget= 1028 C1 valid=64 novel=64 | C2 uniq= 2 | C3 draws= 1028 comp=  2 uniq=  2 novel=  2 pruned=   0 bt=785 cap=12 | C4 pool=  1 got= 1 short=1 | 9.1s
[710] size=17 budget=  384 C1 valid=64 novel= 0 | C2 uniq= 1 | C3 draws=  384 comp=  1 uniq=  1 novel=  0 pruned=   0 bt=334 cap= 4 | C4 pool=  1 got= 1 short=0 | 3.1s
[711] size=15 budget=  320 C1 valid=64 novel= 0 | C2 uniq= 1 | C3 draws=  320 comp=  1 uniq=  1 novel=  0 pruned=   0 bt=282 cap= 3 | C4 pool=  2 got= 1 short=0 | 2.6s
[712] size=17 budget=  371 C1 valid=64 novel= 0 | C2 uniq= 4 | C3 draws=  371 comp=  4 uniq=  4 novel=  0 pruned=   0 bt=302 cap= 4 | C4 pool=  4 got= 4 short=0 | 2.9s
[713] size=15 budget=  320 C1 valid=64 novel= 0 | C2 uniq= 1 | C3 draws=  320 comp=  1 uniq=  1 novel=  0 pruned=   0 bt=282 cap= 3 | C4 pool=  1 got= 1 short=0 | 2.6s
[714] size=13 budget=  576 C1 valid=64 novel=64 | C2 uniq= 1 | C3 draws=  576 comp=  1 uniq=  1 novel=  1 pruned=   0 bt=476 cap= 6 | C4 pool=  1 got= 1 short=0 | 5.0s
[715] size=15 budget=  801 C1 valid=64 novel=33 | C2 uniq=14 | C3 draws=  801 comp=  5 uniq=  5 novel=  4 pruned=   0 bt=595 cap= 9 | C4 pool=400 got=14 short=0 | 7.6s
[716] size=15 budget=  419 C1 valid=64 novel= 6 | C2 uniq= 5 | C3 draws=  419 comp=  2 uniq=  2 novel=  0 pruned=   0 bt=357 cap= 5 | C4 pool=  6 got= 5 short=0 | 3.4s
[717] size=19 budget=  776 C1 valid=54 novel=18 | C2 uniq=16 | C3 draws=  776 comp= 11 uniq= 11 novel=  7 pruned=   0 bt=488 cap= 8 | C4 pool=305 got=16 short=0 | 6.6s
[718] size=17 budget=  549 C1 valid=63 novel= 7 | C2 uniq= 4 | C3 draws=  549 comp=  2 uniq=  2 novel=  0 pruned=   0 bt=471 cap= 6 | C4 pool=  6 got= 4 short=0 | 4.4s
[719] size=11 budget=  664 C1 valid=61 novel=22 | C2 uniq= 5 | C3 draws=  664 comp=  5 uniq=  5 novel=  4 pruned=   0 bt=534 cap= 6 | C4 pool=  2 got= 2 short=3 | 5.3s
[720] size=13 budget=  384 C1 valid=64 novel= 0 | C2 uniq= 1 | C3 draws=  384 comp=  1 uniq=  1 novel=  0 pruned=   0 bt=333 cap= 4 | C4 pool=  2 got= 1 short=0 | 3.1s
[721] size=19 budget=  513 C1 valid=64 novel= 7 | C2 uniq= 6 | C3 draws=  513 comp= 11 uniq= 11 novel=  8 pruned=   0 bt=311 cap= 1 | C4 pool= 10 got= 6 short=0 | 4.2s
[722] size=17 budget=  620 C1 valid=64 novel= 0 | C2 uniq= 5 | C3 draws=  620 comp=  5 uniq=  5 novel=  0 pruned=   0 bt=467 cap= 7 | C4 pool=  9 got= 5 short=0 | 5.1s
[723] size=13 budget=  512 C1 valid=64 novel= 0 | C2 uniq= 1 | C3 draws=  512 comp=  1 uniq=  1 novel=  0 pruned=   0 bt=433 cap= 6 | C4 pool=  1 got= 1 short=0 | 4.3s
[724] size=11 budget=  384 C1 valid=64 novel= 0 | C2 uniq= 1 | C3 draws=  384 comp=  1 uniq=  1 novel=  0 pruned=   0 bt=337 cap= 4 | C4 pool=  2 got= 1 short=0 | 3.1s
[725] size=13 budget=  460 C1 valid=59 novel=20 | C2 uniq= 4 | C3 draws=  460 comp=  3 uniq=  3 novel=  2 pruned=   0 bt=386 cap= 4 | C4 pool=  5 got= 4 short=0 | 3.7s
[726] size=19 budget= 1202 C1 valid=25 novel=25 | C2 uniq=23 | C3 draws= 1202 comp= 41 uniq= 41 novel= 41 pruned=   0 bt=329 cap= 3 | C4 pool=400 got=23 short=0 | 9.0s
[727] size= 9 budget=  343 C1 valid=64 novel= 7 | C2 uniq= 5 | C3 draws=  343 comp=  4 uniq=  4 novel=  1 pruned=   0 bt=281 cap= 3 | C4 pool=  8 got= 5 short=0 | 2.8s
[728] size=13 budget=  320 C1 valid=64 novel= 0 | C2 uniq= 1 | C3 draws=  320 comp=  1 uniq=  1 novel=  0 pruned=   0 bt=279 cap= 3 | C4 pool=  1 got= 1 short=0 | 2.6s
[729] size=19 budget=  320 C1 valid=64 novel= 0 | C2 uniq= 1 | C3 draws=  320 comp=  1 uniq=  1 novel=  0 pruned=   0 bt=274 cap= 4 | C4 pool=  1 got= 1 short=0 | 2.6s
[730] size=19 budget=  384 C1 valid=64 novel= 0 | C2 uniq= 1 | C3 draws=  384 comp=  1 uniq=  1 novel=  0 pruned=   0 bt=335 cap= 5 | C4 pool=  1 got= 1 short=0 | 3.1s
[731] size=13 budget=  832 C1 valid=64 novel=64 | C2 uniq= 1 | C3 draws=  832 comp=  1 uniq=  1 novel=  1 pruned=   0 bt=670 cap=10 | C4 pool=  2 got= 1 short=0 | 7.3s
[732] size=19 budget=  512 C1 valid=64 novel= 0 | C2 uniq= 1 | C3 draws=  512 comp=  1 uniq=  1 novel=  0 pruned=   0 bt=447 cap= 6 | C4 pool=  1 got= 1 short=0 | 4.3s
[733] size=17 budget=  481 C1 valid=29 novel= 1 | C2 uniq= 3 | C3 draws=  481 comp=  5 uniq=  5 novel=  3 pruned=   0 bt=376 cap= 5 | C4 pool= 19 got= 3 short=0 | 3.8s
[734] size=15 budget=  903 C1 valid=63 novel=63 | C2 uniq=11 | C3 draws=  903 comp= 18 uniq= 18 novel= 18 pruned=   0 bt=555 cap= 2 | C4 pool=400 got=11 short=0 | 7.5s
[735] size=11 budget=  348 C1 valid=64 novel= 0 | C2 uniq= 2 | C3 draws=  348 comp=  2 uniq=  2 novel=  0 pruned=   0 bt=300 cap= 4 | C4 pool=  2 got= 2 short=0 | 2.8s
[736] size=19 budget=  723 C1 valid=51 novel=15 | C2 uniq=11 | C3 draws=  723 comp= 17 uniq= 17 novel= 12 pruned=   0 bt=416 cap= 4 | C4 pool=400 got=11 short=0 | 5.5s
[737] size=11 budget=  256 C1 valid=64 novel= 0 | C2 uniq= 1 | C3 draws=  256 comp=  1 uniq=  1 novel=  0 pruned=   0 bt=225 cap= 3 | C4 pool=  1 got= 1 short=0 | 2.1s
[738] size= 7 budget=  347 C1 valid=64 novel= 0 | C2 uniq= 6 | C3 draws=  347 comp=  5 uniq=  5 novel=  0 pruned=   0 bt=283 cap= 3 | C4 pool=  6 got= 6 short=0 | 2.7s
[739] size=15 budget=  384 C1 valid=64 novel= 0 | C2 uniq= 1 | C3 draws=  384 comp=  1 uniq=  1 novel=  0 pruned=   0 bt=338 cap= 4 | C4 pool=  1 got= 1 short=0 | 3.1s
[740] size=11 budget=  256 C1 valid=64 novel= 0 | C2 uniq= 1 | C3 draws=  256 comp=  1 uniq=  1 novel=  0 pruned=   0 bt=225 cap= 3 | C4 pool=  1 got= 1 short=0 | 2.1s
[741] size=15 budget=  835 C1 valid=56 novel=38 | C2 uniq=19 | C3 draws=  835 comp= 13 uniq= 13 novel= 11 pruned=   0 bt=567 cap= 6 | C4 pool=261 got=19 short=0 | 6.8s
[742] size=13 budget=  320 C1 valid=64 novel= 0 | C2 uniq= 1 | C3 draws=  320 comp=  1 uniq=  1 novel=  0 pruned=   0 bt=279 cap= 3 | C4 pool=  1 got= 1 short=0 | 2.6s
[743] size=15 budget=  814 C1 valid=64 novel=64 | C2 uniq= 6 | C3 draws=  814 comp=  4 uniq=  4 novel=  4 pruned=   0 bt=661 cap= 8 | C4 pool=  6 got= 6 short=0 | 6.9s
[744] size=15 budget=  426 C1 valid=64 novel= 5 | C2 uniq= 8 | C3 draws=  426 comp=  5 uniq=  5 novel=  2 pruned=   0 bt=325 cap= 4 | C4 pool=400 got= 8 short=0 | 3.5s
[745] size=19 budget=  882 C1 valid= 9 novel= 9 | C2 uniq= 5 | C3 draws=  882 comp=  3 uniq=  3 novel=  3 pruned=   0 bt=743 cap=11 | C4 pool=239 got= 5 short=0 | 7.5s
[746] size=17 budget=  448 C1 valid=64 novel= 0 | C2 uniq= 1 | C3 draws=  448 comp=  1 uniq=  1 novel=  0 pruned=   0 bt=387 cap= 5 | C4 pool=  1 got= 1 short=0 | 3.6s
[747] size=11 budget=  448 C1 valid=64 novel= 0 | C2 uniq= 1 | C3 draws=  448 comp=  1 uniq=  1 novel=  0 pruned=   0 bt=393 cap= 5 | C4 pool=  1 got= 1 short=0 | 3.6s
[748] size=19 budget=  766 C1 valid=63 novel= 0 | C2 uniq= 5 | C3 draws=  766 comp=  6 uniq=  6 novel=  2 pruned=   0 bt=563 cap= 8 | C4 pool= 11 got= 5 short=0 | 6.5s
[749] size=11 budget=  613 C1 valid=64 novel=37 | C2 uniq= 3 | C3 draws=  613 comp=  3 uniq=  3 novel=  2 pruned=   0 bt=497 cap= 7 | C4 pool=  3 got= 3 short=0 | 5.2s
[750] size=17 budget=  551 C1 valid=64 novel= 0 | C2 uniq= 3 | C3 draws=  551 comp=  3 uniq=  3 novel=  0 pruned=   0 bt=456 cap= 6 | C4 pool=  3 got= 3 short=0 | 4.7s
[751] size=13 budget=  545 C1 valid=64 novel=25 | C2 uniq=12 | C3 draws=  545 comp=  9 uniq=  9 novel=  3 pruned=   0 bt=390 cap= 5 | C4 pool= 24 got=12 short=0 | 4.5s
[752] size=15 budget=  431 C1 valid=64 novel= 4 | C2 uniq= 5 | C3 draws=  431 comp=  3 uniq=  3 novel=  0 pruned=   0 bt=362 cap= 5 | C4 pool=  8 got= 5 short=0 | 3.4s
[753] size=15 budget=  800 C1 valid=59 novel=59 | C2 uniq=15 | C3 draws=  800 comp= 11 uniq= 11 novel= 11 pruned=   0 bt=522 cap= 7 | C4 pool=400 got=15 short=0 | 6.6s
[754] size= 9 budget=  535 C1 valid=64 novel= 0 | C2 uniq= 3 | C3 draws=  535 comp=  3 uniq=  3 novel=  0 pruned=   0 bt=445 cap= 5 | C4 pool=  3 got= 3 short=0 | 4.5s
[755] size= 9 budget=  424 C1 valid=64 novel= 0 | C2 uniq= 4 | C3 draws=  424 comp=  3 uniq=  3 novel=  0 pruned=   0 bt=356 cap= 4 | C4 pool=  4 got= 4 short=0 | 3.4s
[756] size=15 budget=  572 C1 valid=63 novel=63 | C2 uniq= 1 | C3 draws=  572 comp=  1 uniq=  1 novel=  1 pruned=   0 bt=477 cap= 7 | C4 pool=  1 got= 1 short=0 | 4.8s
[757] size=17 budget=  998 C1 valid=41 novel=33 | C2 uniq=18 | C3 draws=  998 comp= 18 uniq= 18 novel= 17 pruned=   0 bt=575 cap= 9 | C4 pool=400 got=18 short=0 | 8.3s
[758] size= 9 budget=  308 C1 valid=64 novel= 4 | C2 uniq= 5 | C3 draws=  308 comp=  3 uniq=  3 novel=  0 pruned=   0 bt=259 cap= 3 | C4 pool=  5 got= 5 short=0 | 2.4s
[759] size=19 budget=  586 C1 valid=51 novel= 0 | C2 uniq= 1 | C3 draws=  586 comp=  1 uniq=  1 novel=  0 pruned=   0 bt=514 cap= 7 | C4 pool=  1 got= 1 short=0 | 4.7s
[760] size=13 budget=  704 C1 valid=64 novel=64 | C2 uniq= 1 | C3 draws=  704 comp=  1 uniq=  1 novel=  1 pruned=   0 bt=588 cap= 8 | C4 pool=  1 got= 1 short=0 | 5.9s
[761] size=11 budget=  384 C1 valid=64 novel= 0 | C2 uniq= 1 | C3 draws=  384 comp=  1 uniq=  1 novel=  0 pruned=   0 bt=337 cap= 4 | C4 pool=  1 got= 1 short=0 | 3.1s
[762] size= 9 budget= 1031 C1 valid=61 novel=51 | C2 uniq=46 | C3 draws= 1031 comp= 57 uniq= 57 novel= 55 pruned=   0 bt= 10 cap= 0 | C4 pool=400 got=46 short=0 | 6.6s
[763] size= 9 budget=  408 C1 valid=64 novel=14 | C2 uniq= 8 | C3 draws=  408 comp=  3 uniq=  3 novel=  2 pruned=   0 bt=339 cap= 4 | C4 pool=187 got= 8 short=0 | 3.3s
[764] size= 9 budget=  576 C1 valid=64 novel= 0 | C2 uniq= 1 | C3 draws=  576 comp=  1 uniq=  1 novel=  0 pruned=   0 bt=496 cap= 6 | C4 pool=  2 got= 1 short=0 | 4.9s
[765] size=13 budget=  361 C1 valid=64 novel= 4 | C2 uniq= 4 | C3 draws=  361 comp=  1 uniq=  1 novel=  0 pruned=   0 bt=311 cap= 4 | C4 pool=  5 got= 4 short=0 | 2.9s
[766] size=15 budget=  659 C1 valid=54 novel=17 | C2 uniq=21 | C3 draws=  659 comp= 19 uniq= 19 novel= 14 pruned=   0 bt=376 cap= 3 | C4 pool=400 got=21 short=0 | 5.1s
[767] size=17 budget=  324 C1 valid=62 novel= 0 | C2 uniq= 1 | C3 draws=  324 comp=  1 uniq=  1 novel=  0 pruned=   0 bt=269 cap= 4 | C4 pool=  1 got= 1 short=0 | 2.7s
[768] size=17 budget=  576 C1 valid=46 novel= 7 | C2 uniq= 3 | C3 draws=  576 comp=  3 uniq=  3 novel=  2 pruned=   0 bt=447 cap= 6 | C4 pool=  3 got= 3 short=0 | 5.0s
[769] size=17 budget=  576 C1 valid=64 novel=16 | C2 uniq= 2 | C3 draws=  576 comp=  2 uniq=  2 novel=  1 pruned=   0 bt=486 cap= 7 | C4 pool=  2 got= 2 short=0 | 4.5s
[770] size=17 budget=  380 C1 valid=63 novel= 9 | C2 uniq= 4 | C3 draws=  380 comp=  2 uniq=  2 novel=  0 pruned=   0 bt=322 cap= 4 | C4 pool=  4 got= 4 short=0 | 3.1s
[771] size=19 budget=  448 C1 valid=64 novel= 0 | C2 uniq= 1 | C3 draws=  448 comp=  1 uniq=  1 novel=  0 pruned=   0 bt=393 cap= 5 | C4 pool=  1 got= 1 short=0 | 3.6s
[772] size=15 budget=  256 C1 valid=64 novel= 0 | C2 uniq= 1 | C3 draws=  256 comp=  1 uniq=  1 novel=  0 pruned=   0 bt=219 cap= 3 | C4 pool=  1 got= 1 short=0 | 2.1s
[773] size=15 budget=  758 C1 valid=62 novel=51 | C2 uniq=10 | C3 draws=  758 comp= 13 uniq= 13 novel= 12 pruned=   0 bt=451 cap= 5 | C4 pool= 44 got=10 short=0 | 6.9s
[774] size= 9 budget=  320 C1 valid=64 novel= 0 | C2 uniq= 1 | C3 draws=  320 comp=  1 uniq=  1 novel=  0 pruned=   0 bt=279 cap= 3 | C4 pool=  1 got= 1 short=0 | 2.6s
[775] size=17 budget=  576 C1 valid=64 novel= 0 | C2 uniq= 1 | C3 draws=  576 comp=  1 uniq=  1 novel=  0 pruned=   0 bt=487 cap= 7 | C4 pool=  1 got= 1 short=0 | 4.8s
[776] size=11 budget=  490 C1 valid=64 novel= 1 | C2 uniq= 6 | C3 draws=  490 comp=  4 uniq=  4 novel=  0 pruned=   0 bt=392 cap= 5 | C4 pool=  8 got= 6 short=0 | 4.0s
[777] size=19 budget= 1261 C1 valid=60 novel=60 | C2 uniq=18 | C3 draws= 1261 comp= 19 uniq= 19 novel= 19 pruned=   0 bt=661 cap= 9 | C4 pool=200 got=18 short=0 | 10.8s
[778] size=13 budget=  890 C1 valid=57 novel=55 | C2 uniq=18 | C3 draws=  890 comp=  5 uniq=  5 novel=  3 pruned=   0 bt=668 cap=10 | C4 pool=400 got=18 short=0 | 8.0s
[779] size=13 budget=  504 C1 valid=44 novel= 0 | C2 uniq= 1 | C3 draws=  504 comp=  1 uniq=  1 novel=  0 pruned=   0 bt=421 cap= 6 | C4 pool=  1 got= 1 short=0 | 4.3s
[780] size=15 budget= 1032 C1 valid=63 novel=14 | C2 uniq=14 | C3 draws= 1032 comp=  6 uniq=  6 novel=  2 pruned=   0 bt=780 cap=10 | C4 pool=400 got=14 short=0 | 9.0s
[781] size=11 budget=  364 C1 valid=64 novel= 9 | C2 uniq= 3 | C3 draws=  364 comp=  3 uniq=  3 novel=  1 pruned=   0 bt=301 cap= 4 | C4 pool=  4 got= 3 short=0 | 2.9s
[782] size=19 budget= 1340 C1 valid=48 novel=38 | C2 uniq=25 | C3 draws= 1340 comp= 33 uniq= 33 novel= 30 pruned=   0 bt=539 cap= 6 | C4 pool=400 got=25 short=0 | 10.6s
[783] size=11 budget=  724 C1 valid=64 novel=37 | C2 uniq=16 | C3 draws=  724 comp= 10 uniq= 10 novel=  9 pruned=   0 bt=526 cap= 6 | C4 pool= 87 got=16 short=0 | 5.6s
[784] size=15 budget= 1100 C1 valid=55 novel=42 | C2 uniq=24 | C3 draws= 1100 comp= 23 uniq= 23 novel= 17 pruned=   0 bt=542 cap= 8 | C4 pool=400 got=24 short=0 | 9.1s
[785] size=11 budget=  963 C1 valid=63 novel=39 | C2 uniq=32 | C3 draws=  963 comp=  9 uniq=  9 novel=  7 pruned=   0 bt=697 cap=10 | C4 pool=400 got=32 short=0 | 8.3s
[786] size=15 budget=  708 C1 valid=59 novel=26 | C2 uniq=21 | C3 draws=  708 comp=  6 uniq=  6 novel=  4 pruned=   0 bt=584 cap= 6 | C4 pool=400 got=21 short=0 | 5.8s
[787] size=19 budget=  386 C1 valid=62 novel= 0 | C2 uniq= 1 | C3 draws=  386 comp=  1 uniq=  1 novel=  0 pruned=   0 bt=335 cap= 5 | C4 pool=  1 got= 1 short=0 | 3.1s
[788] size=15 budget=  427 C1 valid=64 novel= 4 | C2 uniq= 5 | C3 draws=  427 comp=  4 uniq=  4 novel=  1 pruned=   0 bt=355 cap= 5 | C4 pool=  6 got= 5 short=0 | 3.4s
[789] size= 9 budget=  384 C1 valid=64 novel= 0 | C2 uniq= 1 | C3 draws=  384 comp=  1 uniq=  1 novel=  0 pruned=   0 bt=333 cap= 4 | C4 pool=  2 got= 1 short=0 | 3.1s
[790] size=19 budget=  652 C1 valid=61 novel=29 | C2 uniq= 4 | C3 draws=  652 comp=  5 uniq=  5 novel=  3 pruned=   0 bt=495 cap= 7 | C4 pool=  4 got= 4 short=0 | 5.5s
[791] size=11 budget=  448 C1 valid=64 novel= 0 | C2 uniq= 1 | C3 draws=  448 comp=  1 uniq=  1 novel=  0 pruned=   0 bt=393 cap= 5 | C4 pool=  1 got= 1 short=0 | 3.6s
[792] size=15 budget=  384 C1 valid=64 novel= 0 | C2 uniq= 2 | C3 draws=  384 comp=  2 uniq=  2 novel=  0 pruned=   0 bt=331 cap= 4 | C4 pool=  2 got= 2 short=0 | 3.1s
[793] size=17 budget=  320 C1 valid=64 novel= 0 | C2 uniq= 1 | C3 draws=  320 comp=  1 uniq=  1 novel=  0 pruned=   0 bt=273 cap= 4 | C4 pool=  1 got= 1 short=0 | 2.6s
[794] size=11 budget=  503 C1 valid=64 novel= 0 | C2 uniq= 2 | C3 draws=  503 comp=  2 uniq=  2 novel=  0 pruned=   0 bt=414 cap= 5 | C4 pool=  2 got= 2 short=0 | 4.3s
[795] size=15 budget=  333 C1 valid=64 novel= 0 | C2 uniq= 6 | C3 draws=  333 comp=  3 uniq=  3 novel=  0 pruned=   0 bt=284 cap= 4 | C4 pool=  7 got= 6 short=0 | 2.7s
[796] size=19 budget= 1283 C1 valid=40 novel=39 | C2 uniq=28 | C3 draws= 1283 comp= 36 uniq= 36 novel= 35 pruned=   0 bt=471 cap= 1 | C4 pool=400 got=28 short=0 | 10.9s
[797] size=15 budget= 1641 C1 valid=59 novel=59 | C2 uniq=41 | C3 draws= 1641 comp= 42 uniq= 42 novel= 42 pruned=   0 bt=370 cap= 6 | C4 pool=400 got=41 short=0 | 13.6s
[798] size= 9 budget=  384 C1 valid=64 novel= 0 | C2 uniq= 1 | C3 draws=  384 comp=  1 uniq=  1 novel=  0 pruned=   0 bt=333 cap= 4 | C4 pool=  1 got= 1 short=0 | 3.1s
[799] size=13 budget=  256 C1 valid=64 novel= 0 | C2 uniq= 1 | C3 draws=  256 comp=  1 uniq=  1 novel=  0 pruned=   0 bt=217 cap= 3 | C4 pool=  1 got= 1 short=0 | 2.0s
[800] size= 9 budget=  304 C1 valid=64 novel= 0 | C2 uniq= 2 | C3 draws=  304 comp=  1 uniq=  1 novel=  0 pruned=   0 bt=263 cap= 3 | C4 pool=  2 got= 2 short=0 | 2.4s
[801] size=13 budget=  384 C1 valid=64 novel= 0 | C2 uniq= 1 | C3 draws=  384 comp=  1 uniq=  1 novel=  0 pruned=   0 bt=333 cap= 4 | C4 pool=  1 got= 1 short=0 | 3.1s
[802] size= 9 budget=  320 C1 valid=64 novel= 0 | C2 uniq= 1 | C3 draws=  320 comp=  1 uniq=  1 novel=  0 pruned=   0 bt=279 cap= 3 | C4 pool=  1 got= 1 short=0 | 2.6s
[803] size=19 budget= 1129 C1 valid=50 novel=49 | C2 uniq=17 | C3 draws= 1129 comp= 19 uniq= 19 novel= 18 pruned=   0 bt=591 cap= 7 | C4 pool=400 got=17 short=0 | 9.9s
[804] size=15 budget=  785 C1 valid=61 novel=30 | C2 uniq=26 | C3 draws=  785 comp= 13 uniq= 13 novel= 11 pruned=   0 bt=493 cap= 7 | C4 pool=400 got=26 short=0 | 6.3s
[805] size=13 budget=  850 C1 valid=64 novel=52 | C2 uniq=16 | C3 draws=  850 comp=  8 uniq=  8 novel=  8 pruned=   0 bt=593 cap= 8 | C4 pool= 97 got=16 short=0 | 7.2s
[806] size= 9 budget=  349 C1 valid=64 novel= 0 | C2 uniq= 7 | C3 draws=  349 comp=  5 uniq=  5 novel=  0 pruned=   0 bt=284 cap= 3 | C4 pool=  7 got= 7 short=0 | 2.7s
[807] size=19 budget=  985 C1 valid=60 novel=33 | C2 uniq=21 | C3 draws=  985 comp= 11 uniq= 11 novel=  8 pruned=   0 bt=675 cap= 9 | C4 pool=400 got=21 short=0 | 8.4s
[808] size=13 budget=  480 C1 valid=64 novel= 2 | C2 uniq= 4 | C3 draws=  480 comp=  2 uniq=  2 novel=  1 pruned=   0 bt=405 cap= 5 | C4 pool=  4 got= 4 short=0 | 3.9s
[809] size=19 budget=  800 C1 valid=57 novel=24 | C2 uniq=16 | C3 draws=  800 comp=  8 uniq=  8 novel=  4 pruned=   0 bt=595 cap= 9 | C4 pool=400 got=16 short=0 | 6.6s
[810] size=19 budget= 1425 C1 valid=60 novel=60 | C2 uniq=41 | C3 draws= 1425 comp= 33 uniq= 33 novel= 33 pruned=   0 bt=527 cap= 7 | C4 pool=400 got=41 short=0 | 11.4s
[811] size=13 budget=  565 C1 valid=11 novel= 0 | C2 uniq= 1 | C3 draws=  565 comp=  1 uniq=  1 novel=  0 pruned=   0 bt=498 cap= 6 | C4 pool=  1 got= 1 short=0 | 4.7s
[812] size=13 budget=  508 C1 valid=64 novel=31 | C2 uniq= 6 | C3 draws=  508 comp= 17 uniq= 17 novel= 15 pruned=   0 bt=272 cap= 0 | C4 pool= 28 got= 6 short=0 | 3.9s
[813] size=15 budget=  932 C1 valid=62 novel= 3 | C2 uniq=17 | C3 draws=  932 comp= 12 uniq= 12 novel=  3 pruned=   0 bt=595 cap= 8 | C4 pool=400 got=17 short=0 | 8.7s
[814] size= 9 budget=  384 C1 valid=64 novel= 0 | C2 uniq= 1 | C3 draws=  384 comp=  1 uniq=  1 novel=  0 pruned=   0 bt=333 cap= 4 | C4 pool=  1 got= 1 short=0 | 3.1s
[815] size=19 budget=  320 C1 valid=64 novel= 0 | C2 uniq= 1 | C3 draws=  320 comp=  1 uniq=  1 novel=  0 pruned=   0 bt=274 cap= 4 | C4 pool=  1 got= 1 short=0 | 2.6s
[816] size=19 budget=  473 C1 valid=25 novel=25 | C2 uniq= 1 | C3 draws=  473 comp=  2 uniq=  2 novel=  2 pruned=   0 bt=415 cap= 6 | C4 pool=  2 got= 1 short=0 | 3.8s
[817] size=13 budget=  384 C1 valid=64 novel= 0 | C2 uniq= 1 | C3 draws=  384 comp=  1 uniq=  1 novel=  0 pruned=   0 bt=333 cap= 4 | C4 pool=  1 got= 1 short=0 | 3.1s
[818] size=19 budget=  576 C1 valid=64 novel= 0 | C2 uniq= 1 | C3 draws=  576 comp=  1 uniq=  1 novel=  0 pruned=   0 bt=479 cap= 7 | C4 pool=  1 got= 1 short=0 | 4.8s
[819] size=11 budget=  512 C1 valid=64 novel= 0 | C2 uniq= 1 | C3 draws=  512 comp=  1 uniq=  1 novel=  0 pruned=   0 bt=432 cap= 6 | C4 pool=  1 got= 1 short=0 | 4.2s
[820] size=11 budget=  384 C1 valid=64 novel= 0 | C2 uniq= 1 | C3 draws=  384 comp=  1 uniq=  1 novel=  0 pruned=   0 bt=337 cap= 4 | C4 pool=  1 got= 1 short=0 | 3.1s
[821] size= 9 budget=  384 C1 valid=48 novel= 0 | C2 uniq= 2 | C3 draws=  384 comp=  2 uniq=  2 novel=  0 pruned=   0 bt=327 cap= 4 | C4 pool=  2 got= 2 short=0 | 3.0s
[822] size=17 budget=  430 C1 valid=64 novel= 0 | C2 uniq= 3 | C3 draws=  430 comp=  2 uniq=  2 novel=  0 pruned=   0 bt=363 cap= 5 | C4 pool=  3 got= 3 short=0 | 3.4s
[823] size=15 budget=  403 C1 valid=64 novel= 0 | C2 uniq= 5 | C3 draws=  403 comp=  3 uniq=  3 novel=  0 pruned=   0 bt=343 cap= 4 | C4 pool=  6 got= 5 short=0 | 3.2s
[824] size=15 budget=  505 C1 valid=64 novel=15 | C2 uniq= 4 | C3 draws=  505 comp=  5 uniq=  5 novel=  2 pruned=   0 bt=405 cap= 5 | C4 pool=  5 got= 4 short=0 | 4.0s
[825] size=11 budget=  700 C1 valid=61 novel=33 | C2 uniq=26 | C3 draws=  700 comp= 17 uniq= 17 novel= 11 pruned=   0 bt=437 cap= 5 | C4 pool=400 got=26 short=0 | 5.3s
[826] size=19 budget=  704 C1 valid=64 novel=64 | C2 uniq= 1 | C3 draws=  704 comp=  1 uniq=  1 novel=  1 pruned=   0 bt=563 cap= 9 | C4 pool=  1 got= 1 short=0 | 6.2s
[827] size=19 budget=  858 C1 valid=64 novel=64 | C2 uniq= 2 | C3 draws=  858 comp=  2 uniq=  2 novel=  2 pruned=   0 bt=660 cap=11 | C4 pool=  2 got= 2 short=0 | 7.6s
[828] size=19 budget=  718 C1 valid=63 novel= 0 | C2 uniq= 1 | C3 draws=  718 comp=  1 uniq=  1 novel=  0 pruned=   0 bt=574 cap= 9 | C4 pool=  1 got= 1 short=0 | 6.3s
[829] size=17 budget=  838 C1 valid=61 novel=61 | C2 uniq=13 | C3 draws=  838 comp= 21 uniq= 21 novel= 21 pruned=   0 bt=449 cap= 1 | C4 pool=400 got=13 short=0 | 6.8s
[830] size=17 budget=  752 C1 valid=27 novel=27 | C2 uniq= 1 | C3 draws=  752 comp=  4 uniq=  4 novel=  4 pruned=   0 bt=605 cap= 8 | C4 pool=  1 got= 1 short=0 | 6.1s
[831] size=19 budget=  386 C1 valid=63 novel= 0 | C2 uniq= 2 | C3 draws=  386 comp=  2 uniq=  2 novel=  0 pruned=   0 bt=335 cap= 4 | C4 pool=  2 got= 2 short=0 | 3.1s
[832] size=11 budget=  336 C1 valid=64 novel= 2 | C2 uniq= 3 | C3 draws=  336 comp=  1 uniq=  1 novel=  0 pruned=   0 bt=298 cap= 3 | C4 pool=400 got= 3 short=0 | 2.8s
[833] size=19 budget= 1068 C1 valid=15 novel=15 | C2 uniq= 9 | C3 draws= 1068 comp=  9 uniq=  9 novel=  9 pruned=   0 bt=804 cap=12 | C4 pool=400 got= 9 short=0 | 8.9s
[834] size=15 budget=  856 C1 valid=63 novel= 0 | C2 uniq= 5 | C3 draws=  856 comp=  6 uniq=  6 novel=  2 pruned=   0 bt=635 cap= 8 | C4 pool= 22 got= 5 short=0 | 7.3s
[835] size=17 budget=  739 C1 valid=25 novel= 0 | C2 uniq= 1 | C3 draws=  739 comp=  1 uniq=  1 novel=  0 pruned=   0 bt=630 cap= 9 | C4 pool=  1 got= 1 short=0 | 6.2s
[836] size=17 budget=  384 C1 valid=64 novel= 0 | C2 uniq= 1 | C3 draws=  384 comp=  1 uniq=  1 novel=  0 pruned=   0 bt=334 cap= 4 | C4 pool=  1 got= 1 short=0 | 3.1s
[837] size=17 budget=  384 C1 valid=64 novel= 0 | C2 uniq= 1 | C3 draws=  384 comp=  1 uniq=  1 novel=  0 pruned=   0 bt=334 cap= 4 | C4 pool=  2 got= 1 short=0 | 3.1s
[838] size=11 budget= 1094 C1 valid=61 novel=59 | C2 uniq=44 | C3 draws= 1094 comp= 37 uniq= 37 novel= 36 pruned=   0 bt=332 cap= 4 | C4 pool=400 got=44 short=0 | 7.9s
[839] size=15 budget=  704 C1 valid=64 novel=64 | C2 uniq= 1 | C3 draws=  704 comp=  1 uniq=  1 novel=  1 pruned=   0 bt=585 cap= 8 | C4 pool=  2 got= 1 short=0 | 5.9s
[840] size=11 budget=  384 C1 valid=64 novel= 0 | C2 uniq= 1 | C3 draws=  384 comp=  1 uniq=  1 novel=  0 pruned=   0 bt=337 cap= 4 | C4 pool=  1 got= 1 short=0 | 3.1s
[841] size=15 budget=  525 C1 valid=64 novel=14 | C2 uniq= 9 | C3 draws=  525 comp=  2 uniq=  2 novel=  0 pruned=   0 bt=455 cap= 6 | C4 pool= 14 got= 9 short=0 | 4.2s
[842] size=19 budget=  537 C1 valid=54 novel= 0 | C2 uniq= 2 | C3 draws=  537 comp=  2 uniq=  2 novel=  0 pruned=   0 bt=429 cap= 6 | C4 pool=  2 got= 2 short=0 | 4.6s
[843] size=17 budget=  659 C1 valid=61 novel= 6 | C2 uniq= 8 | C3 draws=  659 comp=  3 uniq=  3 novel=  1 pruned=   0 bt=544 cap= 8 | C4 pool= 87 got= 8 short=0 | 5.4s
[844] size=19 budget=  460 C1 valid=64 novel= 0 | C2 uniq= 3 | C3 draws=  460 comp=  3 uniq=  3 novel=  0 pruned=   0 bt=377 cap= 5 | C4 pool=  6 got= 3 short=0 | 3.7s
[845] size=19 budget=  756 C1 valid=64 novel=58 | C2 uniq=19 | C3 draws=  756 comp= 42 uniq= 42 novel= 41 pruned=   0 bt=124 cap= 0 | C4 pool= 97 got=19 short=0 | 4.9s
[846] size=13 budget=  644 C1 valid=63 novel=18 | C2 uniq=19 | C3 draws=  644 comp= 28 uniq= 28 novel= 22 pruned=   0 bt= 90 cap= 1 | C4 pool=400 got=19 short=0 | 4.6s
[847] size=15 budget=  491 C1 valid=64 novel=10 | C2 uniq= 8 | C3 draws=  491 comp=  5 uniq=  5 novel=  2 pruned=   0 bt=393 cap= 5 | C4 pool= 12 got= 8 short=0 | 3.9s
[848] size=11 budget=  431 C1 valid=63 novel= 0 | C2 uniq= 2 | C3 draws=  431 comp=  2 uniq=  2 novel=  0 pruned=   0 bt=375 cap= 5 | C4 pool=  2 got= 2 short=0 | 3.5s
[849] size=11 budget=  320 C1 valid=64 novel= 0 | C2 uniq= 2 | C3 draws=  320 comp=  2 uniq=  2 novel=  0 pruned=   0 bt=279 cap= 3 | C4 pool=  2 got= 2 short=0 | 2.6s
[850] size=11 budget=  256 C1 valid=64 novel= 0 | C2 uniq= 1 | C3 draws=  256 comp=  1 uniq=  1 novel=  0 pruned=   0 bt=225 cap= 3 | C4 pool=  1 got= 1 short=0 | 2.1s
[851] size=11 budget=  320 C1 valid=64 novel= 0 | C2 uniq= 1 | C3 draws=  320 comp=  1 uniq=  1 novel=  0 pruned=   0 bt=283 cap= 3 | C4 pool=  1 got= 1 short=0 | 2.6s
[852] size=13 budget=  320 C1 valid=64 novel= 0 | C2 uniq= 1 | C3 draws=  320 comp=  1 uniq=  1 novel=  0 pruned=   0 bt=279 cap= 3 | C4 pool=  1 got= 1 short=0 | 2.6s
[853] size=15 budget=  734 C1 valid=37 novel= 9 | C2 uniq= 6 | C3 draws=  734 comp=  5 uniq=  5 novel=  4 pruned=   0 bt=590 cap= 8 | C4 pool= 27 got= 6 short=0 | 6.1s
[854] size=19 budget=  598 C1 valid=64 novel=30 | C2 uniq= 2 | C3 draws=  598 comp=  2 uniq=  2 novel=  1 pruned=   0 bt=503 cap= 7 | C4 pool=  2 got= 2 short=0 | 4.9s
[855] size=19 budget=  659 C1 valid=64 novel= 8 | C2 uniq=10 | C3 draws=  659 comp=  7 uniq=  7 novel=  1 pruned=   0 bt=518 cap= 7 | C4 pool= 25 got=10 short=0 | 5.2s
[856] size=19 budget=  848 C1 valid=54 novel=27 | C2 uniq= 8 | C3 draws=  848 comp= 12 uniq= 12 novel= 11 pruned=   0 bt=482 cap= 6 | C4 pool=400 got= 8 short=0 | 7.9s
[857] size=15 budget=  336 C1 valid=61 novel= 0 | C2 uniq= 1 | C3 draws=  336 comp=  1 uniq=  1 novel=  0 pruned=   0 bt=281 cap= 4 | C4 pool=  1 got= 1 short=0 | 2.8s
[858] size=15 budget=  256 C1 valid=64 novel= 0 | C2 uniq= 1 | C3 draws=  256 comp=  1 uniq=  1 novel=  0 pruned=   0 bt=219 cap= 3 | C4 pool=  1 got= 1 short=0 | 2.1s
[859] size= 9 budget=  500 C1 valid=64 novel=15 | C2 uniq=15 | C3 draws=  500 comp=  4 uniq=  4 novel=  1 pruned=   0 bt=409 cap= 5 | C4 pool=400 got=15 short=0 | 4.1s
[860] size=19 budget=  512 C1 valid=64 novel= 0 | C2 uniq= 1 | C3 draws=  512 comp=  1 uniq=  1 novel=  0 pruned=   0 bt=447 cap= 6 | C4 pool=  1 got= 1 short=0 | 4.1s
[861] size=17 budget=  318 C1 valid=64 novel= 5 | C2 uniq= 8 | C3 draws=  318 comp=  2 uniq=  2 novel=  0 pruned=   0 bt=272 cap= 4 | C4 pool= 16 got= 8 short=0 | 2.5s
[862] size=17 budget=  320 C1 valid=64 novel= 0 | C2 uniq= 1 | C3 draws=  320 comp=  1 uniq=  1 novel=  0 pruned=   0 bt=273 cap= 4 | C4 pool=  1 got= 1 short=0 | 2.5s
[863] size=17 budget=  590 C1 valid=63 novel=36 | C2 uniq= 9 | C3 draws=  590 comp= 11 uniq= 11 novel=  9 pruned=   0 bt=425 cap= 4 | C4 pool= 11 got= 9 short=0 | 4.6s
[864] size=19 budget=  875 C1 valid=63 novel=37 | C2 uniq= 6 | C3 draws=  875 comp=  5 uniq=  5 novel=  3 pruned=   0 bt=662 cap=10 | C4 pool=  8 got= 6 short=0 | 7.6s
[865] size=13 budget=  449 C1 valid=63 novel= 0 | C2 uniq= 1 | C3 draws=  449 comp=  1 uniq=  1 novel=  0 pruned=   0 bt=388 cap= 5 | C4 pool=  1 got= 1 short=0 | 3.6s
[866] size=11 budget=  536 C1 valid=64 novel= 9 | C2 uniq= 5 | C3 draws=  536 comp=  4 uniq=  4 novel=  2 pruned=   0 bt=431 cap= 5 | C4 pool=  9 got= 5 short=0 | 5.0s
[867] size=11 budget=  448 C1 valid=64 novel= 0 | C2 uniq= 1 | C3 draws=  448 comp=  1 uniq=  1 novel=  0 pruned=   0 bt=381 cap= 5 | C4 pool=  1 got= 1 short=0 | 3.7s
[868] size=11 budget=  393 C1 valid=62 novel= 0 | C2 uniq= 1 | C3 draws=  393 comp=  1 uniq=  1 novel=  0 pruned=   0 bt=346 cap= 4 | C4 pool=  1 got= 1 short=0 | 3.2s
[869] size=15 budget=  455 C1 valid=64 novel= 2 | C2 uniq= 6 | C3 draws=  455 comp=  3 uniq=  3 novel=  0 pruned=   0 bt=380 cap= 5 | C4 pool=  8 got= 6 short=0 | 3.6s
[870] size=15 budget=  469 C1 valid=63 novel= 0 | C2 uniq= 3 | C3 draws=  469 comp=  3 uniq=  3 novel=  0 pruned=   0 bt=388 cap= 5 | C4 pool=  4 got= 3 short=0 | 3.8s
[871] size=17 budget=  697 C1 valid=50 novel=16 | C2 uniq= 4 | C3 draws=  697 comp=  3 uniq=  3 novel=  1 pruned=   0 bt=554 cap= 8 | C4 pool=  6 got= 4 short=0 | 5.9s
[872] size=19 budget=  516 C1 valid=60 novel= 0 | C2 uniq= 1 | C3 draws=  516 comp=  2 uniq=  2 novel=  0 pruned=   0 bt=450 cap= 6 | C4 pool=  2 got= 1 short=0 | 4.2s
[873] size=11 budget=  764 C1 valid=64 novel=64 | C2 uniq= 6 | C3 draws=  764 comp=  4 uniq=  4 novel=  4 pruned=   0 bt=605 cap= 8 | C4 pool=  6 got= 6 short=0 | 6.5s
[874] size=19 budget=  704 C1 valid=64 novel=64 | C2 uniq= 1 | C3 draws=  704 comp=  1 uniq=  1 novel=  1 pruned=   0 bt=573 cap= 9 | C4 pool=  1 got= 1 short=0 | 6.0s
[875] size=17 budget=  644 C1 valid=64 novel=26 | C2 uniq= 9 | C3 draws=  644 comp=  4 uniq=  4 novel=  3 pruned=   0 bt=490 cap= 7 | C4 pool= 99 got= 9 short=0 | 5.4s
[876] size=11 budget=  320 C1 valid=64 novel= 0 | C2 uniq= 1 | C3 draws=  320 comp=  1 uniq=  1 novel=  0 pruned=   0 bt=283 cap= 3 | C4 pool=  1 got= 1 short=0 | 2.6s
[877] size=19 budget=  270 C1 valid=63 novel= 0 | C2 uniq= 1 | C3 draws=  270 comp=  1 uniq=  1 novel=  0 pruned=   0 bt=233 cap= 3 | C4 pool=  1 got= 1 short=0 | 2.3s
[878] size=15 budget= 1340 C1 valid=42 novel=42 | C2 uniq=37 | C3 draws= 1340 comp= 49 uniq= 49 novel= 49 pruned=   0 bt=210 cap= 3 | C4 pool=400 got=37 short=0 | 9.6s
[879] size=13 budget=  356 C1 valid=64 novel= 0 | C2 uniq= 4 | C3 draws=  356 comp=  3 uniq=  3 novel=  0 pruned=   0 bt=293 cap= 4 | C4 pool=  4 got= 4 short=0 | 2.8s
[880] size=11 budget=  576 C1 valid=64 novel=64 | C2 uniq= 1 | C3 draws=  576 comp=  1 uniq=  1 novel=  1 pruned=   0 bt=482 cap= 6 | C4 pool=  1 got= 1 short=0 | 5.0s
[881] size= 9 budget=  927 C1 valid=48 novel=17 | C2 uniq=22 | C3 draws=  927 comp= 19 uniq= 19 novel= 15 pruned=   0 bt=458 cap= 6 | C4 pool=400 got=22 short=0 | 7.0s
[882] size=13 budget=  544 C1 valid=64 novel=64 | C2 uniq= 2 | C3 draws=  544 comp=  2 uniq=  2 novel=  2 pruned=   0 bt=450 cap= 6 | C4 pool=  2 got= 2 short=0 | 4.5s
[883] size=19 budget=  569 C1 valid=60 novel= 4 | C2 uniq= 6 | C3 draws=  569 comp=  5 uniq=  5 novel=  3 pruned=   0 bt=438 cap= 6 | C4 pool= 10 got= 6 short=0 | 4.5s
[884] size= 9 budget=  547 C1 valid=64 novel= 0 | C2 uniq= 2 | C3 draws=  547 comp=  2 uniq=  2 novel=  0 pruned=   0 bt=456 cap= 6 | C4 pool=  2 got= 2 short=0 | 4.5s
[885] size=15 budget=  791 C1 valid=63 novel=25 | C2 uniq=25 | C3 draws=  791 comp= 13 uniq= 13 novel=  8 pruned=   0 bt=555 cap= 7 | C4 pool=400 got=25 short=0 | 6.4s
[886] size= 9 budget=  320 C1 valid=64 novel= 0 | C2 uniq= 1 | C3 draws=  320 comp=  1 uniq=  1 novel=  0 pruned=   0 bt=279 cap= 3 | C4 pool=  1 got= 1 short=0 | 2.6s
[887] size=11 budget=  439 C1 valid=64 novel= 0 | C2 uniq= 2 | C3 draws=  439 comp=  2 uniq=  2 novel=  0 pruned=   0 bt=376 cap= 5 | C4 pool=  2 got= 2 short=0 | 3.5s
[888] size= 7 budget=  320 C1 valid=64 novel= 0 | C2 uniq= 2 | C3 draws=  320 comp=  2 uniq=  2 novel=  0 pruned=   0 bt=284 cap= 3 | C4 pool=  2 got= 2 short=0 | 2.6s
[889] size=15 budget=  384 C1 valid=64 novel= 0 | C2 uniq= 1 | C3 draws=  384 comp=  1 uniq=  1 novel=  0 pruned=   0 bt=338 cap= 4 | C4 pool=  1 got= 1 short=0 | 3.1s
[890] size=13 budget=  320 C1 valid=64 novel= 0 | C2 uniq= 1 | C3 draws=  320 comp=  1 uniq=  1 novel=  0 pruned=   0 bt=279 cap= 3 | C4 pool=  1 got= 1 short=0 | 2.6s
[891] size=19 budget=  515 C1 valid=64 novel= 3 | C2 uniq= 7 | C3 draws=  515 comp=  7 uniq=  7 novel=  2 pruned=   0 bt=418 cap= 4 | C4 pool=  9 got= 7 short=0 | 4.0s
[892] size=11 budget=  660 C1 valid=64 novel=35 | C2 uniq= 8 | C3 draws=  660 comp=  7 uniq=  7 novel=  5 pruned=   0 bt=495 cap= 6 | C4 pool=400 got= 8 short=0 | 5.4s
[893] size=19 budget= 1065 C1 valid= 0 novel= 0 | C2 uniq= 0 | C3 draws= 1065 comp=  0 uniq=  0 novel=  0 pruned=   0 bt=930 cap=14 | C4 pool=  1 got= 0 short=0 | 8.7s
[894] size= 9 budget=  512 C1 valid=64 novel= 0 | C2 uniq= 2 | C3 draws=  512 comp=  2 uniq=  2 novel=  0 pruned=   0 bt=435 cap= 5 | C4 pool=  4 got= 2 short=0 | 4.3s
[895] size=13 budget=  353 C1 valid=63 novel= 0 | C2 uniq= 5 | C3 draws=  353 comp=  3 uniq=  3 novel=  0 pruned=   0 bt=290 cap= 4 | C4 pool=  6 got= 5 short=0 | 2.8s
[896] size= 9 budget=  373 C1 valid=64 novel= 0 | C2 uniq= 3 | C3 draws=  373 comp=  1 uniq=  1 novel=  0 pruned=   0 bt=322 cap= 4 | C4 pool=  3 got= 3 short=0 | 3.0s
[897] size=11 budget=  640 C1 valid=64 novel= 0 | C2 uniq= 1 | C3 draws=  640 comp=  1 uniq=  1 novel=  0 pruned=   0 bt=534 cap= 7 | C4 pool=  1 got= 1 short=0 | 5.4s
[898] size=13 budget=  607 C1 valid=64 novel=24 | C2 uniq= 3 | C3 draws=  607 comp=  3 uniq=  3 novel=  2 pruned=   0 bt=492 cap= 7 | C4 pool=  6 got= 3 short=0 | 5.0s
[899] size=15 budget=  320 C1 valid=64 novel= 0 | C2 uniq= 1 | C3 draws=  320 comp=  1 uniq=  1 novel=  0 pruned=   0 bt=282 cap= 3 | C4 pool=  1 got= 1 short=0 | 2.6s
[900] size=19 budget=  455 C1 valid=58 novel= 2 | C2 uniq= 5 | C3 draws=  455 comp=  3 uniq=  3 novel=  1 pruned=   0 bt=370 cap= 5 | C4 pool= 92 got= 5 short=0 | 3.8s
[901] size=15 budget=  448 C1 valid=64 novel= 0 | C2 uniq= 2 | C3 draws=  448 comp=  2 uniq=  2 novel=  0 pruned=   0 bt=386 cap= 5 | C4 pool=  2 got= 2 short=0 | 3.6s
[902] size=15 budget=  510 C1 valid=64 novel= 0 | C2 uniq= 2 | C3 draws=  510 comp=  2 uniq=  2 novel=  0 pruned=   0 bt=427 cap= 6 | C4 pool=  2 got= 2 short=0 | 4.1s
[903] size=15 budget=  362 C1 valid=64 novel= 0 | C2 uniq= 3 | C3 draws=  362 comp=  3 uniq=  3 novel=  0 pruned=   0 bt=304 cap= 4 | C4 pool=  3 got= 3 short=0 | 2.9s
[904] size=11 budget=  448 C1 valid=64 novel= 0 | C2 uniq= 1 | C3 draws=  448 comp=  1 uniq=  1 novel=  0 pruned=   0 bt=393 cap= 5 | C4 pool=  1 got= 1 short=0 | 3.6s
[905] size=13 budget=  719 C1 valid=64 novel=10 | C2 uniq= 3 | C3 draws=  719 comp=  3 uniq=  3 novel=  1 pruned=   0 bt=565 cap= 8 | C4 pool=  3 got= 3 short=0 | 6.1s
[906] size=15 budget=  320 C1 valid=64 novel= 0 | C2 uniq= 1 | C3 draws=  320 comp=  1 uniq=  1 novel=  0 pruned=   0 bt=282 cap= 3 | C4 pool=  1 got= 1 short=0 | 2.6s
[907] size=19 budget= 1202 C1 valid=63 novel=63 | C2 uniq= 6 | C3 draws= 1202 comp=  2 uniq=  2 novel=  2 pruned=   0 bt=902 cap=15 | C4 pool=  2 got= 2 short=4 | 10.9s
[908] size=11 budget=  384 C1 valid=64 novel= 0 | C2 uniq= 1 | C3 draws=  384 comp=  1 uniq=  1 novel=  0 pruned=   0 bt=337 cap= 4 | C4 pool=  1 got= 1 short=0 | 3.1s
[909] size=11 budget=  939 C1 valid=51 novel=26 | C2 uniq=22 | C3 draws=  939 comp= 33 uniq= 33 novel= 27 pruned=   0 bt=272 cap= 4 | C4 pool=400 got=22 short=0 | 7.0s
[910] size=17 budget=  671 C1 valid=63 novel=31 | C2 uniq= 2 | C3 draws=  671 comp=  2 uniq=  2 novel=  1 pruned=   0 bt=547 cap= 8 | C4 pool=  2 got= 2 short=0 | 5.6s
[911] size=19 budget=  320 C1 valid=64 novel= 0 | C2 uniq= 1 | C3 draws=  320 comp=  1 uniq=  1 novel=  0 pruned=   0 bt=274 cap= 4 | C4 pool=  1 got= 1 short=0 | 2.6s
[912] size= 9 budget=  595 C1 valid=64 novel=18 | C2 uniq= 9 | C3 draws=  595 comp=  5 uniq=  5 novel=  2 pruned=   0 bt=453 cap= 6 | C4 pool=192 got= 9 short=0 | 5.1s
[913] size= 7 budget= 1030 C1 valid=63 novel=50 | C2 uniq=50 | C3 draws= 1030 comp= 43 uniq= 43 novel= 38 pruned=   0 bt=226 cap= 3 | C4 pool=400 got=50 short=0 | 7.2s
[914] size=17 budget=  677 C1 valid=64 novel=17 | C2 uniq=24 | C3 draws=  677 comp= 32 uniq= 32 novel= 24 pruned=   0 bt= 43 cap= 0 | C4 pool=400 got=24 short=0 | 5.2s
[915] size=19 budget=  884 C1 valid=58 novel=45 | C2 uniq=42 | C3 draws=  884 comp= 30 uniq= 30 novel= 28 pruned=   0 bt=362 cap= 3 | C4 pool=400 got=42 short=0 | 6.5s
[916] size=11 budget= 1001 C1 valid=52 novel=45 | C2 uniq=36 | C3 draws= 1001 comp= 28 uniq= 28 novel= 26 pruned=   0 bt=427 cap= 6 | C4 pool=400 got=36 short=0 | 7.7s
[917] size=15 budget=  421 C1 valid=60 novel=11 | C2 uniq= 2 | C3 draws=  421 comp=  2 uniq=  2 novel=  1 pruned=   0 bt=349 cap= 5 | C4 pool=  2 got= 2 short=0 | 3.4s
[918] size=15 budget= 1184 C1 valid=27 novel=27 | C2 uniq=18 | C3 draws= 1184 comp=  9 uniq=  9 novel=  9 pruned=   0 bt=753 cap=11 | C4 pool=400 got=18 short=0 | 11.1s
[919] size=17 budget=  640 C1 valid=64 novel=64 | C2 uniq= 2 | C3 draws=  640 comp=  2 uniq=  2 novel=  2 pruned=   0 bt=512 cap= 8 | C4 pool=  2 got= 2 short=0 | 5.6s
[920] size=11 budget=  411 C1 valid=64 novel= 0 | C2 uniq= 4 | C3 draws=  411 comp=  3 uniq=  3 novel=  0 pruned=   0 bt=350 cap= 4 | C4 pool=  4 got= 4 short=0 | 3.3s
[921] size=15 budget=  384 C1 valid=64 novel= 0 | C2 uniq= 1 | C3 draws=  384 comp=  1 uniq=  1 novel=  0 pruned=   0 bt=338 cap= 4 | C4 pool=  1 got= 1 short=0 | 3.1s
[922] size=11 budget=  448 C1 valid=64 novel= 0 | C2 uniq= 1 | C3 draws=  448 comp=  1 uniq=  1 novel=  0 pruned=   0 bt=393 cap= 5 | C4 pool=  1 got= 1 short=0 | 3.6s
[923] size= 9 budget= 1149 C1 valid=59 novel=49 | C2 uniq=32 | C3 draws= 1149 comp= 36 uniq= 36 novel= 35 pruned=   0 bt=225 cap= 1 | C4 pool=400 got=32 short=0 | 9.0s
[924] size= 9 budget=  549 C1 valid=64 novel=16 | C2 uniq=17 | C3 draws=  549 comp= 24 uniq= 24 novel= 19 pruned=   0 bt=174 cap= 0 | C4 pool=400 got=17 short=0 | 4.0s
[925] size=15 budget=  842 C1 valid=47 novel=27 | C2 uniq=19 | C3 draws=  842 comp= 28 uniq= 28 novel= 27 pruned=   0 bt=345 cap= 3 | C4 pool=400 got=19 short=0 | 6.5s
[926] size=13 budget=  477 C1 valid=64 novel= 0 | C2 uniq= 2 | C3 draws=  477 comp=  2 uniq=  2 novel=  0 pruned=   0 bt=409 cap= 5 | C4 pool=  2 got= 2 short=0 | 3.8s
[927] size=17 budget=  428 C1 valid=64 novel= 0 | C2 uniq= 3 | C3 draws=  428 comp=  2 uniq=  2 novel=  0 pruned=   0 bt=360 cap= 5 | C4 pool=  3 got= 3 short=0 | 3.4s
[928] size=13 budget=  509 C1 valid=64 novel= 9 | C2 uniq= 7 | C3 draws=  509 comp=  6 uniq=  6 novel=  1 pruned=   0 bt=403 cap= 5 | C4 pool= 12 got= 7 short=0 | 4.0s
[929] size= 9 budget=  306 C1 valid=64 novel= 0 | C2 uniq= 7 | C3 draws=  306 comp=  2 uniq=  2 novel=  0 pruned=   0 bt=261 cap= 3 | C4 pool=  7 got= 7 short=0 | 2.4s
[930] size=15 budget=  852 C1 valid=63 novel=18 | C2 uniq=16 | C3 draws=  852 comp=  7 uniq=  7 novel=  4 pruned=   0 bt=605 cap= 9 | C4 pool=400 got=16 short=0 | 7.8s
[931] size=17 budget= 1185 C1 valid=64 novel=64 | C2 uniq= 2 | C3 draws= 1185 comp=  2 uniq=  2 novel=  2 pruned=   0 bt=862 cap=14 | C4 pool=  2 got= 2 short=0 | 10.9s
[932] size=15 budget=  256 C1 valid=64 novel= 0 | C2 uniq= 1 | C3 draws=  256 comp=  1 uniq=  1 novel=  0 pruned=   0 bt=219 cap= 3 | C4 pool=  1 got= 1 short=0 | 2.1s
[933] size=17 budget=  484 C1 valid=64 novel= 8 | C2 uniq= 4 | C3 draws=  484 comp=  4 uniq=  4 novel=  1 pruned=   0 bt=399 cap= 5 | C4 pool=  4 got= 4 short=0 | 3.8s
[934] size=13 budget=  384 C1 valid=64 novel= 0 | C2 uniq= 1 | C3 draws=  384 comp=  1 uniq=  1 novel=  0 pruned=   0 bt=333 cap= 4 | C4 pool=  1 got= 1 short=0 | 3.1s
[935] size=13 budget=  340 C1 valid=64 novel= 0 | C2 uniq= 3 | C3 draws=  340 comp=  2 uniq=  2 novel=  0 pruned=   0 bt=288 cap= 4 | C4 pool=  3 got= 3 short=0 | 2.7s
[936] size=13 budget= 1237 C1 valid=57 novel=30 | C2 uniq=37 | C3 draws= 1237 comp= 46 uniq= 46 novel= 28 pruned=   0 bt=207 cap= 1 | C4 pool=400 got=37 short=0 | 9.2s
[937] size=19 budget=  692 C1 valid=64 novel=26 | C2 uniq=14 | C3 draws=  692 comp=  5 uniq=  5 novel=  2 pruned=   0 bt=513 cap= 8 | C4 pool= 41 got=14 short=0 | 5.9s
[938] size=15 budget=  320 C1 valid=64 novel= 0 | C2 uniq= 1 | C3 draws=  320 comp=  1 uniq=  1 novel=  0 pruned=   0 bt=282 cap= 3 | C4 pool=  1 got= 1 short=0 | 2.6s
[939] size=19 budget=  433 C1 valid=64 novel= 4 | C2 uniq= 5 | C3 draws=  433 comp=  5 uniq=  5 novel=  2 pruned=   0 bt=346 cap= 5 | C4 pool=  6 got= 5 short=0 | 3.4s
[940] size=13 budget=  722 C1 valid=64 novel=17 | C2 uniq= 5 | C3 draws=  722 comp=  3 uniq=  3 novel=  0 pruned=   0 bt=570 cap= 8 | C4 pool=  5 got= 5 short=0 | 6.1s
[941] size=13 budget=  956 C1 valid=64 novel=52 | C2 uniq=36 | C3 draws=  956 comp= 23 uniq= 23 novel= 22 pruned=   0 bt=513 cap= 6 | C4 pool=400 got=36 short=0 | 7.4s
[942] size=19 budget=  396 C1 valid=64 novel= 4 | C2 uniq= 2 | C3 draws=  396 comp=  1 uniq=  1 novel=  0 pruned=   0 bt=341 cap= 5 | C4 pool=  2 got= 2 short=0 | 3.2s
[943] size=19 budget=  448 C1 valid=64 novel= 0 | C2 uniq= 2 | C3 draws=  448 comp=  2 uniq=  2 novel=  0 pruned=   0 bt=385 cap= 5 | C4 pool=  2 got= 2 short=0 | 3.6s
[944] size=17 budget=  320 C1 valid=64 novel= 0 | C2 uniq= 1 | C3 draws=  320 comp=  1 uniq=  1 novel=  0 pruned=   0 bt=273 cap= 4 | C4 pool=  1 got= 1 short=0 | 2.5s
[945] size=19 budget=  326 C1 valid=63 novel= 0 | C2 uniq= 1 | C3 draws=  326 comp=  1 uniq=  1 novel=  0 pruned=   0 bt=282 cap= 4 | C4 pool=  1 got= 1 short=0 | 2.6s
[946] size=17 budget=  975 C1 valid=64 novel=64 | C2 uniq=14 | C3 draws=  975 comp= 11 uniq= 11 novel= 11 pruned=   0 bt=622 cap=10 | C4 pool= 28 got=14 short=0 | 8.4s
[947] size=17 budget=  410 C1 valid=64 novel= 8 | C2 uniq= 6 | C3 draws=  410 comp=  2 uniq=  2 novel=  0 pruned=   0 bt=345 cap= 5 | C4 pool=  7 got= 6 short=0 | 3.3s
[948] size=11 budget=  422 C1 valid=64 novel= 0 | C2 uniq= 2 | C3 draws=  422 comp=  2 uniq=  2 novel=  0 pruned=   0 bt=364 cap= 4 | C4 pool=  2 got= 2 short=0 | 3.4s
[949] size=11 budget= 1443 C1 valid=64 novel=64 | C2 uniq=62 | C3 draws= 1443 comp= 65 uniq= 65 novel= 65 pruned=   0 bt=  9 cap= 0 | C4 pool=400 got=62 short=0 | 9.7s
[950] size=17 budget=  256 C1 valid=64 novel= 0 | C2 uniq= 1 | C3 draws=  256 comp=  1 uniq=  1 novel=  0 pruned=   0 bt=196 cap= 3 | C4 pool=  1 got= 1 short=0 | 2.2s
[951] size=13 budget=  256 C1 valid=64 novel= 0 | C2 uniq= 1 | C3 draws=  256 comp=  1 uniq=  1 novel=  0 pruned=   0 bt=217 cap= 3 | C4 pool=  1 got= 1 short=0 | 2.0s
[952] size=11 budget=  384 C1 valid=64 novel= 0 | C2 uniq= 1 | C3 draws=  384 comp=  1 uniq=  1 novel=  0 pruned=   0 bt=337 cap= 4 | C4 pool=  1 got= 1 short=0 | 3.1s
[953] size= 9 budget=  320 C1 valid=64 novel= 0 | C2 uniq= 1 | C3 draws=  320 comp=  1 uniq=  1 novel=  0 pruned=   0 bt=279 cap= 3 | C4 pool=  1 got= 1 short=0 | 2.5s
[954] size=15 budget= 1191 C1 valid=49 novel=33 | C2 uniq=11 | C3 draws= 1191 comp= 13 uniq= 13 novel= 11 pruned=   0 bt=703 cap=10 | C4 pool=335 got=11 short=0 | 11.1s
[955] size= 9 budget=  320 C1 valid=64 novel= 0 | C2 uniq= 1 | C3 draws=  320 comp=  1 uniq=  1 novel=  0 pruned=   0 bt=279 cap= 3 | C4 pool=  1 got= 1 short=0 | 2.6s
[956] size=13 budget=  360 C1 valid=64 novel= 0 | C2 uniq= 2 | C3 draws=  360 comp=  2 uniq=  2 novel=  0 pruned=   0 bt=304 cap= 4 | C4 pool=  2 got= 2 short=0 | 2.9s
[957] size=13 budget=  371 C1 valid=62 novel= 0 | C2 uniq= 2 | C3 draws=  371 comp=  2 uniq=  2 novel=  0 pruned=   0 bt=315 cap= 4 | C4 pool=  2 got= 2 short=0 | 3.0s
[958] size=17 budget=  936 C1 valid=61 novel=55 | C2 uniq=31 | C3 draws=  936 comp= 42 uniq= 42 novel= 37 pruned=   0 bt=248 cap= 3 | C4 pool=400 got=31 short=0 | 6.6s
[959] size=13 budget=  320 C1 valid=64 novel= 0 | C2 uniq= 1 | C3 draws=  320 comp=  1 uniq=  1 novel=  0 pruned=   0 bt=279 cap= 3 | C4 pool=  1 got= 1 short=0 | 2.6s
[960] size=17 budget=  800 C1 valid=41 novel=13 | C2 uniq=14 | C3 draws=  800 comp= 20 uniq= 20 novel= 17 pruned=   0 bt=405 cap= 5 | C4 pool=400 got=14 short=0 | 6.1s
[961] size=19 budget=  731 C1 valid=63 novel=17 | C2 uniq=16 | C3 draws=  731 comp=  9 uniq=  9 novel=  5 pruned=   0 bt=499 cap= 8 | C4 pool= 30 got=16 short=0 | 6.1s
[962] size=11 budget=  448 C1 valid=64 novel= 0 | C2 uniq= 1 | C3 draws=  448 comp=  1 uniq=  1 novel=  0 pruned=   0 bt=393 cap= 5 | C4 pool=  1 got= 1 short=0 | 3.6s
[963] size= 9 budget=  511 C1 valid=64 novel=13 | C2 uniq=14 | C3 draws=  511 comp=  5 uniq=  5 novel=  0 pruned=   0 bt=412 cap= 5 | C4 pool=387 got=14 short=0 | 4.2s
[964] size= 9 budget=  384 C1 valid=64 novel= 0 | C2 uniq= 1 | C3 draws=  384 comp=  1 uniq=  1 novel=  0 pruned=   0 bt=333 cap= 4 | C4 pool=  1 got= 1 short=0 | 3.1s
[965] size=11 budget=  405 C1 valid=64 novel= 0 | C2 uniq= 2 | C3 draws=  405 comp=  2 uniq=  2 novel=  0 pruned=   0 bt=349 cap= 4 | C4 pool=  2 got= 2 short=0 | 3.2s
[966] size= 9 budget=  256 C1 valid=64 novel= 0 | C2 uniq= 1 | C3 draws=  256 comp=  1 uniq=  1 novel=  0 pruned=   0 bt=225 cap= 2 | C4 pool=  1 got= 1 short=0 | 2.1s
[967] size= 9 budget= 1032 C1 valid=64 novel=50 | C2 uniq=46 | C3 draws= 1032 comp= 21 uniq= 21 novel= 18 pruned=   0 bt=542 cap= 8 | C4 pool=400 got=46 short=0 | 8.5s
[968] size=11 budget=  448 C1 valid=64 novel= 0 | C2 uniq= 1 | C3 draws=  448 comp=  1 uniq=  1 novel=  0 pruned=   0 bt=381 cap= 5 | C4 pool=  1 got= 1 short=0 | 3.7s
[969] size=19 budget=  536 C1 valid=64 novel=16 | C2 uniq= 5 | C3 draws=  536 comp=  5 uniq=  5 novel=  3 pruned=   0 bt=424 cap= 5 | C4 pool= 12 got= 5 short=0 | 4.3s
[970] size= 7 budget=  320 C1 valid=64 novel= 0 | C2 uniq= 1 | C3 draws=  320 comp=  1 uniq=  1 novel=  0 pruned=   0 bt=288 cap= 3 | C4 pool=  1 got= 1 short=0 | 2.6s
[971] size=15 budget=  320 C1 valid=64 novel= 0 | C2 uniq= 2 | C3 draws=  320 comp=  2 uniq=  2 novel=  0 pruned=   0 bt=274 cap= 3 | C4 pool=  2 got= 2 short=0 | 2.6s
[972] size=11 budget=  545 C1 valid=64 novel= 5 | C2 uniq=15 | C3 draws=  545 comp=  6 uniq=  6 novel=  3 pruned=   0 bt=427 cap= 5 | C4 pool=347 got=15 short=0 | 4.5s
[973] size=19 budget=  535 C1 valid=51 novel=10 | C2 uniq= 2 | C3 draws=  535 comp=  2 uniq=  2 novel=  1 pruned=   0 bt=468 cap= 6 | C4 pool=  2 got= 2 short=0 | 4.3s
[974] size=19 budget=  320 C1 valid=64 novel= 0 | C2 uniq= 1 | C3 draws=  320 comp=  1 uniq=  1 novel=  0 pruned=   0 bt=274 cap= 4 | C4 pool=  2 got= 1 short=0 | 2.6s
[975] size=17 budget=  384 C1 valid=64 novel= 0 | C2 uniq= 1 | C3 draws=  384 comp=  1 uniq=  1 novel=  0 pruned=   0 bt=334 cap= 4 | C4 pool=  1 got= 1 short=0 | 3.1s
[976] size=17 budget= 1039 C1 valid=64 novel= 7 | C2 uniq=21 | C3 draws= 1039 comp= 17 uniq= 17 novel=  7 pruned=   0 bt=572 cap= 7 | C4 pool=400 got=21 short=0 | 10.1s
[977] size= 7 budget=  690 C1 valid=59 novel=26 | C2 uniq=21 | C3 draws=  690 comp= 37 uniq= 37 novel= 35 pruned=   0 bt=117 cap= 1 | C4 pool=400 got=21 short=0 | 4.6s
[978] size=17 budget= 1520 C1 valid=56 novel=49 | C2 uniq=46 | C3 draws= 1520 comp= 58 uniq= 58 novel= 57 pruned=   0 bt= 24 cap= 0 | C4 pool=400 got=46 short=0 | 10.6s
[979] size=13 budget=  582 C1 valid=52 novel= 1 | C2 uniq= 3 | C3 draws=  582 comp=  2 uniq=  2 novel=  0 pruned=   0 bt=469 cap= 6 | C4 pool= 11 got= 3 short=0 | 5.1s
[980] size=11 budget=  384 C1 valid=64 novel= 0 | C2 uniq= 1 | C3 draws=  384 comp=  1 uniq=  1 novel=  0 pruned=   0 bt=337 cap= 4 | C4 pool=  1 got= 1 short=0 | 3.1s
[981] size=13 budget=  640 C1 valid=64 novel= 0 | C2 uniq= 1 | C3 draws=  640 comp=  1 uniq=  1 novel=  0 pruned=   0 bt=526 cap= 7 | C4 pool=  1 got= 1 short=0 | 5.5s
[982] size=19 budget=  256 C1 valid=64 novel= 0 | C2 uniq= 1 | C3 draws=  256 comp=  1 uniq=  1 novel=  0 pruned=   0 bt=219 cap= 3 | C4 pool=  1 got= 1 short=0 | 2.0s
[983] size=19 budget=  384 C1 valid=64 novel= 0 | C2 uniq= 1 | C3 draws=  384 comp=  1 uniq=  1 novel=  0 pruned=   0 bt=335 cap= 5 | C4 pool=  1 got= 1 short=0 | 3.1s
[984] size=15 budget=  342 C1 valid=64 novel= 0 | C2 uniq= 2 | C3 draws=  342 comp=  2 uniq=  2 novel=  0 pruned=   0 bt=290 cap= 4 | C4 pool=  2 got= 2 short=0 | 2.7s
[985] size=15 budget=  640 C1 valid=64 novel= 0 | C2 uniq= 1 | C3 draws=  640 comp=  1 uniq=  1 novel=  0 pruned=   0 bt=536 cap= 7 | C4 pool=  1 got= 1 short=0 | 5.4s
[986] size=17 budget= 1190 C1 valid=59 novel=49 | C2 uniq=21 | C3 draws= 1190 comp= 18 uniq= 18 novel= 17 pruned=   0 bt=670 cap= 7 | C4 pool=246 got=21 short=0 | 10.6s
[987] size=11 budget=  320 C1 valid=64 novel= 0 | C2 uniq= 1 | C3 draws=  320 comp=  1 uniq=  1 novel=  0 pruned=   0 bt=283 cap= 3 | C4 pool=  1 got= 1 short=0 | 2.6s
[988] size=19 budget= 1057 C1 valid=63 novel=14 | C2 uniq=25 | C3 draws= 1057 comp= 15 uniq= 15 novel=  6 pruned=   0 bt=574 cap= 9 | C4 pool=400 got=25 short=0 | 11.4s
[989] size= 9 budget=  419 C1 valid=64 novel= 0 | C2 uniq= 3 | C3 draws=  419 comp=  3 uniq=  3 novel=  0 pruned=   0 bt=354 cap= 4 | C4 pool=  3 got= 3 short=0 | 3.4s
[990] size=17 budget=  640 C1 valid=64 novel=64 | C2 uniq= 1 | C3 draws=  640 comp=  1 uniq=  1 novel=  1 pruned=   0 bt=513 cap= 8 | C4 pool=  1 got= 1 short=0 | 5.5s
[991] size=13 budget=  419 C1 valid=64 novel= 0 | C2 uniq= 5 | C3 draws=  419 comp=  5 uniq=  5 novel=  0 pruned=   0 bt=338 cap= 4 | C4 pool=  5 got= 5 short=0 | 3.3s
[992] size=11 budget=  640 C1 valid=64 novel= 0 | C2 uniq= 1 | C3 draws=  640 comp=  1 uniq=  1 novel=  0 pruned=   0 bt=533 cap= 7 | C4 pool=  1 got= 1 short=0 | 5.5s
[993] size= 9 budget=  398 C1 valid=64 novel= 0 | C2 uniq= 3 | C3 draws=  398 comp=  3 uniq=  3 novel=  0 pruned=   0 bt=335 cap= 4 | C4 pool=  3 got= 3 short=0 | 3.1s
[994] size=11 budget=  384 C1 valid=64 novel= 0 | C2 uniq= 1 | C3 draws=  384 comp=  1 uniq=  1 novel=  0 pruned=   0 bt=333 cap= 4 | C4 pool=  1 got= 1 short=0 | 3.2s
[995] size=15 budget= 1081 C1 valid=64 novel=53 | C2 uniq=25 | C3 draws= 1081 comp= 17 uniq= 17 novel= 16 pruned=   0 bt=584 cap= 9 | C4 pool= 48 got=25 short=0 | 9.3s
[996] size=15 budget=  320 C1 valid=64 novel= 0 | C2 uniq= 1 | C3 draws=  320 comp=  1 uniq=  1 novel=  0 pruned=   0 bt=282 cap= 3 | C4 pool=  1 got= 1 short=0 | 2.6s
[997] size=15 budget=  270 C1 valid=60 novel= 0 | C2 uniq= 2 | C3 draws=  270 comp=  2 uniq=  2 novel=  0 pruned=   0 bt=223 cap= 3 | C4 pool=  4 got= 2 short=0 | 2.1s
[998] size= 9 budget=  320 C1 valid=64 novel= 0 | C2 uniq= 1 | C3 draws=  320 comp=  1 uniq=  1 novel=  0 pruned=   0 bt=279 cap= 3 | C4 pool=  1 got= 1 short=0 | 2.6s
[999] size=11 budget=  704 C1 valid=64 novel=64 | C2 uniq= 1 | C3 draws=  704 comp=  1 uniq=  1 novel=  1 pruned=   0 bt=558 cap= 8 | C4 pool=  1 got= 1 short=0 | 6.3s
[1000] size=15 budget=  647 C1 valid=64 novel=18 | C2 uniq= 8 | C3 draws=  647 comp=  7 uniq=  7 novel=  3 pruned=   0 bt=485 cap= 7 | C4 pool= 28 got= 8 short=0 | 5.2s
[1001] size=11 budget=  256 C1 valid=64 novel= 0 | C2 uniq= 1 | C3 draws=  256 comp=  1 uniq=  1 novel=  0 pruned=   0 bt=225 cap= 3 | C4 pool=  1 got= 1 short=0 | 2.1s
[1002] size=13 budget=  404 C1 valid=60 novel= 6 | C2 uniq= 4 | C3 draws=  404 comp=  3 uniq=  3 novel=  1 pruned=   0 bt=337 cap= 4 | C4 pool=  6 got= 4 short=0 | 3.2s
[1003] size=15 budget=  320 C1 valid=64 novel= 0 | C2 uniq= 1 | C3 draws=  320 comp=  1 uniq=  1 novel=  0 pruned=   0 bt=282 cap= 3 | C4 pool=  1 got= 1 short=0 | 2.6s
[1004] size=15 budget=  909 C1 valid=53 novel=38 | C2 uniq=17 | C3 draws=  909 comp= 13 uniq= 13 novel= 12 pruned=   0 bt=543 cap= 8 | C4 pool=400 got=17 short=0 | 7.9s
[1005] size=19 budget=  384 C1 valid=64 novel= 0 | C2 uniq= 1 | C3 draws=  384 comp=  1 uniq=  1 novel=  0 pruned=   0 bt=335 cap= 5 | C4 pool=  1 got= 1 short=0 | 3.1s
[1006] size= 7 budget=  283 C1 valid=64 novel= 0 | C2 uniq= 2 | C3 draws=  283 comp=  1 uniq=  1 novel=  0 pruned=   0 bt=252 cap= 3 | C4 pool=  3 got= 2 short=0 | 2.3s
[1007] size=17 budget=  575 C1 valid=46 novel= 0 | C2 uniq= 2 | C3 draws=  575 comp=  2 uniq=  2 novel=  0 pruned=   0 bt=492 cap= 7 | C4 pool=  2 got= 2 short=0 | 4.7s
[1008] size=13 budget=  660 C1 valid=64 novel=64 | C2 uniq= 3 | C3 draws=  660 comp=  4 uniq=  4 novel=  4 pruned=   0 bt=551 cap= 7 | C4 pool=  3 got= 3 short=0 | 5.3s
[1009] size=13 budget=  660 C1 valid=64 novel=29 | C2 uniq=32 | C3 draws=  660 comp= 12 uniq= 12 novel=  8 pruned=   0 bt=447 cap= 6 | C4 pool=400 got=32 short=0 | 5.1s
[1010] size=11 budget=  761 C1 valid=64 novel= 0 | C2 uniq= 2 | C3 draws=  761 comp=  2 uniq=  2 novel=  0 pruned=   0 bt=618 cap= 8 | C4 pool=  2 got= 2 short=0 | 6.6s
[1011] size=13 budget=  320 C1 valid=64 novel= 0 | C2 uniq= 1 | C3 draws=  320 comp=  1 uniq=  1 novel=  0 pruned=   0 bt=279 cap= 3 | C4 pool=  1 got= 1 short=0 | 2.6s
[1012] size=11 budget=  410 C1 valid=64 novel= 0 | C2 uniq= 5 | C3 draws=  410 comp=  2 uniq=  2 novel=  0 pruned=   0 bt=355 cap= 4 | C4 pool=  5 got= 5 short=0 | 3.2s
[1013] size= 9 budget=  320 C1 valid=64 novel= 0 | C2 uniq= 1 | C3 draws=  320 comp=  1 uniq=  1 novel=  0 pruned=   0 bt=279 cap= 3 | C4 pool=  1 got= 1 short=0 | 2.5s
[1014] size=19 budget=  384 C1 valid=64 novel= 0 | C2 uniq= 1 | C3 draws=  384 comp=  1 uniq=  1 novel=  0 pruned=   0 bt=335 cap= 5 | C4 pool=  1 got= 1 short=0 | 3.1s
[1015] size=13 budget=  655 C1 valid=64 novel=21 | C2 uniq=12 | C3 draws=  655 comp=  5 uniq=  5 novel=  2 pruned=   0 bt=508 cap= 7 | C4 pool= 87 got=12 short=0 | 5.5s
[1016] size=13 budget=  771 C1 valid=64 novel= 0 | C2 uniq= 3 | C3 draws=  771 comp=  3 uniq=  3 novel=  0 pruned=   0 bt=628 cap= 9 | C4 pool=  3 got= 3 short=0 | 6.5s
[1017] size=15 budget=  980 C1 valid=61 novel=57 | C2 uniq=31 | C3 draws=  980 comp= 53 uniq= 53 novel= 52 pruned=   0 bt= 62 cap= 0 | C4 pool=400 got=31 short=0 | 6.3s
[1018] size=19 budget=  384 C1 valid=64 novel= 0 | C2 uniq= 1 | C3 draws=  384 comp=  1 uniq=  1 novel=  0 pruned=   0 bt=335 cap= 5 | C4 pool=  1 got= 1 short=0 | 3.1s
[1019] size=17 budget=  256 C1 valid=64 novel= 0 | C2 uniq= 1 | C3 draws=  256 comp=  1 uniq=  1 novel=  0 pruned=   0 bt=218 cap= 3 | C4 pool=  1 got= 1 short=0 | 2.0s
[1020] size=15 budget=  576 C1 valid=64 novel=64 | C2 uniq= 1 | C3 draws=  576 comp=  1 uniq=  1 novel=  1 pruned=   0 bt=479 cap= 7 | C4 pool=  1 got= 1 short=0 | 4.8s
[1021] size=11 budget=  448 C1 valid=64 novel= 0 | C2 uniq= 2 | C3 draws=  448 comp=  2 uniq=  2 novel=  0 pruned=   0 bt=385 cap= 5 | C4 pool=  2 got= 2 short=0 | 3.6s
[1022] size=15 budget=  925 C1 valid=62 novel=60 | C2 uniq=31 | C3 draws=  925 comp= 19 uniq= 19 novel= 19 pruned=   0 bt=570 cap= 6 | C4 pool=400 got=31 short=0 | 7.4s
[1023] size=11 budget=  320 C1 valid=64 novel= 0 | C2 uniq= 1 | C3 draws=  320 comp=  1 uniq=  1 novel=  0 pruned=   0 bt=283 cap= 3 | C4 pool=  1 got= 1 short=0 | 2.6s
[1024] size=13 budget=  525 C1 valid=55 novel= 0 | C2 uniq= 1 | C3 draws=  525 comp=  1 uniq=  1 novel=  0 pruned=   0 bt=459 cap= 6 | C4 pool=  1 got= 1 short=0 | 4.3s
[1025] size=13 budget=  576 C1 valid=50 novel=50 | C2 uniq= 1 | C3 draws=  576 comp=  1 uniq=  1 novel=  1 pruned=   0 bt=497 cap= 6 | C4 pool=  1 got= 1 short=0 | 4.8s
[1026] size= 7 budget=  448 C1 valid=64 novel= 0 | C2 uniq= 1 | C3 draws=  448 comp=  1 uniq=  1 novel=  0 pruned=   0 bt=380 cap= 5 | C4 pool=  2 got= 1 short=0 | 3.7s
[1027] size= 9 budget=  574 C1 valid=64 novel= 0 | C2 uniq= 4 | C3 draws=  574 comp=  4 uniq=  4 novel=  0 pruned=   0 bt=452 cap= 6 | C4 pool=  4 got= 4 short=0 | 4.8s
[1028] size=15 budget=  976 C1 valid=63 novel=46 | C2 uniq=50 | C3 draws=  976 comp= 51 uniq= 51 novel= 47 pruned=   0 bt= 99 cap= 1 | C4 pool=400 got=50 short=0 | 6.5s
[1029] size=15 budget=  435 C1 valid=62 novel= 0 | C2 uniq= 2 | C3 draws=  435 comp=  2 uniq=  2 novel=  0 pruned=   0 bt=366 cap= 5 | C4 pool=  2 got= 2 short=0 | 3.5s
[1030] size=13 budget= 1044 C1 valid=63 novel=63 | C2 uniq= 3 | C3 draws= 1044 comp=  3 uniq=  3 novel=  3 pruned=   0 bt=741 cap=12 | C4 pool=  8 got= 3 short=0 | 9.7s
[1031] size=15 budget=  828 C1 valid=64 novel=40 | C2 uniq=19 | C3 draws=  828 comp= 28 uniq= 28 novel= 24 pruned=   0 bt=309 cap= 4 | C4 pool= 97 got=19 short=0 | 6.2s
[1032] size=17 budget= 1038 C1 valid=46 novel=37 | C2 uniq=30 | C3 draws= 1038 comp= 31 uniq= 31 novel= 30 pruned=   0 bt=389 cap= 6 | C4 pool=400 got=30 short=0 | 8.4s
[1033] size=15 budget=  450 C1 valid=64 novel=10 | C2 uniq= 6 | C3 draws=  450 comp=  4 uniq=  4 novel=  1 pruned=   0 bt=370 cap= 5 | C4 pool=  6 got= 6 short=0 | 3.5s
[1034] size=19 budget=  384 C1 valid=64 novel= 0 | C2 uniq= 1 | C3 draws=  384 comp=  1 uniq=  1 novel=  0 pruned=   0 bt=335 cap= 5 | C4 pool=  1 got= 1 short=0 | 3.1s
[1035] size=13 budget= 1210 C1 valid=64 novel=57 | C2 uniq=56 | C3 draws= 1210 comp= 61 uniq= 61 novel= 59 pruned=   0 bt= 14 cap= 0 | C4 pool=400 got=56 short=0 | 7.9s
[1036] size=17 budget=  459 C1 valid=59 novel= 4 | C2 uniq= 7 | C3 draws=  459 comp=  3 uniq=  3 novel=  2 pruned=   0 bt=373 cap= 5 | C4 pool= 87 got= 7 short=0 | 3.8s
[1037] size=13 budget=  646 C1 valid=63 novel=21 | C2 uniq=11 | C3 draws=  646 comp=  6 uniq=  6 novel=  5 pruned=   0 bt=478 cap= 6 | C4 pool=187 got=11 short=0 | 5.2s
[1038] size=19 budget=  398 C1 valid=64 novel= 0 | C2 uniq= 5 | C3 draws=  398 comp=  4 uniq=  4 novel=  0 pruned=   0 bt=332 cap= 4 | C4 pool=  6 got= 5 short=0 | 3.1s
[1039] size=15 budget=  640 C1 valid=64 novel=64 | C2 uniq= 1 | C3 draws=  640 comp=  1 uniq=  1 novel=  1 pruned=   0 bt=533 cap= 7 | C4 pool=  2 got= 1 short=0 | 5.6s
[1040] size=11 budget= 1253 C1 valid=64 novel=45 | C2 uniq=39 | C3 draws= 1253 comp= 19 uniq= 19 novel= 15 pruned=   0 bt=729 cap= 9 | C4 pool=400 got=39 short=0 | 10.2s
[1041] size=11 budget=  512 C1 valid=64 novel= 0 | C2 uniq= 1 | C3 draws=  512 comp=  1 uniq=  1 novel=  0 pruned=   0 bt=432 cap= 6 | C4 pool=  1 got= 1 short=0 | 4.3s
[1042] size=19 budget= 1163 C1 valid=52 novel=39 | C2 uniq=18 | C3 draws= 1163 comp= 13 uniq= 13 novel= 12 pruned=   0 bt=723 cap=11 | C4 pool=400 got=18 short=0 | 10.1s
[1043] size= 9 budget=  320 C1 valid=64 novel= 0 | C2 uniq= 1 | C3 draws=  320 comp=  1 uniq=  1 novel=  0 pruned=   0 bt=279 cap= 3 | C4 pool=  1 got= 1 short=0 | 2.6s
[1044] size=11 budget=  584 C1 valid=59 novel=34 | C2 uniq= 3 | C3 draws=  584 comp=  5 uniq=  5 novel=  4 pruned=   0 bt=417 cap= 5 | C4 pool= 11 got= 3 short=0 | 5.0s
[1045] size=11 budget=  384 C1 valid=64 novel= 0 | C2 uniq= 2 | C3 draws=  384 comp=  2 uniq=  2 novel=  0 pruned=   0 bt=331 cap= 4 | C4 pool=  2 got= 2 short=0 | 3.1s
[1046] size=19 budget=  859 C1 valid=57 novel=47 | C2 uniq=18 | C3 draws=  859 comp= 12 uniq= 12 novel= 11 pruned=   0 bt=573 cap= 8 | C4 pool=166 got=18 short=0 | 7.2s
[1047] size=19 budget=  553 C1 valid=58 novel= 5 | C2 uniq= 2 | C3 draws=  553 comp=  2 uniq=  2 novel=  1 pruned=   0 bt=459 cap= 7 | C4 pool=  2 got= 2 short=0 | 4.6s
[1048] size=15 budget=  576 C1 valid=64 novel= 0 | C2 uniq= 1 | C3 draws=  576 comp=  1 uniq=  1 novel=  0 pruned=   0 bt=471 cap= 7 | C4 pool=  1 got= 1 short=0 | 4.8s
[1049] size=17 budget=  320 C1 valid=64 novel= 0 | C2 uniq= 1 | C3 draws=  320 comp=  1 uniq=  1 novel=  0 pruned=   0 bt=273 cap= 4 | C4 pool=  1 got= 1 short=0 | 2.5s
[1050] size=17 budget=  816 C1 valid=23 novel= 0 | C2 uniq= 2 | C3 draws=  816 comp=  2 uniq=  2 novel=  0 pruned=   0 bt=702 cap=10 | C4 pool=  2 got= 2 short=0 | 6.6s
[1051] size=17 budget=  820 C1 valid=16 novel=16 | C2 uniq= 2 | C3 draws=  820 comp=  7 uniq=  7 novel=  7 pruned=   0 bt=536 cap= 7 | C4 pool= 16 got= 2 short=0 | 7.3s
[1052] size=11 budget=  460 C1 valid=64 novel= 0 | C2 uniq= 3 | C3 draws=  460 comp=  3 uniq=  3 novel=  0 pruned=   0 bt=389 cap= 5 | C4 pool=  4 got= 3 short=0 | 3.7s
[1053] size=13 budget=  570 C1 valid=64 novel= 0 | C2 uniq= 4 | C3 draws=  570 comp=  4 uniq=  4 novel=  0 pruned=   0 bt=456 cap= 6 | C4 pool=  8 got= 4 short=0 | 4.7s
[1054] size=11 budget=  531 C1 valid=64 novel= 9 | C2 uniq= 5 | C3 draws=  531 comp=  2 uniq=  2 novel=  1 pruned=   0 bt=439 cap= 6 | C4 pool=  6 got= 5 short=0 | 4.4s
[1055] size=13 budget=  586 C1 valid=60 novel=11 | C2 uniq= 6 | C3 draws=  586 comp=  3 uniq=  3 novel=  1 pruned=   0 bt=485 cap= 6 | C4 pool=  6 got= 6 short=0 | 4.8s
[1056] size=17 budget=  348 C1 valid=64 novel= 0 | C2 uniq= 3 | C3 draws=  348 comp=  3 uniq=  3 novel=  0 pruned=   0 bt=288 cap= 4 | C4 pool=  3 got= 3 short=0 | 2.7s
[1057] size=17 budget=  576 C1 valid=59 novel=27 | C2 uniq= 3 | C3 draws=  576 comp=  4 uniq=  4 novel=  3 pruned=   0 bt=456 cap= 6 | C4 pool=  4 got= 3 short=0 | 4.7s
[1058] size=13 budget= 1676 C1 valid=53 novel=53 | C2 uniq=53 | C3 draws= 1676 comp= 57 uniq= 57 novel= 57 pruned=   0 bt=192 cap= 3 | C4 pool=400 got=53 short=0 | 12.3s
[1059] size=17 budget=  573 C1 valid=64 novel=23 | C2 uniq= 8 | C3 draws=  573 comp= 20 uniq= 20 novel= 18 pruned=   0 bt=227 cap= 0 | C4 pool=400 got= 8 short=0 | 4.3s
[1060] size=15 budget=  384 C1 valid=64 novel= 0 | C2 uniq= 2 | C3 draws=  384 comp=  2 uniq=  2 novel=  0 pruned=   0 bt=331 cap= 4 | C4 pool=  2 got= 2 short=0 | 3.1s
[1061] size=11 budget=  448 C1 valid=64 novel= 0 | C2 uniq= 1 | C3 draws=  448 comp=  1 uniq=  1 novel=  0 pruned=   0 bt=393 cap= 5 | C4 pool=  1 got= 1 short=0 | 3.6s
[1062] size=13 budget=  320 C1 valid=64 novel= 0 | C2 uniq= 1 | C3 draws=  320 comp=  1 uniq=  1 novel=  0 pruned=   0 bt=279 cap= 3 | C4 pool=  1 got= 1 short=0 | 2.6s
[1063] size=13 budget=  320 C1 valid=64 novel= 0 | C2 uniq= 1 | C3 draws=  320 comp=  1 uniq=  1 novel=  0 pruned=   0 bt=279 cap= 3 | C4 pool=  1 got= 1 short=0 | 2.6s
[1064] size=13 budget=  320 C1 valid=64 novel= 0 | C2 uniq= 1 | C3 draws=  320 comp=  1 uniq=  1 novel=  0 pruned=   0 bt=279 cap= 3 | C4 pool=  1 got= 1 short=0 | 2.6s
[1065] size=13 budget=  851 C1 valid=60 novel=29 | C2 uniq=32 | C3 draws=  851 comp= 22 uniq= 22 novel= 18 pruned=   0 bt=430 cap= 5 | C4 pool=400 got=32 short=0 | 6.4s
[1066] size= 9 budget=  736 C1 valid=64 novel= 1 | C2 uniq=15 | C3 draws=  736 comp=  5 uniq=  5 novel=  0 pruned=   0 bt=587 cap= 7 | C4 pool=197 got=15 short=0 | 6.1s
[1067] size=13 budget=  384 C1 valid=64 novel= 0 | C2 uniq= 1 | C3 draws=  384 comp=  1 uniq=  1 novel=  0 pruned=   0 bt=333 cap= 4 | C4 pool=  1 got= 1 short=0 | 3.1s
[1068] size=15 budget=  726 C1 valid=63 novel=25 | C2 uniq= 3 | C3 draws=  726 comp=  2 uniq=  2 novel=  1 pruned=   0 bt=594 cap= 8 | C4 pool=  4 got= 3 short=0 | 6.4s
[1069] size= 9 budget=  350 C1 valid=64 novel= 0 | C2 uniq= 2 | C3 draws=  350 comp=  2 uniq=  2 novel=  0 pruned=   0 bt=303 cap= 3 | C4 pool=  2 got= 2 short=0 | 2.8s
[1070] size=19 budget=  416 C1 valid=64 novel=24 | C2 uniq= 2 | C3 draws=  416 comp=  2 uniq=  2 novel=  1 pruned=   0 bt=353 cap= 5 | C4 pool=  2 got= 2 short=0 | 3.3s
[1071] size=17 budget= 1000 C1 valid=42 novel=38 | C2 uniq=30 | C3 draws= 1000 comp= 45 uniq= 45 novel= 44 pruned=   0 bt=233 cap= 0 | C4 pool=400 got=30 short=0 | 7.0s
[1072] size=13 budget=  384 C1 valid=64 novel= 0 | C2 uniq= 1 | C3 draws=  384 comp=  1 uniq=  1 novel=  0 pruned=   0 bt=333 cap= 4 | C4 pool=  1 got= 1 short=0 | 3.1s
[1073] size=19 budget=  457 C1 valid=64 novel= 4 | C2 uniq= 4 | C3 draws=  457 comp=  3 uniq=  3 novel=  0 pruned=   0 bt=389 cap= 5 | C4 pool=  4 got= 4 short=0 | 3.6s
[1074] size=15 budget=  771 C1 valid=58 novel=58 | C2 uniq=16 | C3 draws=  771 comp=  5 uniq=  5 novel=  5 pruned=   0 bt=594 cap= 8 | C4 pool=400 got=16 short=0 | 6.6s
[1075] size= 9 budget=  448 C1 valid=64 novel= 0 | C2 uniq= 1 | C3 draws=  448 comp=  1 uniq=  1 novel=  0 pruned=   0 bt=387 cap= 5 | C4 pool=  1 got= 1 short=0 | 3.6s
[1076] size= 9 budget=  604 C1 valid=64 novel=64 | C2 uniq= 3 | C3 draws=  604 comp=  3 uniq=  3 novel=  3 pruned=   0 bt=502 cap= 6 | C4 pool=  3 got= 3 short=0 | 4.9s
[1077] size=19 budget=  994 C1 valid=37 novel=37 | C2 uniq= 2 | C3 draws=  994 comp=  3 uniq=  3 novel=  3 pruned=   0 bt=715 cap=11 | C4 pool=  3 got= 2 short=0 | 9.9s
[1078] size= 9 budget=  565 C1 valid=64 novel=17 | C2 uniq=12 | C3 draws=  565 comp=  4 uniq=  4 novel=  1 pruned=   0 bt=458 cap= 6 | C4 pool= 87 got=12 short=0 | 4.5s
[1079] size=11 budget=  983 C1 valid=62 novel=62 | C2 uniq=30 | C3 draws=  983 comp= 25 uniq= 25 novel= 25 pruned=   0 bt=463 cap= 6 | C4 pool=400 got=30 short=0 | 7.7s
[1080] size=11 budget=  384 C1 valid=64 novel= 0 | C2 uniq= 1 | C3 draws=  384 comp=  1 uniq=  1 novel=  0 pruned=   0 bt=337 cap= 4 | C4 pool=  1 got= 1 short=0 | 3.1s
[1081] size=19 budget=  533 C1 valid=62 novel=17 | C2 uniq=15 | C3 draws=  533 comp=  8 uniq=  8 novel=  4 pruned=   0 bt=402 cap= 6 | C4 pool=179 got=15 short=0 | 4.2s
[1082] size= 9 budget=  893 C1 valid=61 novel=40 | C2 uniq=42 | C3 draws=  893 comp= 39 uniq= 39 novel= 33 pruned=   0 bt=195 cap= 2 | C4 pool=400 got=42 short=0 | 6.3s
[1083] size=15 budget=  320 C1 valid=64 novel= 0 | C2 uniq= 1 | C3 draws=  320 comp=  1 uniq=  1 novel=  0 pruned=   0 bt=282 cap= 3 | C4 pool=  1 got= 1 short=0 | 2.6s
[1084] size=15 budget=  512 C1 valid=64 novel= 0 | C2 uniq= 1 | C3 draws=  512 comp=  1 uniq=  1 novel=  0 pruned=   0 bt=427 cap= 6 | C4 pool=  2 got= 1 short=0 | 4.3s
[1085] size= 9 budget=  291 C1 valid=64 novel= 0 | C2 uniq= 2 | C3 draws=  291 comp=  2 uniq=  2 novel=  0 pruned=   0 bt=246 cap= 3 | C4 pool=  2 got= 2 short=0 | 2.3s
[1086] size=17 budget=  448 C1 valid=64 novel= 0 | C2 uniq= 1 | C3 draws=  448 comp=  1 uniq=  1 novel=  0 pruned=   0 bt=387 cap= 5 | C4 pool=  1 got= 1 short=0 | 3.6s
[1087] size=17 budget= 1030 C1 valid=19 novel=19 | C2 uniq= 9 | C3 draws= 1030 comp=  8 uniq=  8 novel=  8 pruned=   0 bt=740 cap= 9 | C4 pool=400 got= 9 short=0 | 8.8s
[1088] size=13 budget=  668 C1 valid=64 novel=24 | C2 uniq=16 | C3 draws=  668 comp=  6 uniq=  6 novel=  2 pruned=   0 bt=524 cap= 7 | C4 pool= 87 got=16 short=0 | 5.3s
[1089] size=13 budget=  695 C1 valid=62 novel=21 | C2 uniq=21 | C3 draws=  695 comp=  7 uniq=  7 novel=  4 pruned=   0 bt=508 cap= 7 | C4 pool=400 got=21 short=0 | 5.8s
[1090] size= 7 budget=  408 C1 valid=64 novel= 0 | C2 uniq= 3 | C3 draws=  408 comp=  4 uniq=  4 novel=  1 pruned=   0 bt=332 cap= 3 | C4 pool=  3 got= 3 short=0 | 3.3s
[1091] size=17 budget= 1065 C1 valid=58 novel=58 | C2 uniq= 6 | C3 draws= 1065 comp=  8 uniq=  8 novel=  8 pruned=   0 bt=682 cap=10 | C4 pool= 14 got= 6 short=0 | 9.8s
[1092] size=13 budget=  544 C1 valid=64 novel= 0 | C2 uniq= 3 | C3 draws=  544 comp=  3 uniq=  3 novel=  0 pruned=   0 bt=448 cap= 6 | C4 pool=  3 got= 3 short=0 | 4.5s
[1093] size=17 budget=  427 C1 valid=64 novel= 0 | C2 uniq= 5 | C3 draws=  427 comp=  5 uniq=  5 novel=  0 pruned=   0 bt=341 cap= 5 | C4 pool=  6 got= 5 short=0 | 3.3s
[1094] size= 9 budget=  512 C1 valid=64 novel= 0 | C2 uniq= 1 | C3 draws=  512 comp=  1 uniq=  1 novel=  0 pruned=   0 bt=443 cap= 5 | C4 pool=  1 got= 1 short=0 | 4.4s
[1095] size=19 budget=  557 C1 valid=64 novel=45 | C2 uniq= 2 | C3 draws=  557 comp=  2 uniq=  2 novel=  1 pruned=   0 bt=475 cap= 7 | C4 pool=  2 got= 2 short=0 | 4.5s
[1096] size=11 budget=  359 C1 valid=64 novel= 0 | C2 uniq= 6 | C3 draws=  359 comp=  4 uniq=  4 novel=  0 pruned=   0 bt=300 cap= 4 | C4 pool=  9 got= 6 short=0 | 2.8s
[1097] size=17 budget= 1437 C1 valid=10 novel=10 | C2 uniq= 9 | C3 draws= 1437 comp=  8 uniq=  8 novel=  8 pruned=   0 bt=1008 cap=16 | C4 pool=400 got= 9 short=0 | 12.4s
[1098] size=11 budget=  354 C1 valid=64 novel= 0 | C2 uniq= 7 | C3 draws=  354 comp=  4 uniq=  4 novel=  0 pruned=   0 bt=297 cap= 3 | C4 pool=  7 got= 7 short=0 | 2.8s
[1099] size=15 budget=  485 C1 valid=64 novel= 0 | C2 uniq= 5 | C3 draws=  485 comp=  3 uniq=  3 novel=  0 pruned=   0 bt=388 cap= 5 | C4 pool=  9 got= 5 short=0 | 4.0s
[1100] size=11 budget=  824 C1 valid=64 novel=35 | C2 uniq=15 | C3 draws=  824 comp= 26 uniq= 26 novel= 25 pruned=   0 bt=264 cap= 1 | C4 pool=400 got=15 short=0 | 6.4s
[1101] size=17 budget=  320 C1 valid=64 novel= 0 | C2 uniq= 1 | C3 draws=  320 comp=  1 uniq=  1 novel=  0 pruned=   0 bt=273 cap= 4 | C4 pool=  1 got= 1 short=0 | 2.6s
[1102] size=15 budget=  448 C1 valid=64 novel= 0 | C2 uniq= 1 | C3 draws=  448 comp=  1 uniq=  1 novel=  0 pruned=   0 bt=392 cap= 5 | C4 pool=  1 got= 1 short=0 | 3.6s
[1103] size=15 budget=  326 C1 valid=63 novel= 0 | C2 uniq= 1 | C3 draws=  326 comp=  1 uniq=  1 novel=  0 pruned=   0 bt=277 cap= 4 | C4 pool=  1 got= 1 short=0 | 2.7s
[1104] size=15 budget=  384 C1 valid=64 novel= 0 | C2 uniq= 1 | C3 draws=  384 comp=  1 uniq=  1 novel=  0 pruned=   0 bt=338 cap= 4 | C4 pool=  1 got= 1 short=0 | 3.1s
[1105] size=11 budget=  320 C1 valid=64 novel= 0 | C2 uniq= 1 | C3 draws=  320 comp=  1 uniq=  1 novel=  0 pruned=   0 bt=283 cap= 3 | C4 pool=  2 got= 1 short=0 | 2.6s
[1106] size=11 budget=  320 C1 valid=64 novel= 0 | C2 uniq= 1 | C3 draws=  320 comp=  1 uniq=  1 novel=  0 pruned=   0 bt=283 cap= 3 | C4 pool=  1 got= 1 short=0 | 2.6s
[1107] size=13 budget=  512 C1 valid=64 novel=64 | C2 uniq= 1 | C3 draws=  512 comp=  1 uniq=  1 novel=  1 pruned=   0 bt=420 cap= 6 | C4 pool=  1 got= 1 short=0 | 4.4s
[1108] size=11 budget=  256 C1 valid=64 novel= 0 | C2 uniq= 1 | C3 draws=  256 comp=  1 uniq=  1 novel=  0 pruned=   0 bt=225 cap= 3 | C4 pool=  1 got= 1 short=0 | 2.1s
[1109] size= 9 budget=  605 C1 valid=64 novel= 0 | C2 uniq= 3 | C3 draws=  605 comp=  3 uniq=  3 novel=  0 pruned=   0 bt=487 cap= 6 | C4 pool=  3 got= 3 short=0 | 5.1s
[1110] size=15 budget=  577 C1 valid=63 novel=63 | C2 uniq= 1 | C3 draws=  577 comp=  1 uniq=  1 novel=  1 pruned=   0 bt=488 cap= 7 | C4 pool=  1 got= 1 short=0 | 4.7s
[1111] size=17 budget=  512 C1 valid=64 novel= 8 | C2 uniq= 2 | C3 draws=  512 comp=  2 uniq=  2 novel=  1 pruned=   0 bt=421 cap= 6 | C4 pool=  2 got= 2 short=0 | 4.2s
[1112] size=19 budget=  320 C1 valid=64 novel= 0 | C2 uniq= 2 | C3 draws=  320 comp=  2 uniq=  2 novel=  0 pruned=   0 bt=269 cap= 4 | C4 pool=  2 got= 2 short=0 | 2.6s
[1113] size=17 budget=  384 C1 valid=64 novel= 0 | C2 uniq= 1 | C3 draws=  384 comp=  1 uniq=  1 novel=  0 pruned=   0 bt=334 cap= 4 | C4 pool=  1 got= 1 short=0 | 3.1s
[1114] size=15 budget=  826 C1 valid=64 novel=44 | C2 uniq=45 | C3 draws=  826 comp= 55 uniq= 55 novel= 48 pruned=   0 bt= 38 cap= 0 | C4 pool=400 got=45 short=0 | 5.1s
[1115] size= 9 budget=  609 C1 valid=64 novel=11 | C2 uniq= 3 | C3 draws=  609 comp=  2 uniq=  2 novel=  0 pruned=   0 bt=527 cap= 6 | C4 pool=  3 got= 3 short=0 | 4.9s
[1116] size=11 budget=  878 C1 valid=51 novel=21 | C2 uniq=25 | C3 draws=  878 comp= 11 uniq= 11 novel=  9 pruned=   0 bt=612 cap= 7 | C4 pool=400 got=25 short=0 | 7.1s
[1117] size=13 budget=  576 C1 valid=64 novel= 0 | C2 uniq= 1 | C3 draws=  576 comp=  1 uniq=  1 novel=  0 pruned=   0 bt=497 cap= 6 | C4 pool=  2 got= 1 short=0 | 4.9s
[1118] size=11 budget=  320 C1 valid=64 novel= 0 | C2 uniq= 1 | C3 draws=  320 comp=  1 uniq=  1 novel=  0 pruned=   0 bt=283 cap= 3 | C4 pool=  1 got= 1 short=0 | 2.6s
[1119] size=13 budget=  384 C1 valid=64 novel= 0 | C2 uniq= 2 | C3 draws=  384 comp=  2 uniq=  2 novel=  0 pruned=   0 bt=329 cap= 4 | C4 pool=  2 got= 2 short=0 | 3.1s
[1120] size=17 budget=  781 C1 valid=64 novel=64 | C2 uniq= 2 | C3 draws=  781 comp=  4 uniq=  4 novel=  4 pruned=   0 bt=568 cap= 8 | C4 pool=  2 got= 2 short=0 | 6.5s
[1121] size=19 budget=  424 C1 valid=64 novel= 0 | C2 uniq= 2 | C3 draws=  424 comp=  2 uniq=  2 novel=  0 pruned=   0 bt=362 cap= 5 | C4 pool=  2 got= 2 short=0 | 3.4s
[1122] size=13 budget=  444 C1 valid=64 novel= 0 | C2 uniq= 2 | C3 draws=  444 comp=  2 uniq=  2 novel=  0 pruned=   0 bt=377 cap= 5 | C4 pool=  2 got= 2 short=0 | 3.5s
[1123] size=19 budget=  905 C1 valid=62 novel=36 | C2 uniq=16 | C3 draws=  905 comp=  9 uniq=  9 novel=  6 pruned=   0 bt=644 cap=10 | C4 pool=400 got=16 short=0 | 8.2s
[1124] size=17 budget= 1183 C1 valid=64 novel=64 | C2 uniq= 4 | C3 draws= 1183 comp=  4 uniq=  4 novel=  4 pruned=   0 bt=810 cap=14 | C4 pool=  4 got= 4 short=0 | 10.9s
[1125] size=17 budget=  384 C1 valid=64 novel= 0 | C2 uniq= 1 | C3 draws=  384 comp=  1 uniq=  1 novel=  0 pruned=   0 bt=334 cap= 4 | C4 pool=  1 got= 1 short=0 | 3.1s
[1126] size=17 budget= 1244 C1 valid=58 novel=52 | C2 uniq=22 | C3 draws= 1244 comp= 21 uniq= 21 novel= 19 pruned=   0 bt=638 cap=10 | C4 pool=400 got=22 short=0 | 10.9s
[1127] size=17 budget=  724 C1 valid=60 novel=19 | C2 uniq=22 | C3 draws=  724 comp= 10 uniq= 10 novel=  8 pruned=   0 bt=475 cap= 6 | C4 pool=400 got=22 short=0 | 6.3s
[1128] size=11 budget=  440 C1 valid=56 novel= 0 | C2 uniq= 1 | C3 draws=  440 comp=  1 uniq=  1 novel=  0 pruned=   0 bt=384 cap= 5 | C4 pool=  1 got= 1 short=0 | 3.6s
[1129] size=11 budget=  384 C1 valid=64 novel= 0 | C2 uniq= 1 | C3 draws=  384 comp=  1 uniq=  1 novel=  0 pruned=   0 bt=337 cap= 4 | C4 pool=  1 got= 1 short=0 | 3.1s
[1130] size=19 budget=  704 C1 valid=64 novel=64 | C2 uniq= 1 | C3 draws=  704 comp=  1 uniq=  1 novel=  1 pruned=   0 bt=563 cap= 9 | C4 pool=  2 got= 1 short=0 | 6.1s
[1131] size=13 budget=  535 C1 valid=64 novel=13 | C2 uniq= 7 | C3 draws=  535 comp=  4 uniq=  4 novel=  2 pruned=   0 bt=424 cap= 6 | C4 pool=  8 got= 7 short=0 | 4.4s
[1132] size=13 budget=  467 C1 valid=64 novel= 0 | C2 uniq= 3 | C3 draws=  467 comp=  3 uniq=  3 novel=  0 pruned=   0 bt=391 cap= 5 | C4 pool=  4 got= 3 short=0 | 3.7s
[1133] size=13 budget=  375 C1 valid=64 novel= 7 | C2 uniq= 4 | C3 draws=  375 comp=  4 uniq=  4 novel=  1 pruned=   0 bt=304 cap= 4 | C4 pool=  4 got= 4 short=0 | 3.0s
[1134] size=13 budget=  641 C1 valid=64 novel=43 | C2 uniq= 5 | C3 draws=  641 comp=  6 uniq=  6 novel=  5 pruned=   0 bt=477 cap= 6 | C4 pool=  5 got= 5 short=0 | 5.3s
[1135] size=13 budget=  564 C1 valid=64 novel= 0 | C2 uniq= 3 | C3 draws=  564 comp=  3 uniq=  3 novel=  0 pruned=   0 bt=467 cap= 6 | C4 pool=  4 got= 3 short=0 | 4.7s
[1136] size=17 budget=  918 C1 valid=53 novel=53 | C2 uniq=17 | C3 draws=  918 comp= 15 uniq= 15 novel= 15 pruned=   0 bt=585 cap= 7 | C4 pool=400 got=17 short=0 | 7.3s
[1137] size=13 budget=  448 C1 valid=64 novel= 0 | C2 uniq= 1 | C3 draws=  448 comp=  1 uniq=  1 novel=  0 pruned=   0 bt=387 cap= 5 | C4 pool=  1 got= 1 short=0 | 3.6s
[1138] size= 7 budget=  361 C1 valid=64 novel= 0 | C2 uniq= 2 | C3 draws=  361 comp=  2 uniq=  2 novel=  0 pruned=   0 bt=315 cap= 4 | C4 pool=  2 got= 2 short=0 | 2.9s
[1139] size=15 budget=  320 C1 valid=64 novel= 0 | C2 uniq= 1 | C3 draws=  320 comp=  1 uniq=  1 novel=  0 pruned=   0 bt=282 cap= 3 | C4 pool=  1 got= 1 short=0 | 2.6s
[1140] size=13 budget=  384 C1 valid=64 novel= 0 | C2 uniq= 1 | C3 draws=  384 comp=  1 uniq=  1 novel=  0 pruned=   0 bt=333 cap= 4 | C4 pool=  1 got= 1 short=0 | 3.1s
[1141] size=17 budget=  522 C1 valid=64 novel=37 | C2 uniq= 2 | C3 draws=  522 comp=  2 uniq=  2 novel=  1 pruned=   0 bt=443 cap= 6 | C4 pool=  2 got= 2 short=0 | 4.2s
[1142] size=11 budget= 1179 C1 valid=63 novel=62 | C2 uniq=56 | C3 draws= 1179 comp= 59 uniq= 59 novel= 59 pruned=   0 bt=  5 cap= 0 | C4 pool=400 got=56 short=0 | 8.4s
[1143] size= 9 budget=  320 C1 valid=64 novel= 0 | C2 uniq= 1 | C3 draws=  320 comp=  1 uniq=  1 novel=  0 pruned=   0 bt=279 cap= 3 | C4 pool=  1 got= 1 short=0 | 2.6s
[1144] size=11 budget=  448 C1 valid=64 novel= 0 | C2 uniq= 1 | C3 draws=  448 comp=  1 uniq=  1 novel=  0 pruned=   0 bt=393 cap= 5 | C4 pool=  1 got= 1 short=0 | 3.6s
[1145] size=11 budget=  384 C1 valid=64 novel= 0 | C2 uniq= 1 | C3 draws=  384 comp=  1 uniq=  1 novel=  0 pruned=   0 bt=337 cap= 4 | C4 pool=  1 got= 1 short=0 | 3.1s
[1146] size=19 budget=  462 C1 valid=64 novel=14 | C2 uniq= 2 | C3 draws=  462 comp=  2 uniq=  2 novel=  1 pruned=   0 bt=398 cap= 5 | C4 pool=  2 got= 2 short=0 | 3.7s
[1147] size= 9 budget=  320 C1 valid=64 novel= 0 | C2 uniq= 1 | C3 draws=  320 comp=  1 uniq=  1 novel=  0 pruned=   0 bt=279 cap= 3 | C4 pool=  1 got= 1 short=0 | 2.6s
[1148] size=17 budget=  530 C1 valid=64 novel=12 | C2 uniq= 6 | C3 draws=  530 comp=  1 uniq=  1 novel=  0 pruned=   0 bt=462 cap= 6 | C4 pool= 41 got= 6 short=0 | 4.4s
[1149] size=11 budget=  805 C1 valid=62 novel=22 | C2 uniq= 5 | C3 draws=  805 comp=  6 uniq=  6 novel=  5 pruned=   0 bt=602 cap= 8 | C4 pool=  9 got= 5 short=0 | 6.8s
[1150] size=13 budget= 1160 C1 valid=63 novel=36 | C2 uniq=13 | C3 draws= 1160 comp= 11 uniq= 11 novel=  8 pruned=   0 bt=818 cap= 9 | C4 pool= 58 got=13 short=0 | 10.3s
[1151] size=19 budget= 1176 C1 valid=57 novel=57 | C2 uniq= 2 | C3 draws= 1176 comp=  6 uniq=  6 novel=  6 pruned=   0 bt=842 cap=12 | C4 pool= 13 got= 2 short=0 | 10.7s
[1152] size=11 budget=  512 C1 valid=64 novel= 0 | C2 uniq= 1 | C3 draws=  512 comp=  1 uniq=  1 novel=  0 pruned=   0 bt=432 cap= 6 | C4 pool=  1 got= 1 short=0 | 4.2s
[1153] size=19 budget=  320 C1 valid=64 novel= 0 | C2 uniq= 1 | C3 draws=  320 comp=  1 uniq=  1 novel=  0 pruned=   0 bt=274 cap= 4 | C4 pool=  1 got= 1 short=0 | 2.6s
[1154] size=17 budget=  638 C1 valid=64 novel=37 | C2 uniq=16 | C3 draws=  638 comp= 14 uniq= 14 novel=  9 pruned=   0 bt=422 cap= 6 | C4 pool= 25 got=16 short=0 | 5.0s
[1155] size=15 budget=  715 C1 valid=61 novel=45 | C2 uniq= 6 | C3 draws=  715 comp=  8 uniq=  8 novel=  7 pruned=   0 bt=495 cap= 5 | C4 pool= 44 got= 6 short=0 | 6.2s
[1156] size=11 budget=  384 C1 valid=64 novel= 0 | C2 uniq= 1 | C3 draws=  384 comp=  1 uniq=  1 novel=  0 pruned=   0 bt=337 cap= 4 | C4 pool=  1 got= 1 short=0 | 3.1s
[1157] size=15 budget=  448 C1 valid=64 novel= 0 | C2 uniq= 1 | C3 draws=  448 comp=  1 uniq=  1 novel=  0 pruned=   0 bt=392 cap= 5 | C4 pool=  1 got= 1 short=0 | 3.6s
[1158] size=11 budget=  384 C1 valid=64 novel= 0 | C2 uniq= 1 | C3 draws=  384 comp=  1 uniq=  1 novel=  0 pruned=   0 bt=337 cap= 4 | C4 pool=  1 got= 1 short=0 | 3.1s
[1159] size=19 budget=  431 C1 valid=44 novel= 0 | C2 uniq= 2 | C3 draws=  431 comp=  2 uniq=  2 novel=  0 pruned=   0 bt=368 cap= 5 | C4 pool=  2 got= 2 short=0 | 3.5s
[1160] size=19 budget=  384 C1 valid=64 novel= 0 | C2 uniq= 1 | C3 draws=  384 comp=  1 uniq=  1 novel=  0 pruned=   0 bt=335 cap= 5 | C4 pool=  1 got= 1 short=0 | 3.1s
[1161] size=19 budget=  384 C1 valid=58 novel= 0 | C2 uniq= 3 | C3 draws=  384 comp=  2 uniq=  2 novel=  0 pruned=   0 bt=333 cap= 4 | C4 pool=  4 got= 3 short=0 | 3.1s
[1162] size= 9 budget=  836 C1 valid=64 novel=38 | C2 uniq=19 | C3 draws=  836 comp=  8 uniq=  8 novel=  6 pruned=   0 bt=584 cap= 8 | C4 pool=241 got=19 short=0 | 7.2s
[1163] size=13 budget=  357 C1 valid=62 novel= 0 | C2 uniq= 3 | C3 draws=  357 comp=  3 uniq=  3 novel=  0 pruned=   0 bt=295 cap= 4 | C4 pool=  3 got= 3 short=0 | 2.8s
[1164] size=17 budget=  357 C1 valid=64 novel= 0 | C2 uniq= 2 | C3 draws=  357 comp=  2 uniq=  2 novel=  0 pruned=   0 bt=301 cap= 4 | C4 pool=  2 got= 2 short=0 | 2.8s
[1165] size=15 budget=  389 C1 valid=41 novel= 0 | C2 uniq= 1 | C3 draws=  389 comp=  1 uniq=  1 novel=  0 pruned=   0 bt=340 cap= 4 | C4 pool=  1 got= 1 short=0 | 3.1s
[1166] size=19 budget=  796 C1 valid=59 novel=17 | C2 uniq=20 | C3 draws=  796 comp= 10 uniq= 10 novel=  7 pruned=   0 bt=544 cap= 7 | C4 pool=400 got=20 short=0 | 6.8s
[1167] size=11 budget=  612 C1 valid=63 novel=25 | C2 uniq=12 | C3 draws=  612 comp=  7 uniq=  7 novel=  5 pruned=   0 bt=451 cap= 6 | C4 pool=400 got=12 short=0 | 4.9s
[1168] size= 9 budget=  384 C1 valid=64 novel= 0 | C2 uniq= 1 | C3 draws=  384 comp=  1 uniq=  1 novel=  0 pruned=   0 bt=333 cap= 4 | C4 pool=  1 got= 1 short=0 | 3.1s
[1169] size=19 budget=  256 C1 valid=64 novel= 0 | C2 uniq= 1 | C3 draws=  256 comp=  1 uniq=  1 novel=  0 pruned=   0 bt=219 cap= 3 | C4 pool=  1 got= 1 short=0 | 2.1s
[1170] size=13 budget=  486 C1 valid=55 novel= 0 | C2 uniq= 1 | C3 draws=  486 comp=  1 uniq=  1 novel=  0 pruned=   0 bt=426 cap= 5 | C4 pool=  1 got= 1 short=0 | 4.1s
[1171] size=13 budget=  636 C1 valid=64 novel=64 | C2 uniq= 4 | C3 draws=  636 comp=  2 uniq=  2 novel=  2 pruned=   0 bt=514 cap= 7 | C4 pool=  4 got= 4 short=0 | 5.4s
[1172] size=11 budget=  448 C1 valid=64 novel= 0 | C2 uniq= 1 | C3 draws=  448 comp=  1 uniq=  1 novel=  0 pruned=   0 bt=393 cap= 5 | C4 pool=  1 got= 1 short=0 | 3.6s
[1173] size=11 budget=  256 C1 valid=64 novel= 0 | C2 uniq= 1 | C3 draws=  256 comp=  1 uniq=  1 novel=  0 pruned=   0 bt=225 cap= 3 | C4 pool=  1 got= 1 short=0 | 2.1s
[1174] size= 5 budget=  320 C1 valid=64 novel= 0 | C2 uniq= 1 | C3 draws=  320 comp=  1 uniq=  1 novel=  0 pruned=   0 bt=284 cap= 3 | C4 pool=  1 got= 1 short=0 | 2.6s
[1175] size=19 budget=  906 C1 valid=40 novel=40 | C2 uniq= 3 | C3 draws=  906 comp=  6 uniq=  6 novel=  6 pruned=   0 bt=683 cap= 7 | C4 pool= 10 got= 3 short=0 | 7.8s
[1176] size=19 budget= 1493 C1 valid=17 novel=17 | C2 uniq=11 | C3 draws= 1493 comp= 10 uniq= 10 novel= 10 pruned=   0 bt=937 cap=16 | C4 pool=400 got=11 short=0 | 14.5s
[1177] size=11 budget=  512 C1 valid=64 novel= 0 | C2 uniq= 2 | C3 draws=  512 comp=  2 uniq=  2 novel=  0 pruned=   0 bt=431 cap= 5 | C4 pool=  3 got= 2 short=0 | 4.3s
[1178] size=15 budget=  583 C1 valid=64 novel=20 | C2 uniq=10 | C3 draws=  583 comp=  4 uniq=  4 novel=  2 pruned=   0 bt=472 cap= 6 | C4 pool=220 got=10 short=0 | 4.8s
[1179] size=13 budget=  320 C1 valid=64 novel= 0 | C2 uniq= 1 | C3 draws=  320 comp=  1 uniq=  1 novel=  0 pruned=   0 bt=279 cap= 3 | C4 pool=  1 got= 1 short=0 | 2.6s
[1180] size=15 budget=  320 C1 valid=64 novel= 0 | C2 uniq= 1 | C3 draws=  320 comp=  1 uniq=  1 novel=  0 pruned=   0 bt=282 cap= 3 | C4 pool=  1 got= 1 short=0 | 2.6s
[1181] size=15 budget=  588 C1 valid=63 novel=23 | C2 uniq= 3 | C3 draws=  588 comp=  2 uniq=  2 novel=  1 pruned=   0 bt=483 cap= 7 | C4 pool=  3 got= 3 short=0 | 4.9s
[1182] size=19 budget=  767 C1 valid=64 novel=22 | C2 uniq=26 | C3 draws=  767 comp= 12 uniq= 12 novel=  5 pruned=   0 bt=511 cap= 7 | C4 pool=400 got=26 short=0 | 6.0s
[1183] size=15 budget=  998 C1 valid=64 novel=64 | C2 uniq= 2 | C3 draws=  998 comp=  2 uniq=  2 novel=  2 pruned=   0 bt=730 cap=12 | C4 pool=  4 got= 2 short=0 | 9.2s
[1184] size=19 budget=  367 C1 valid=60 novel= 0 | C2 uniq= 1 | C3 draws=  367 comp=  1 uniq=  1 novel=  0 pruned=   0 bt=322 cap= 4 | C4 pool=  1 got= 1 short=0 | 3.1s
[1185] size=19 budget=  402 C1 valid=64 novel= 0 | C2 uniq= 2 | C3 draws=  402 comp=  2 uniq=  2 novel=  0 pruned=   0 bt=340 cap= 5 | C4 pool=  2 got= 2 short=0 | 3.2s
[1186] size=19 budget=  512 C1 valid=64 novel=64 | C2 uniq= 1 | C3 draws=  512 comp=  3 uniq=  3 novel=  3 pruned=   0 bt=387 cap= 5 | C4 pool=  1 got= 1 short=0 | 4.1s
[1187] size=19 budget= 1047 C1 valid=64 novel=54 | C2 uniq= 9 | C3 draws= 1047 comp=  8 uniq=  8 novel=  7 pruned=   0 bt=716 cap=11 | C4 pool=104 got= 9 short=0 | 9.0s
[1188] size=13 budget=  445 C1 valid=64 novel= 0 | C2 uniq= 4 | C3 draws=  445 comp=  1 uniq=  1 novel=  0 pruned=   0 bt=387 cap= 5 | C4 pool=  4 got= 4 short=0 | 3.6s
[1189] size= 9 budget=  355 C1 valid=63 novel= 0 | C2 uniq= 2 | C3 draws=  355 comp=  2 uniq=  2 novel=  0 pruned=   0 bt=304 cap= 4 | C4 pool=  2 got= 2 short=0 | 2.8s
[1190] size=11 budget=  784 C1 valid=64 novel= 0 | C2 uniq= 5 | C3 draws=  784 comp=  6 uniq=  6 novel=  2 pruned=   0 bt=560 cap= 7 | C4 pool=  9 got= 5 short=0 | 6.9s
[1191] size=15 budget=  404 C1 valid=51 novel= 0 | C2 uniq= 1 | C3 draws=  404 comp=  1 uniq=  1 novel=  0 pruned=   0 bt=355 cap= 5 | C4 pool=  1 got= 1 short=0 | 3.3s
[1192] size=11 budget=  391 C1 valid=64 novel= 0 | C2 uniq= 5 | C3 draws=  391 comp=  4 uniq=  4 novel=  0 pruned=   0 bt=314 cap= 4 | C4 pool=  5 got= 5 short=0 | 3.2s
[1193] size=19 budget= 1097 C1 valid=60 novel=11 | C2 uniq=17 | C3 draws= 1097 comp= 19 uniq= 19 novel=  7 pruned=   0 bt=615 cap= 8 | C4 pool=400 got=17 short=0 | 9.6s
[1194] size=19 budget=  384 C1 valid=64 novel= 0 | C2 uniq= 1 | C3 draws=  384 comp=  1 uniq=  1 novel=  0 pruned=   0 bt=335 cap= 5 | C4 pool=  1 got= 1 short=0 | 3.2s
[1195] size=13 budget=  715 C1 valid=64 novel= 0 | C2 uniq= 2 | C3 draws=  715 comp=  2 uniq=  2 novel=  0 pruned=   0 bt=575 cap= 8 | C4 pool=  2 got= 2 short=0 | 6.1s
[1196] size=19 budget=  320 C1 valid=64 novel= 0 | C2 uniq= 1 | C3 draws=  320 comp=  1 uniq=  1 novel=  0 pruned=   0 bt=274 cap= 4 | C4 pool=  1 got= 1 short=0 | 2.6s
[1197] size=19 budget=  512 C1 valid=64 novel=64 | C2 uniq= 1 | C3 draws=  512 comp=  1 uniq=  1 novel=  1 pruned=   0 bt=447 cap= 6 | C4 pool=  1 got= 1 short=0 | 4.3s
[1198] size=11 budget=  623 C1 valid=64 novel= 6 | C2 uniq=17 | C3 draws=  623 comp= 23 uniq= 23 novel= 12 pruned=   0 bt=192 cap= 0 | C4 pool=400 got=17 short=0 | 4.9s
[1199] size=15 budget=  496 C1 valid=64 novel= 0 | C2 uniq= 2 | C3 draws=  496 comp=  2 uniq=  2 novel=  0 pruned=   0 bt=420 cap= 6 | C4 pool=  2 got= 2 short=0 | 3.9s
[1200] size=19 budget=  469 C1 valid=59 novel=16 | C2 uniq= 7 | C3 draws=  469 comp=  3 uniq=  3 novel=  1 pruned=   0 bt=397 cap= 5 | C4 pool=  8 got= 7 short=0 | 3.8s
[1201] size= 9 budget=  568 C1 valid=64 novel=13 | C2 uniq=13 | C3 draws=  568 comp=  7 uniq=  7 novel=  2 pruned=   0 bt=429 cap= 5 | C4 pool=347 got=13 short=0 | 4.8s
[1202] size=17 budget=  894 C1 valid=45 novel=45 | C2 uniq=15 | C3 draws=  894 comp= 19 uniq= 19 novel= 19 pruned=   0 bt=484 cap= 5 | C4 pool=400 got=15 short=0 | 7.5s
[1203] size=17 budget=  512 C1 valid=64 novel= 0 | C2 uniq= 1 | C3 draws=  512 comp=  1 uniq=  1 novel=  0 pruned=   0 bt=441 cap= 6 | C4 pool=  1 got= 1 short=0 | 4.1s
[1204] size=19 budget=  320 C1 valid=64 novel= 0 | C2 uniq= 1 | C3 draws=  320 comp=  1 uniq=  1 novel=  0 pruned=   0 bt=274 cap= 4 | C4 pool=  1 got= 1 short=0 | 2.6s
[1205] size=11 budget=  832 C1 valid=64 novel= 0 | C2 uniq= 1 | C3 draws=  832 comp=  1 uniq=  1 novel=  0 pruned=   0 bt=659 cap= 9 | C4 pool=  2 got= 1 short=0 | 7.4s
[1206] size=15 budget=  923 C1 valid=63 novel=18 | C2 uniq= 4 | C3 draws=  923 comp=  5 uniq=  5 novel=  4 pruned=   0 bt=664 cap=10 | C4 pool= 30 got= 4 short=0 | 8.0s
[1207] size=13 budget=  358 C1 valid=64 novel= 0 | C2 uniq= 3 | C3 draws=  358 comp=  3 uniq=  3 novel=  0 pruned=   0 bt=297 cap= 4 | C4 pool=  3 got= 3 short=0 | 2.8s
[1208] size=13 budget=  794 C1 valid=59 novel=36 | C2 uniq= 2 | C3 draws=  794 comp=  2 uniq=  2 novel=  1 pruned=   0 bt=640 cap= 9 | C4 pool=  2 got= 2 short=0 | 6.8s
[1209] size=19 budget= 1025 C1 valid=31 novel=14 | C2 uniq=19 | C3 draws= 1025 comp= 18 uniq= 18 novel= 12 pruned=   0 bt=594 cap= 8 | C4 pool=400 got=19 short=0 | 9.2s
[1210] size=17 budget=  320 C1 valid=64 novel= 0 | C2 uniq= 1 | C3 draws=  320 comp=  1 uniq=  1 novel=  0 pruned=   0 bt=273 cap= 4 | C4 pool=  1 got= 1 short=0 | 2.6s
[1211] size=17 budget=  396 C1 valid=64 novel= 0 | C2 uniq= 2 | C3 draws=  396 comp=  2 uniq=  2 novel=  0 pruned=   0 bt=338 cap= 4 | C4 pool=  4 got= 2 short=0 | 3.2s
[1212] size=13 budget=  448 C1 valid=64 novel= 0 | C2 uniq= 1 | C3 draws=  448 comp=  1 uniq=  1 novel=  0 pruned=   0 bt=387 cap= 5 | C4 pool=  1 got= 1 short=0 | 3.6s
[1213] size=15 budget= 1177 C1 valid=61 novel=57 | C2 uniq=54 | C3 draws= 1177 comp= 59 uniq= 59 novel= 58 pruned=   0 bt= 30 cap= 0 | C4 pool=400 got=54 short=0 | 7.8s
[1214] size= 7 budget=  320 C1 valid=64 novel= 0 | C2 uniq= 1 | C3 draws=  320 comp=  1 uniq=  1 novel=  0 pruned=   0 bt=288 cap= 3 | C4 pool=  1 got= 1 short=0 | 2.6s
[1215] size=11 budget=  705 C1 valid=63 novel=21 | C2 uniq=19 | C3 draws=  705 comp= 13 uniq= 13 novel= 12 pruned=   0 bt=404 cap= 5 | C4 pool=400 got=19 short=0 | 5.8s
[1216] size= 9 budget=  306 C1 valid=64 novel= 0 | C2 uniq= 7 | C3 draws=  306 comp=  3 uniq=  3 novel=  0 pruned=   0 bt=255 cap= 3 | C4 pool=  8 got= 7 short=0 | 2.4s
[1217] size=13 budget=  704 C1 valid=64 novel=64 | C2 uniq= 1 | C3 draws=  704 comp=  1 uniq=  1 novel=  1 pruned=   0 bt=611 cap= 8 | C4 pool=  1 got= 1 short=0 | 6.0s
[1218] size=17 budget= 1107 C1 valid=63 novel=63 | C2 uniq= 5 | C3 draws= 1107 comp=  2 uniq=  2 novel=  2 pruned=   0 bt=784 cap=13 | C4 pool=  2 got= 2 short=3 | 9.8s
[1219] size=11 budget=  319 C1 valid=64 novel= 0 | C2 uniq= 6 | C3 draws=  319 comp=  3 uniq=  3 novel=  0 pruned=   0 bt=270 cap= 3 | C4 pool=  6 got= 6 short=0 | 2.5s
[1220] size=15 budget=  366 C1 valid=64 novel= 0 | C2 uniq= 2 | C3 draws=  366 comp=  2 uniq=  2 novel=  0 pruned=   0 bt=311 cap= 4 | C4 pool=  2 got= 2 short=0 | 2.9s
[1221] size=19 budget=  524 C1 valid=64 novel=14 | C2 uniq= 6 | C3 draws=  524 comp=  6 uniq=  6 novel=  3 pruned=   0 bt=407 cap= 5 | C4 pool=  7 got= 6 short=0 | 4.2s
[1222] size=17 budget=  448 C1 valid=64 novel= 0 | C2 uniq= 1 | C3 draws=  448 comp=  1 uniq=  1 novel=  0 pruned=   0 bt=387 cap= 5 | C4 pool=  1 got= 1 short=0 | 3.6s
[1223] size=15 budget=  502 C1 valid=54 novel= 0 | C2 uniq= 1 | C3 draws=  502 comp=  1 uniq=  1 novel=  0 pruned=   0 bt=437 cap= 6 | C4 pool=  1 got= 1 short=0 | 4.0s
[1224] size=15 budget=  406 C1 valid=61 novel= 6 | C2 uniq= 3 | C3 draws=  406 comp=  4 uniq=  4 novel=  2 pruned=   0 bt=328 cap= 4 | C4 pool=  5 got= 3 short=0 | 3.3s
[1225] size=11 budget=  320 C1 valid=64 novel= 0 | C2 uniq= 1 | C3 draws=  320 comp=  1 uniq=  1 novel=  0 pruned=   0 bt=283 cap= 3 | C4 pool=  1 got= 1 short=0 | 2.6s
[1226] size=13 budget=  384 C1 valid=64 novel= 0 | C2 uniq= 2 | C3 draws=  384 comp=  2 uniq=  2 novel=  0 pruned=   0 bt=327 cap= 4 | C4 pool=  2 got= 2 short=0 | 3.1s
[1227] size=11 budget=  329 C1 valid=55 novel= 0 | C2 uniq= 1 | C3 draws=  329 comp=  1 uniq=  1 novel=  0 pruned=   0 bt=292 cap= 3 | C4 pool=  1 got= 1 short=0 | 2.7s
[1228] size=13 budget=  384 C1 valid=64 novel= 0 | C2 uniq= 2 | C3 draws=  384 comp=  2 uniq=  2 novel=  0 pruned=   0 bt=327 cap= 4 | C4 pool=  2 got= 2 short=0 | 3.1s
[1229] size=15 budget=  753 C1 valid=57 novel=22 | C2 uniq=13 | C3 draws=  753 comp=  4 uniq=  4 novel=  2 pruned=   0 bt=608 cap= 8 | C4 pool=400 got=13 short=0 | 6.5s
[1230] size=15 budget= 1970 C1 valid= 0 novel= 0 | C2 uniq= 0 | C3 draws= 1970 comp=  4 uniq=  4 novel=  4 pruned=   0 bt=1207 cap=23 | C4 pool=  0 got= 0 short=0 | 18.0s
[1231] size=13 budget= 1104 C1 valid=61 novel=56 | C2 uniq=40 | C3 draws= 1104 comp= 27 uniq= 27 novel= 25 pruned=   0 bt=529 cap= 7 | C4 pool=400 got=40 short=0 | 8.5s
[1232] size=13 budget=  320 C1 valid=64 novel= 0 | C2 uniq= 1 | C3 draws=  320 comp=  1 uniq=  1 novel=  0 pruned=   0 bt=279 cap= 3 | C4 pool=  1 got= 1 short=0 | 2.6s
[1233] size=13 budget= 1504 C1 valid=13 novel=13 | C2 uniq=11 | C3 draws= 1504 comp=  6 uniq=  6 novel=  6 pruned=   0 bt=1097 cap=16 | C4 pool=400 got=11 short=0 | 14.9s
[1234] size=15 budget=  832 C1 valid=64 novel=49 | C2 uniq= 2 | C3 draws=  832 comp=  2 uniq=  2 novel=  1 pruned=   0 bt=672 cap=10 | C4 pool=  2 got= 2 short=0 | 7.3s
[1235] size=15 budget=  384 C1 valid=64 novel= 0 | C2 uniq= 1 | C3 draws=  384 comp=  1 uniq=  1 novel=  0 pruned=   0 bt=338 cap= 4 | C4 pool=  1 got= 1 short=0 | 3.1s
[1236] size=11 budget=  384 C1 valid=64 novel= 0 | C2 uniq= 1 | C3 draws=  384 comp=  1 uniq=  1 novel=  0 pruned=   0 bt=337 cap= 4 | C4 pool=  1 got= 1 short=0 | 3.1s
[1237] size=19 budget=  408 C1 valid=64 novel= 0 | C2 uniq= 2 | C3 draws=  408 comp=  2 uniq=  2 novel=  0 pruned=   0 bt=346 cap= 5 | C4 pool=  2 got= 2 short=0 | 3.3s
[1238] size=19 budget=  595 C1 valid=64 novel=20 | C2 uniq= 8 | C3 draws=  595 comp=  4 uniq=  4 novel=  3 pruned=   0 bt=467 cap= 7 | C4 pool= 87 got= 8 short=0 | 4.9s
[1239] size=17 budget=  384 C1 valid=64 novel= 0 | C2 uniq= 1 | C3 draws=  384 comp=  1 uniq=  1 novel=  0 pruned=   0 bt=334 cap= 4 | C4 pool=  1 got= 1 short=0 | 3.1s
[1240] size= 9 budget=  389 C1 valid=64 novel= 0 | C2 uniq= 4 | C3 draws=  389 comp=  2 uniq=  2 novel=  0 pruned=   0 bt=332 cap= 4 | C4 pool=  5 got= 4 short=0 | 3.1s
[1241] size=19 budget=  612 C1 valid=60 novel=23 | C2 uniq= 2 | C3 draws=  612 comp=  2 uniq=  2 novel=  1 pruned=   0 bt=508 cap= 7 | C4 pool=  2 got= 2 short=0 | 5.1s
[1242] size= 9 budget=  559 C1 valid=64 novel=31 | C2 uniq= 3 | C3 draws=  559 comp=  3 uniq=  3 novel=  2 pruned=   0 bt=450 cap= 6 | C4 pool=  5 got= 3 short=0 | 4.6s
[1243] size=17 budget=  490 C1 valid=62 novel= 3 | C2 uniq= 5 | C3 draws=  490 comp=  5 uniq=  5 novel=  2 pruned=   0 bt=391 cap= 4 | C4 pool=  6 got= 5 short=0 | 3.9s
[1244] size=11 budget=  384 C1 valid=64 novel= 0 | C2 uniq= 1 | C3 draws=  384 comp=  1 uniq=  1 novel=  0 pruned=   0 bt=337 cap= 4 | C4 pool=  1 got= 1 short=0 | 3.1s
[1245] size=19 budget=  864 C1 valid=64 novel=45 | C2 uniq= 4 | C3 draws=  864 comp=  6 uniq=  6 novel=  5 pruned=   0 bt=670 cap= 9 | C4 pool=  4 got= 4 short=0 | 7.2s
[1246] size=17 budget=  399 C1 valid=64 novel= 0 | C2 uniq= 3 | C3 draws=  399 comp=  3 uniq=  3 novel=  0 pruned=   0 bt=333 cap= 4 | C4 pool=  3 got= 3 short=0 | 3.2s
[1247] size=13 budget=  640 C1 valid=64 novel=64 | C2 uniq= 1 | C3 draws=  640 comp=  1 uniq=  1 novel=  1 pruned=   0 bt=551 cap= 7 | C4 pool=  1 got= 1 short=0 | 5.4s
[1248] size=13 budget=  512 C1 valid=64 novel= 0 | C2 uniq= 1 | C3 draws=  512 comp=  1 uniq=  1 novel=  0 pruned=   0 bt=433 cap= 6 | C4 pool=  1 got= 1 short=0 | 4.3s
[1249] size=17 budget= 1218 C1 valid=55 novel=52 | C2 uniq=44 | C3 draws= 1218 comp= 35 uniq= 35 novel= 35 pruned=   0 bt=408 cap= 6 | C4 pool=400 got=44 short=0 | 9.5s
[1250] size=17 budget=  576 C1 valid=55 novel=55 | C2 uniq= 1 | C3 draws=  576 comp=  2 uniq=  2 novel=  1 pruned=   0 bt=497 cap= 6 | C4 pool=  1 got= 1 short=0 | 4.6s
[1251] size=13 budget=  388 C1 valid=60 novel= 0 | C2 uniq= 1 | C3 draws=  388 comp=  1 uniq=  1 novel=  0 pruned=   0 bt=337 cap= 4 | C4 pool=  1 got= 1 short=0 | 3.2s
[1252] size=13 budget=  320 C1 valid=64 novel= 0 | C2 uniq= 1 | C3 draws=  320 comp=  1 uniq=  1 novel=  0 pruned=   0 bt=279 cap= 3 | C4 pool=  1 got= 1 short=0 | 2.6s
[1253] size=13 budget=  912 C1 valid=64 novel=61 | C2 uniq=40 | C3 draws=  912 comp= 29 uniq= 29 novel= 27 pruned=   0 bt=395 cap= 5 | C4 pool=400 got=40 short=0 | 7.2s
[1254] size=11 budget=  426 C1 valid=64 novel= 0 | C2 uniq= 6 | C3 draws=  426 comp=  4 uniq=  4 novel=  0 pruned=   0 bt=358 cap= 4 | C4 pool=  7 got= 6 short=0 | 3.4s
[1255] size=19 budget=  512 C1 valid=64 novel=64 | C2 uniq= 1 | C3 draws=  512 comp=  1 uniq=  1 novel=  1 pruned=   0 bt=447 cap= 6 | C4 pool=  1 got= 1 short=0 | 4.1s
[1256] size=11 budget=  374 C1 valid=64 novel= 2 | C2 uniq= 5 | C3 draws=  374 comp=  3 uniq=  3 novel=  0 pruned=   0 bt=315 cap= 4 | C4 pool=  5 got= 5 short=0 | 3.0s
[1257] size=13 budget=  256 C1 valid=64 novel= 0 | C2 uniq= 1 | C3 draws=  256 comp=  1 uniq=  1 novel=  0 pruned=   0 bt=217 cap= 3 | C4 pool=  1 got= 1 short=0 | 2.1s
[1258] size=13 budget=  510 C1 valid=46 novel= 0 | C2 uniq= 1 | C3 draws=  510 comp=  1 uniq=  1 novel=  0 pruned=   0 bt=441 cap= 6 | C4 pool=  1 got= 1 short=0 | 4.1s
[1259] size=17 budget=  840 C1 valid=64 novel=26 | C2 uniq= 5 | C3 draws=  840 comp=  8 uniq=  8 novel=  5 pruned=   0 bt=592 cap= 7 | C4 pool=  9 got= 5 short=0 | 7.1s
[1260] size=17 budget=  808 C1 valid=60 novel=30 | C2 uniq=12 | C3 draws=  808 comp=  9 uniq=  9 novel=  7 pruned=   0 bt=565 cap= 8 | C4 pool= 62 got=12 short=0 | 6.9s
[1261] size= 9 budget=  576 C1 valid=64 novel= 0 | C2 uniq= 1 | C3 draws=  576 comp=  1 uniq=  1 novel=  0 pruned=   0 bt=483 cap= 6 | C4 pool=  1 got= 1 short=0 | 4.9s
[1262] size=11 budget=  448 C1 valid=64 novel= 0 | C2 uniq= 1 | C3 draws=  448 comp=  1 uniq=  1 novel=  0 pruned=   0 bt=393 cap= 5 | C4 pool=  1 got= 1 short=0 | 3.6s
[1263] size=15 budget=  374 C1 valid=62 novel= 0 | C2 uniq= 2 | C3 draws=  374 comp=  2 uniq=  2 novel=  0 pruned=   0 bt=325 cap= 4 | C4 pool=  2 got= 2 short=0 | 3.0s
[1264] size=17 budget=  902 C1 valid=64 novel=16 | C2 uniq= 8 | C3 draws=  902 comp=  7 uniq=  7 novel=  6 pruned=   0 bt=636 cap= 9 | C4 pool= 42 got= 8 short=0 | 8.0s
[1265] size=11 budget=  320 C1 valid=64 novel= 0 | C2 uniq= 1 | C3 draws=  320 comp=  1 uniq=  1 novel=  0 pruned=   0 bt=283 cap= 3 | C4 pool=  1 got= 1 short=0 | 2.6s
[1266] size=19 budget=  896 C1 valid=64 novel=64 | C2 uniq= 8 | C3 draws=  896 comp=  5 uniq=  5 novel=  5 pruned=   0 bt=681 cap=10 | C4 pool=  8 got= 8 short=0 | 7.6s
[1267] size=19 budget=  896 C1 valid=63 novel=36 | C2 uniq=18 | C3 draws=  896 comp=  7 uniq=  7 novel=  5 pruned=   0 bt=697 cap=10 | C4 pool=400 got=18 short=0 | 7.4s
[1268] size=11 budget=  384 C1 valid=64 novel= 0 | C2 uniq= 1 | C3 draws=  384 comp=  1 uniq=  1 novel=  0 pruned=   0 bt=337 cap= 4 | C4 pool=  1 got= 1 short=0 | 3.1s
[1269] size=17 budget=  848 C1 valid=63 novel=19 | C2 uniq=11 | C3 draws=  848 comp= 11 uniq= 11 novel=  9 pruned=   0 bt=582 cap= 6 | C4 pool= 69 got=11 short=0 | 6.8s
[1270] size=17 budget=  896 C1 valid=59 novel=37 | C2 uniq=22 | C3 draws=  896 comp= 20 uniq= 20 novel= 17 pruned=   0 bt=524 cap= 4 | C4 pool=400 got=22 short=0 | 7.2s
[1271] size=13 budget=  673 C1 valid=38 novel= 2 | C2 uniq= 5 | C3 draws=  673 comp= 35 uniq= 35 novel= 31 pruned=   0 bt= 32 cap= 0 | C4 pool=400 got= 5 short=0 | 4.5s
[1272] size=15 budget=  576 C1 valid=64 novel= 0 | C2 uniq= 1 | C3 draws=  576 comp=  1 uniq=  1 novel=  0 pruned=   0 bt=470 cap= 7 | C4 pool=  1 got= 1 short=0 | 5.0s
[1273] size=15 budget= 1601 C1 valid=44 novel=35 | C2 uniq=33 | C3 draws= 1601 comp= 45 uniq= 45 novel= 44 pruned=   0 bt=351 cap= 5 | C4 pool=400 got=33 short=0 | 13.0s
[1274] size=17 budget=  406 C1 valid=61 novel= 0 | C2 uniq= 2 | C3 draws=  406 comp=  2 uniq=  2 novel=  0 pruned=   0 bt=341 cap= 5 | C4 pool=  2 got= 2 short=0 | 3.3s
[1275] size=11 budget=  612 C1 valid=64 novel=11 | C2 uniq= 4 | C3 draws=  612 comp=  4 uniq=  4 novel=  1 pruned=   0 bt=489 cap= 6 | C4 pool=  4 got= 4 short=0 | 5.2s
[1276] size=19 budget=  665 C1 valid=64 novel=64 | C2 uniq= 3 | C3 draws=  665 comp=  2 uniq=  2 novel=  2 pruned=   0 bt=536 cap= 8 | C4 pool=  3 got= 3 short=0 | 5.7s
[1277] size=11 budget=  256 C1 valid=64 novel= 0 | C2 uniq= 1 | C3 draws=  256 comp=  1 uniq=  1 novel=  0 pruned=   0 bt=225 cap= 3 | C4 pool=  1 got= 1 short=0 | 2.1s
[1278] size=17 budget=  512 C1 valid=64 novel=64 | C2 uniq= 1 | C3 draws=  512 comp=  2 uniq=  2 novel=  2 pruned=   0 bt=422 cap= 6 | C4 pool=  2 got= 1 short=0 | 4.3s
[1279] size=17 budget=  358 C1 valid=61 novel= 2 | C2 uniq= 3 | C3 draws=  358 comp=  2 uniq=  2 novel=  1 pruned=   0 bt=303 cap= 3 | C4 pool=  2 got= 2 short=1 | 3.0s
[1280] size=15 budget=  602 C1 valid=64 novel= 7 | C2 uniq=11 | C3 draws=  602 comp=  6 uniq=  6 novel=  1 pruned=   0 bt=420 cap= 6 | C4 pool= 44 got=11 short=0 | 5.2s
[1281] size=17 budget=  320 C1 valid=64 novel= 0 | C2 uniq= 1 | C3 draws=  320 comp=  1 uniq=  1 novel=  0 pruned=   0 bt=273 cap= 4 | C4 pool=  1 got= 1 short=0 | 2.6s
[1282] size=13 budget=  384 C1 valid=64 novel= 0 | C2 uniq= 1 | C3 draws=  384 comp=  1 uniq=  1 novel=  0 pruned=   0 bt=333 cap= 4 | C4 pool=  1 got= 1 short=0 | 3.1s
[1283] size=15 budget=  840 C1 valid=64 novel=28 | C2 uniq= 5 | C3 draws=  840 comp=  3 uniq=  3 novel=  1 pruned=   0 bt=675 cap=10 | C4 pool=  5 got= 5 short=0 | 7.0s
[1284] size=17 budget=  553 C1 valid=54 novel=54 | C2 uniq= 1 | C3 draws=  553 comp=  1 uniq=  1 novel=  1 pruned=   0 bt=475 cap= 6 | C4 pool=  1 got= 1 short=0 | 4.6s
[1285] size=15 budget=  488 C1 valid=58 novel= 9 | C2 uniq= 8 | C3 draws=  488 comp=  5 uniq=  5 novel=  1 pruned=   0 bt=404 cap= 5 | C4 pool= 42 got= 8 short=0 | 3.9s
[1286] size=17 budget=  481 C1 valid=64 novel=16 | C2 uniq= 7 | C3 draws=  481 comp=  4 uniq=  4 novel=  2 pruned=   0 bt=394 cap= 5 | C4 pool= 18 got= 7 short=0 | 3.8s
[1287] size=17 budget=  357 C1 valid=64 novel= 0 | C2 uniq= 3 | C3 draws=  357 comp=  3 uniq=  3 novel=  0 pruned=   0 bt=295 cap= 4 | C4 pool=  3 got= 3 short=0 | 2.8s
[1288] size=11 budget=  387 C1 valid=60 novel= 9 | C2 uniq=11 | C3 draws=  387 comp=  1 uniq=  1 novel=  0 pruned=   0 bt=342 cap= 4 | C4 pool=230 got=11 short=0 | 3.3s
[1289] size=13 budget=  670 C1 valid=63 novel=26 | C2 uniq=12 | C3 draws=  670 comp=  7 uniq=  7 novel=  5 pruned=   0 bt=502 cap= 7 | C4 pool=400 got=12 short=0 | 5.6s
[1290] size=13 budget=  419 C1 valid=64 novel= 0 | C2 uniq= 2 | C3 draws=  419 comp=  2 uniq=  2 novel=  0 pruned=   0 bt=355 cap= 4 | C4 pool=  6 got= 2 short=0 | 3.4s
[1291] size=11 budget=  362 C1 valid=63 novel= 0 | C2 uniq= 3 | C3 draws=  362 comp=  3 uniq=  3 novel=  0 pruned=   0 bt=306 cap= 4 | C4 pool=  6 got= 3 short=0 | 2.8s
[1292] size=19 budget=  670 C1 valid=64 novel= 0 | C2 uniq= 3 | C3 draws=  670 comp=  3 uniq=  3 novel=  0 pruned=   0 bt=528 cap= 8 | C4 pool=  3 got= 3 short=0 | 5.6s
[1293] size=17 budget=  448 C1 valid=61 novel=11 | C2 uniq= 8 | C3 draws=  448 comp=  2 uniq=  2 novel=  0 pruned=   0 bt=383 cap= 5 | C4 pool=112 got= 8 short=0 | 3.7s
[1294] size= 9 budget=  437 C1 valid=64 novel=14 | C2 uniq= 3 | C3 draws=  437 comp=  9 uniq=  9 novel=  7 pruned=   0 bt=263 cap= 2 | C4 pool=  7 got= 3 short=0 | 3.4s
[1295] size=13 budget=  256 C1 valid=64 novel= 0 | C2 uniq= 1 | C3 draws=  256 comp=  1 uniq=  1 novel=  0 pruned=   0 bt=217 cap= 3 | C4 pool=  2 got= 1 short=0 | 2.0s
[1296] size=13 budget=  557 C1 valid=64 novel=16 | C2 uniq= 3 | C3 draws=  557 comp=  5 uniq=  5 novel=  3 pruned=   0 bt=437 cap= 5 | C4 pool=  6 got= 3 short=0 | 4.6s
[1297] size=13 budget=  576 C1 valid=63 novel=63 | C2 uniq= 2 | C3 draws=  576 comp=  2 uniq=  2 novel=  2 pruned=   0 bt=481 cap= 6 | C4 pool=  2 got= 2 short=0 | 4.8s
[1298] size=19 budget= 1403 C1 valid=63 novel=63 | C2 uniq=10 | C3 draws= 1403 comp=  9 uniq=  9 novel=  9 pruned=   0 bt=782 cap=14 | C4 pool=246 got=10 short=0 | 13.1s
[1299] size=17 budget=  576 C1 valid=33 novel=33 | C2 uniq= 2 | C3 draws=  576 comp=  2 uniq=  2 novel=  2 pruned=   0 bt=485 cap= 7 | C4 pool=  2 got= 2 short=0 | 4.7s
[1300] size=19 budget=  804 C1 valid=47 novel=16 | C2 uniq= 6 | C3 draws=  804 comp=  7 uniq=  7 novel=  6 pruned=   0 bt=594 cap= 8 | C4 pool= 40 got= 6 short=0 | 6.6s
[1301] size=13 budget=  915 C1 valid=64 novel=10 | C2 uniq= 6 | C3 draws=  915 comp=  6 uniq=  6 novel=  3 pruned=   0 bt=650 cap=10 | C4 pool= 87 got= 6 short=0 | 8.1s
[1302] size=19 budget= 1113 C1 valid=64 novel=64 | C2 uniq=25 | C3 draws= 1113 comp= 16 uniq= 16 novel= 16 pruned=   0 bt=619 cap=10 | C4 pool=400 got=25 short=0 | 9.4s
[1303] size=13 budget=  320 C1 valid=64 novel= 0 | C2 uniq= 1 | C3 draws=  320 comp=  1 uniq=  1 novel=  0 pruned=   0 bt=279 cap= 3 | C4 pool=  1 got= 1 short=0 | 2.6s
[1304] size=15 budget=  640 C1 valid=64 novel=64 | C2 uniq= 1 | C3 draws=  640 comp=  1 uniq=  1 novel=  1 pruned=   0 bt=536 cap= 7 | C4 pool=  1 got= 1 short=0 | 5.5s
[1305] size=13 budget=  418 C1 valid=64 novel= 0 | C2 uniq= 2 | C3 draws=  418 comp=  2 uniq=  2 novel=  0 pruned=   0 bt=356 cap= 4 | C4 pool=  2 got= 2 short=0 | 3.5s
[1306] size=17 budget=  429 C1 valid=63 novel= 0 | C2 uniq= 2 | C3 draws=  429 comp=  2 uniq=  2 novel=  0 pruned=   0 bt=360 cap= 5 | C4 pool=  3 got= 2 short=0 | 3.5s
[1307] size= 9 budget=  512 C1 valid=64 novel= 0 | C2 uniq= 1 | C3 draws=  512 comp=  1 uniq=  1 novel=  0 pruned=   0 bt=443 cap= 5 | C4 pool=  1 got= 1 short=0 | 4.3s
[1308] size=13 budget= 1283 C1 valid=16 novel=16 | C2 uniq=16 | C3 draws= 1283 comp= 31 uniq= 31 novel= 31 pruned=   0 bt=518 cap= 4 | C4 pool=400 got=16 short=0 | 10.7s
[1309] size= 9 budget=  384 C1 valid=64 novel= 0 | C2 uniq= 1 | C3 draws=  384 comp=  1 uniq=  1 novel=  0 pruned=   0 bt=333 cap= 4 | C4 pool=  1 got= 1 short=0 | 3.1s
[1310] size=11 budget=  910 C1 valid=63 novel=14 | C2 uniq=13 | C3 draws=  910 comp=  7 uniq=  7 novel=  1 pruned=   0 bt=642 cap= 9 | C4 pool=400 got=13 short=0 | 7.7s
[1311] size=17 budget= 1117 C1 valid=37 novel=37 | C2 uniq=30 | C3 draws= 1117 comp= 15 uniq= 15 novel= 15 pruned=   0 bt=744 cap=10 | C4 pool=400 got=30 short=0 | 9.6s
[1312] size=17 budget=  384 C1 valid=64 novel= 0 | C2 uniq= 1 | C3 draws=  384 comp=  1 uniq=  1 novel=  0 pruned=   0 bt=334 cap= 4 | C4 pool=  1 got= 1 short=0 | 3.1s
[1313] size=17 budget=  543 C1 valid=64 novel= 7 | C2 uniq= 3 | C3 draws=  543 comp=  3 uniq=  3 novel=  1 pruned=   0 bt=450 cap= 6 | C4 pool=  3 got= 3 short=0 | 4.4s
[1314] size= 7 budget=  320 C1 valid=64 novel= 0 | C2 uniq= 1 | C3 draws=  320 comp=  1 uniq=  1 novel=  0 pruned=   0 bt=288 cap= 3 | C4 pool=  1 got= 1 short=0 | 2.6s
[1315] size=19 budget=  384 C1 valid=64 novel= 0 | C2 uniq= 1 | C3 draws=  384 comp=  1 uniq=  1 novel=  0 pruned=   0 bt=335 cap= 5 | C4 pool=  1 got= 1 short=0 | 3.1s
[1316] size=15 budget=  654 C1 valid=64 novel=32 | C2 uniq= 3 | C3 draws=  654 comp=  3 uniq=  3 novel=  2 pruned=   0 bt=527 cap= 7 | C4 pool=  8 got= 3 short=0 | 5.5s
[1317] size=19 budget=  256 C1 valid=64 novel= 0 | C2 uniq= 1 | C3 draws=  256 comp=  1 uniq=  1 novel=  0 pruned=   0 bt=219 cap= 3 | C4 pool=  1 got= 1 short=0 | 2.1s
[1318] size=17 budget=  320 C1 valid=64 novel= 0 | C2 uniq= 1 | C3 draws=  320 comp=  1 uniq=  1 novel=  0 pruned=   0 bt=273 cap= 4 | C4 pool=  1 got= 1 short=0 | 2.6s
[1319] size=19 budget=  770 C1 valid=60 novel=60 | C2 uniq= 3 | C3 draws=  770 comp=  2 uniq=  2 novel=  2 pruned=   0 bt=662 cap= 9 | C4 pool=  5 got= 3 short=0 | 6.4s
[1320] size= 9 budget=  574 C1 valid=64 novel= 0 | C2 uniq= 2 | C3 draws=  574 comp=  2 uniq=  2 novel=  0 pruned=   0 bt=472 cap= 6 | C4 pool=  2 got= 2 short=0 | 4.8s
[1321] size=15 budget=  384 C1 valid=64 novel= 0 | C2 uniq= 1 | C3 draws=  384 comp=  1 uniq=  1 novel=  0 pruned=   0 bt=338 cap= 4 | C4 pool=  1 got= 1 short=0 | 3.1s
[1322] size=13 budget=  512 C1 valid=64 novel=40 | C2 uniq= 2 | C3 draws=  512 comp=  2 uniq=  2 novel=  1 pruned=   0 bt=422 cap= 6 | C4 pool=  2 got= 2 short=0 | 4.3s
[1323] size=19 budget=  448 C1 valid=64 novel= 0 | C2 uniq= 1 | C3 draws=  448 comp=  1 uniq=  1 novel=  0 pruned=   0 bt=393 cap= 5 | C4 pool=  1 got= 1 short=0 | 3.6s
[1324] size=17 budget=  718 C1 valid=56 novel=33 | C2 uniq=14 | C3 draws=  718 comp= 38 uniq= 38 novel= 37 pruned=   0 bt= 80 cap= 0 | C4 pool=112 got=14 short=0 | 4.7s
[1325] size=19 budget=  448 C1 valid=64 novel= 0 | C2 uniq= 1 | C3 draws=  448 comp=  1 uniq=  1 novel=  0 pruned=   0 bt=393 cap= 5 | C4 pool=  1 got= 1 short=0 | 3.7s
[1326] size=11 budget=  320 C1 valid=64 novel= 0 | C2 uniq= 1 | C3 draws=  320 comp=  1 uniq=  1 novel=  0 pruned=   0 bt=283 cap= 3 | C4 pool=  1 got= 1 short=0 | 2.6s
[1327] size=11 budget=  534 C1 valid=64 novel= 0 | C2 uniq= 2 | C3 draws=  534 comp=  2 uniq=  2 novel=  0 pruned=   0 bt=443 cap= 6 | C4 pool=  2 got= 2 short=0 | 4.4s
[1328] size=15 budget=  769 C1 valid=55 novel= 9 | C2 uniq= 4 | C3 draws=  769 comp=  3 uniq=  3 novel=  2 pruned=   0 bt=551 cap= 8 | C4 pool=  5 got= 4 short=0 | 7.0s
[1329] size=17 budget=  282 C1 valid=64 novel= 0 | C2 uniq= 2 | C3 draws=  282 comp=  2 uniq=  2 novel=  0 pruned=   0 bt=237 cap= 3 | C4 pool=  3 got= 2 short=0 | 2.3s
[1330] size=17 budget= 1005 C1 valid=35 novel=22 | C2 uniq=17 | C3 draws= 1005 comp=  9 uniq=  9 novel=  8 pruned=   0 bt=626 cap=10 | C4 pool=400 got=17 short=0 | 9.0s
[1331] size=15 budget=  320 C1 valid=64 novel= 0 | C2 uniq= 1 | C3 draws=  320 comp=  1 uniq=  1 novel=  0 pruned=   0 bt=282 cap= 3 | C4 pool=  1 got= 1 short=0 | 2.6s
[1332] size=19 budget=  720 C1 valid=64 novel=35 | C2 uniq= 5 | C3 draws=  720 comp=  3 uniq=  3 novel=  2 pruned=   0 bt=566 cap= 9 | C4 pool=  5 got= 5 short=0 | 6.1s
[1333] size=11 budget=  320 C1 valid=64 novel= 0 | C2 uniq= 1 | C3 draws=  320 comp=  1 uniq=  1 novel=  0 pruned=   0 bt=283 cap= 3 | C4 pool=  1 got= 1 short=0 | 2.6s
[1334] size=17 budget= 1224 C1 valid=64 novel=64 | C2 uniq=53 | C3 draws= 1224 comp= 43 uniq= 43 novel= 43 pruned=   0 bt=284 cap= 4 | C4 pool=400 got=53 short=0 | 8.8s
[1335] size=13 budget=  427 C1 valid=64 novel= 2 | C2 uniq= 5 | C3 draws=  427 comp=  4 uniq=  4 novel=  1 pruned=   0 bt=351 cap= 4 | C4 pool=  5 got= 5 short=0 | 3.4s
[1336] size=19 budget=  720 C1 valid=64 novel=43 | C2 uniq= 8 | C3 draws=  720 comp= 17 uniq= 17 novel= 14 pruned=   0 bt=445 cap= 2 | C4 pool= 45 got= 8 short=0 | 5.8s
[1337] size= 9 budget=  384 C1 valid=64 novel= 0 | C2 uniq= 1 | C3 draws=  384 comp=  1 uniq=  1 novel=  0 pruned=   0 bt=333 cap= 4 | C4 pool=  1 got= 1 short=0 | 3.1s
[1338] size=11 budget=  350 C1 valid=64 novel= 0 | C2 uniq= 2 | C3 draws=  350 comp=  2 uniq=  2 novel=  0 pruned=   0 bt=300 cap= 4 | C4 pool=  2 got= 2 short=0 | 2.8s
[1339] size=15 budget=  604 C1 valid=64 novel= 0 | C2 uniq= 2 | C3 draws=  604 comp=  2 uniq=  2 novel=  0 pruned=   0 bt=499 cap= 7 | C4 pool=  2 got= 2 short=0 | 5.1s
[1340] size=17 budget=  465 C1 valid=63 novel= 0 | C2 uniq= 2 | C3 draws=  465 comp=  2 uniq=  2 novel=  0 pruned=   0 bt=398 cap= 5 | C4 pool=  2 got= 2 short=0 | 3.7s
[1341] size=11 budget=  256 C1 valid=64 novel= 0 | C2 uniq= 1 | C3 draws=  256 comp=  1 uniq=  1 novel=  0 pruned=   0 bt=225 cap= 3 | C4 pool=  1 got= 1 short=0 | 2.1s
[1342] size=13 budget=  449 C1 valid=64 novel=12 | C2 uniq= 3 | C3 draws=  449 comp=  3 uniq=  3 novel=  1 pruned=   0 bt=366 cap= 5 | C4 pool=  4 got= 3 short=0 | 3.6s
[1343] size=11 budget=  384 C1 valid=64 novel= 0 | C2 uniq= 1 | C3 draws=  384 comp=  1 uniq=  1 novel=  0 pruned=   0 bt=337 cap= 4 | C4 pool=  1 got= 1 short=0 | 3.1s
[1344] size=13 budget=  855 C1 valid=64 novel=51 | C2 uniq=13 | C3 draws=  855 comp=  9 uniq=  9 novel=  8 pruned=   0 bt=606 cap= 8 | C4 pool= 18 got=13 short=0 | 7.1s
[1345] size=11 budget=  384 C1 valid=64 novel= 0 | C2 uniq= 1 | C3 draws=  384 comp=  1 uniq=  1 novel=  0 pruned=   0 bt=337 cap= 4 | C4 pool=  1 got= 1 short=0 | 3.1s
[1346] size=19 budget= 1064 C1 valid=50 novel=32 | C2 uniq=21 | C3 draws= 1064 comp= 14 uniq= 14 novel= 11 pruned=   0 bt=618 cap= 9 | C4 pool=400 got=21 short=0 | 10.0s
[1347] size=13 budget=  665 C1 valid=64 novel= 0 | C2 uniq= 3 | C3 draws=  665 comp=  2 uniq=  2 novel=  0 pruned=   0 bt=536 cap= 7 | C4 pool=  3 got= 3 short=0 | 5.9s
[1348] size= 7 budget=  808 C1 valid=64 novel=41 | C2 uniq=44 | C3 draws=  808 comp= 55 uniq= 55 novel= 46 pruned=   0 bt= 28 cap= 0 | C4 pool=400 got=44 short=0 | 5.0s
[1349] size=11 budget=  384 C1 valid=64 novel= 0 | C2 uniq= 2 | C3 draws=  384 comp=  2 uniq=  2 novel=  0 pruned=   0 bt=331 cap= 4 | C4 pool=  2 got= 2 short=0 | 3.1s
[1350] size=11 budget=  930 C1 valid= 0 novel= 0 | C2 uniq= 0 | C3 draws=  930 comp=  1 uniq=  1 novel=  1 pruned=   0 bt=737 cap=11 | C4 pool=  1 got= 0 short=0 | 8.6s
[1351] size=11 budget=  320 C1 valid=61 novel= 0 | C2 uniq= 1 | C3 draws=  320 comp=  1 uniq=  1 novel=  0 pruned=   0 bt=283 cap= 3 | C4 pool=  1 got= 1 short=0 | 2.6s
[1352] size=11 budget=  384 C1 valid=64 novel= 0 | C2 uniq= 1 | C3 draws=  384 comp=  1 uniq=  1 novel=  0 pruned=   0 bt=337 cap= 4 | C4 pool=  1 got= 1 short=0 | 3.1s
[1353] size=19 budget=  345 C1 valid=64 novel= 0 | C2 uniq= 2 | C3 draws=  345 comp=  2 uniq=  2 novel=  0 pruned=   0 bt=295 cap= 4 | C4 pool=  2 got= 2 short=0 | 2.8s
[1354] size=13 budget=  320 C1 valid=64 novel= 0 | C2 uniq= 1 | C3 draws=  320 comp=  1 uniq=  1 novel=  0 pruned=   0 bt=279 cap= 3 | C4 pool=  1 got= 1 short=0 | 2.6s
[1355] size=15 budget=  832 C1 valid=64 novel=64 | C2 uniq= 1 | C3 draws=  832 comp=  1 uniq=  1 novel=  1 pruned=   0 bt=654 cap=10 | C4 pool=  1 got= 1 short=0 | 7.3s
[1356] size=17 budget=  448 C1 valid=64 novel= 0 | C2 uniq= 1 | C3 draws=  448 comp=  1 uniq=  1 novel=  0 pruned=   0 bt=387 cap= 5 | C4 pool=  1 got= 1 short=0 | 3.6s
[1357] size=15 budget=  576 C1 valid=64 novel=64 | C2 uniq= 1 | C3 draws=  576 comp=  1 uniq=  1 novel=  1 pruned=   0 bt=488 cap= 7 | C4 pool=  1 got= 1 short=0 | 4.8s
[1358] size=17 budget=  510 C1 valid=64 novel= 8 | C2 uniq= 8 | C3 draws=  510 comp=  5 uniq=  5 novel=  1 pruned=   0 bt=400 cap= 6 | C4 pool= 73 got= 8 short=0 | 4.1s
[1359] size=13 budget=  384 C1 valid=64 novel= 0 | C2 uniq= 1 | C3 draws=  384 comp=  1 uniq=  1 novel=  0 pruned=   0 bt=333 cap= 4 | C4 pool=  1 got= 1 short=0 | 3.1s
[1360] size= 9 budget=  320 C1 valid=64 novel= 0 | C2 uniq= 1 | C3 draws=  320 comp=  1 uniq=  1 novel=  0 pruned=   0 bt=279 cap= 3 | C4 pool=  1 got= 1 short=0 | 2.6s
[1361] size=15 budget=  384 C1 valid=64 novel= 0 | C2 uniq= 1 | C3 draws=  384 comp=  1 uniq=  1 novel=  0 pruned=   0 bt=338 cap= 4 | C4 pool=  1 got= 1 short=0 | 3.1s
[1362] size=13 budget=  256 C1 valid=64 novel= 0 | C2 uniq= 1 | C3 draws=  256 comp=  1 uniq=  1 novel=  0 pruned=   0 bt=217 cap= 3 | C4 pool=  1 got= 1 short=0 | 2.0s
[1363] size= 9 budget=  896 C1 valid=63 novel=37 | C2 uniq=43 | C3 draws=  896 comp= 15 uniq= 15 novel= 11 pruned=   0 bt=592 cap= 7 | C4 pool=400 got=43 short=0 | 7.3s
[1364] size=11 budget=  384 C1 valid=64 novel= 0 | C2 uniq= 1 | C3 draws=  384 comp=  1 uniq=  1 novel=  0 pruned=   0 bt=337 cap= 4 | C4 pool=  1 got= 1 short=0 | 3.1s
[1365] size=17 budget=  571 C1 valid=63 novel=20 | C2 uniq= 8 | C3 draws=  571 comp=  5 uniq=  5 novel=  3 pruned=   0 bt=449 cap= 6 | C4 pool=  8 got= 8 short=0 | 4.5s
[1366] size=17 budget=  512 C1 valid=64 novel=17 | C2 uniq= 3 | C3 draws=  512 comp=  3 uniq=  3 novel=  1 pruned=   0 bt=426 cap= 6 | C4 pool=  5 got= 3 short=0 | 4.1s
[1367] size=15 budget=  391 C1 valid=63 novel= 0 | C2 uniq= 1 | C3 draws=  391 comp=  1 uniq=  1 novel=  0 pruned=   0 bt=336 cap= 4 | C4 pool=  1 got= 1 short=0 | 3.2s
[1368] size=17 budget=  576 C1 valid=53 novel=53 | C2 uniq= 1 | C3 draws=  576 comp=  1 uniq=  1 novel=  1 pruned=   0 bt=463 cap= 7 | C4 pool=  1 got= 1 short=0 | 5.0s
[1369] size=17 budget=  741 C1 valid=48 novel=32 | C2 uniq=14 | C3 draws=  741 comp= 11 uniq= 11 novel=  7 pruned=   0 bt=521 cap= 5 | C4 pool=111 got=14 short=0 | 6.0s
[1370] size=17 budget=  395 C1 valid=64 novel= 2 | C2 uniq= 7 | C3 draws=  395 comp=  4 uniq=  4 novel=  0 pruned=   0 bt=319 cap= 4 | C4 pool=  9 got= 7 short=0 | 3.2s
[1371] size=15 budget=  311 C1 valid=56 novel= 1 | C2 uniq= 2 | C3 draws=  311 comp=  1 uniq=  1 novel=  0 pruned=   0 bt=275 cap= 3 | C4 pool=  2 got= 2 short=0 | 2.5s
[1372] size=19 budget=  824 C1 valid=64 novel=42 | C2 uniq=23 | C3 draws=  824 comp= 14 uniq= 14 novel= 10 pruned=   0 bt=544 cap= 8 | C4 pool=400 got=23 short=0 | 6.5s
[1373] size=15 budget=  484 C1 valid=64 novel= 0 | C2 uniq= 3 | C3 draws=  484 comp=  2 uniq=  2 novel=  0 pruned=   0 bt=422 cap= 5 | C4 pool=  3 got= 3 short=0 | 3.9s
[1374] size=15 budget= 1417 C1 valid=22 novel=22 | C2 uniq=18 | C3 draws= 1417 comp= 20 uniq= 20 novel= 18 pruned=   0 bt=741 cap= 9 | C4 pool=400 got=18 short=0 | 13.2s
[1375] size=11 budget=  735 C1 valid=64 novel=31 | C2 uniq= 6 | C3 draws=  735 comp=  6 uniq=  6 novel=  4 pruned=   0 bt=552 cap= 7 | C4 pool=  6 got= 6 short=0 | 6.3s
[1376] size=19 budget=  320 C1 valid=64 novel= 0 | C2 uniq= 1 | C3 draws=  320 comp=  1 uniq=  1 novel=  0 pruned=   0 bt=274 cap= 4 | C4 pool=  2 got= 1 short=0 | 2.6s
[1377] size= 9 budget=  861 C1 valid=60 novel=51 | C2 uniq=37 | C3 draws=  861 comp= 13 uniq= 13 novel= 11 pruned=   0 bt=588 cap= 7 | C4 pool=400 got=37 short=0 | 7.1s
[1378] size=17 budget=  666 C1 valid=51 novel=25 | C2 uniq= 3 | C3 draws=  666 comp=  3 uniq=  3 novel=  2 pruned=   0 bt=541 cap= 8 | C4 pool=  3 got= 3 short=0 | 5.4s
[1379] size=19 budget=  801 C1 valid=64 novel=33 | C2 uniq= 4 | C3 draws=  801 comp=  4 uniq=  4 novel=  3 pruned=   0 bt=620 cap= 9 | C4 pool=  4 got= 4 short=0 | 6.9s
[1380] size=19 budget=  890 C1 valid=52 novel=15 | C2 uniq=19 | C3 draws=  890 comp= 26 uniq= 26 novel= 17 pruned=   0 bt=318 cap= 3 | C4 pool=400 got=19 short=0 | 7.5s
[1381] size=11 budget=  384 C1 valid=64 novel= 0 | C2 uniq= 1 | C3 draws=  384 comp=  1 uniq=  1 novel=  0 pruned=   0 bt=337 cap= 4 | C4 pool=  1 got= 1 short=0 | 3.1s
[1382] size=11 budget=  626 C1 valid=64 novel=32 | C2 uniq= 9 | C3 draws=  626 comp=  4 uniq=  4 novel=  1 pruned=   0 bt=497 cap= 7 | C4 pool= 24 got= 9 short=0 | 5.3s
[1383] size=15 budget=  320 C1 valid=64 novel= 0 | C2 uniq= 1 | C3 draws=  320 comp=  1 uniq=  1 novel=  0 pruned=   0 bt=282 cap= 3 | C4 pool=  1 got= 1 short=0 | 2.6s
[1384] size=15 budget=  485 C1 valid=63 novel=29 | C2 uniq= 3 | C3 draws=  485 comp=  3 uniq=  3 novel=  1 pruned=   0 bt=398 cap= 5 | C4 pool=  3 got= 3 short=0 | 4.1s
[1385] size= 9 budget=  320 C1 valid=64 novel= 0 | C2 uniq= 1 | C3 draws=  320 comp=  1 uniq=  1 novel=  0 pruned=   0 bt=279 cap= 3 | C4 pool=  1 got= 1 short=0 | 2.6s
[1386] size= 7 budget=  256 C1 valid=64 novel= 0 | C2 uniq= 1 | C3 draws=  256 comp=  1 uniq=  1 novel=  0 pruned=   0 bt=231 cap= 2 | C4 pool=  1 got= 1 short=0 | 2.1s
[1387] size=13 budget=  384 C1 valid=64 novel= 0 | C2 uniq= 1 | C3 draws=  384 comp=  1 uniq=  1 novel=  0 pruned=   0 bt=333 cap= 4 | C4 pool=  1 got= 1 short=0 | 3.1s
[1388] size= 9 budget=  448 C1 valid=64 novel= 0 | C2 uniq= 1 | C3 draws=  448 comp=  1 uniq=  1 novel=  0 pruned=   0 bt=380 cap= 5 | C4 pool=  1 got= 1 short=0 | 3.8s
[1389] size=13 budget=  685 C1 valid=63 novel= 0 | C2 uniq=15 | C3 draws=  685 comp= 24 uniq= 24 novel=  9 pruned=   0 bt=180 cap= 1 | C4 pool=197 got=15 short=0 | 5.6s
[1390] size=13 budget=  256 C1 valid=64 novel= 0 | C2 uniq= 1 | C3 draws=  256 comp=  1 uniq=  1 novel=  0 pruned=   0 bt=217 cap= 3 | C4 pool=  1 got= 1 short=0 | 2.1s
[1391] size= 9 budget=  947 C1 valid=64 novel=58 | C2 uniq=36 | C3 draws=  947 comp= 43 uniq= 43 novel= 43 pruned=   0 bt=191 cap= 0 | C4 pool=400 got=36 short=0 | 6.6s
[1392] size=11 budget=  320 C1 valid=64 novel= 0 | C2 uniq= 1 | C3 draws=  320 comp=  1 uniq=  1 novel=  0 pruned=   0 bt=283 cap= 3 | C4 pool=  2 got= 1 short=0 | 2.6s
[1393] size=11 budget=  819 C1 valid=46 novel=46 | C2 uniq= 1 | C3 draws=  819 comp=  1 uniq=  1 novel=  1 pruned=   0 bt=645 cap= 9 | C4 pool=  7 got= 1 short=0 | 7.5s
[1394] size=11 budget=  704 C1 valid=64 novel=64 | C2 uniq= 1 | C3 draws=  704 comp=  1 uniq=  1 novel=  1 pruned=   0 bt=584 cap= 8 | C4 pool=  2 got= 1 short=0 | 6.1s
[1395] size=15 budget=  667 C1 valid=62 novel=62 | C2 uniq= 2 | C3 draws=  667 comp=  2 uniq=  2 novel=  2 pruned=   0 bt=547 cap= 8 | C4 pool=  2 got= 2 short=0 | 5.6s
[1396] size=17 budget= 1076 C1 valid=55 novel=38 | C2 uniq= 7 | C3 draws= 1076 comp=  8 uniq=  8 novel=  7 pruned=   0 bt=726 cap=11 | C4 pool=400 got= 7 short=0 | 9.6s
[1397] size=17 budget=  476 C1 valid=64 novel=14 | C2 uniq= 4 | C3 draws=  476 comp=  2 uniq=  2 novel=  0 pruned=   0 bt=408 cap= 5 | C4 pool=  4 got= 4 short=0 | 3.8s
[1398] size=11 budget=  576 C1 valid=64 novel= 0 | C2 uniq= 1 | C3 draws=  576 comp=  1 uniq=  1 novel=  0 pruned=   0 bt=484 cap= 6 | C4 pool=  1 got= 1 short=0 | 4.9s
[1399] size=13 budget=  872 C1 valid=39 novel=26 | C2 uniq=21 | C3 draws=  872 comp=  6 uniq=  6 novel=  5 pruned=   0 bt=648 cap= 9 | C4 pool=400 got=21 short=0 | 7.9s
[1400] size=13 budget=  384 C1 valid=64 novel= 0 | C2 uniq= 1 | C3 draws=  384 comp=  1 uniq=  1 novel=  0 pruned=   0 bt=333 cap= 4 | C4 pool=  1 got= 1 short=0 | 3.1s
[1401] size=13 budget=  640 C1 valid=64 novel= 0 | C2 uniq= 1 | C3 draws=  640 comp=  1 uniq=  1 novel=  0 pruned=   0 bt=534 cap= 7 | C4 pool=  1 got= 1 short=0 | 5.4s
[1402] size=11 budget=  832 C1 valid=64 novel= 0 | C2 uniq= 1 | C3 draws=  832 comp=  1 uniq=  1 novel=  0 pruned=   0 bt=670 cap= 9 | C4 pool=  2 got= 1 short=0 | 7.4s
[1403] size=19 budget=  809 C1 valid=64 novel=64 | C2 uniq= 8 | C3 draws=  809 comp=  4 uniq=  4 novel=  4 pruned=   0 bt=608 cap=10 | C4 pool= 24 got= 8 short=0 | 7.0s
[1404] size=17 budget= 1241 C1 valid=46 novel=46 | C2 uniq=19 | C3 draws= 1241 comp= 42 uniq= 42 novel= 42 pruned=   0 bt=341 cap= 1 | C4 pool=400 got=19 short=0 | 9.2s
[1405] size=15 budget=  448 C1 valid=64 novel= 0 | C2 uniq= 1 | C3 draws=  448 comp=  1 uniq=  1 novel=  0 pruned=   0 bt=392 cap= 5 | C4 pool=  1 got= 1 short=0 | 3.6s
[1406] size=17 budget=  638 C1 valid=59 novel=18 | C2 uniq=11 | C3 draws=  638 comp= 23 uniq= 23 novel= 20 pruned=   0 bt=300 cap= 0 | C4 pool=170 got=11 short=0 | 4.6s
[1407] size= 7 budget=  576 C1 valid=64 novel= 0 | C2 uniq= 1 | C3 draws=  576 comp=  1 uniq=  1 novel=  0 pruned=   0 bt=483 cap= 6 | C4 pool=  1 got= 1 short=0 | 4.8s
[1408] size=19 budget=  451 C1 valid=57 novel= 0 | C2 uniq= 1 | C3 draws=  451 comp=  1 uniq=  1 novel=  0 pruned=   0 bt=397 cap= 5 | C4 pool=  1 got= 1 short=0 | 3.7s
[1409] size=19 budget=  598 C1 valid=64 novel=64 | C2 uniq= 2 | C3 draws=  598 comp=  2 uniq=  2 novel=  2 pruned=   0 bt=488 cap= 7 | C4 pool=  2 got= 2 short=0 | 5.1s
[1410] size=17 budget=  523 C1 valid=64 novel=10 | C2 uniq= 4 | C3 draws=  523 comp=  3 uniq=  3 novel=  1 pruned=   0 bt=432 cap= 6 | C4 pool=  4 got= 4 short=0 | 4.2s
[1411] size=17 budget=  384 C1 valid=64 novel= 0 | C2 uniq= 1 | C3 draws=  384 comp=  1 uniq=  1 novel=  0 pruned=   0 bt=334 cap= 4 | C4 pool=  1 got= 1 short=0 | 3.1s
[1412] size=15 budget=  688 C1 valid=55 novel=22 | C2 uniq=12 | C3 draws=  688 comp= 12 uniq= 12 novel= 10 pruned=   0 bt=447 cap= 6 | C4 pool=400 got=12 short=0 | 5.3s
[1413] size=13 budget=  320 C1 valid=64 novel= 0 | C2 uniq= 1 | C3 draws=  320 comp=  1 uniq=  1 novel=  0 pruned=   0 bt=274 cap= 3 | C4 pool=  1 got= 1 short=0 | 2.7s
[1414] size=11 budget=  995 C1 valid=54 novel=51 | C2 uniq=33 | C3 draws=  995 comp= 23 uniq= 23 novel= 22 pruned=   0 bt=502 cap= 7 | C4 pool=400 got=33 short=0 | 8.1s
[1415] size=13 budget=  448 C1 valid=64 novel= 0 | C2 uniq= 1 | C3 draws=  448 comp=  1 uniq=  1 novel=  0 pruned=   0 bt=382 cap= 5 | C4 pool=  1 got= 1 short=0 | 3.7s
[1416] size=11 budget=  615 C1 valid=64 novel=13 | C2 uniq= 4 | C3 draws=  615 comp=  4 uniq=  4 novel=  1 pruned=   0 bt=488 cap= 6 | C4 pool=  4 got= 4 short=0 | 5.2s
[1417] size= 9 budget=  283 C1 valid=64 novel= 0 | C2 uniq= 2 | C3 draws=  283 comp=  1 uniq=  1 novel=  0 pruned=   0 bt=243 cap= 3 | C4 pool=  2 got= 2 short=0 | 2.3s
[1418] size=19 budget=  342 C1 valid=63 novel= 0 | C2 uniq= 3 | C3 draws=  342 comp=  4 uniq=  4 novel=  0 pruned=   0 bt=279 cap= 4 | C4 pool=  4 got= 3 short=0 | 2.7s
[1419] size=17 budget=  435 C1 valid=57 novel= 0 | C2 uniq= 1 | C3 draws=  435 comp=  1 uniq=  1 novel=  0 pruned=   0 bt=369 cap= 5 | C4 pool=  1 got= 1 short=0 | 3.6s
[1420] size=19 budget=  512 C1 valid=64 novel=64 | C2 uniq= 1 | C3 draws=  512 comp=  1 uniq=  1 novel=  1 pruned=   0 bt=447 cap= 6 | C4 pool=  1 got= 1 short=0 | 4.1s
[1421] size=13 budget=  784 C1 valid=64 novel=34 | C2 uniq= 5 | C3 draws=  784 comp=  5 uniq=  5 novel=  4 pruned=   0 bt=594 cap= 8 | C4 pool= 12 got= 5 short=0 | 6.8s
[1422] size=13 budget=  694 C1 valid=64 novel=40 | C2 uniq=17 | C3 draws=  694 comp=  7 uniq=  7 novel=  5 pruned=   0 bt=545 cap= 6 | C4 pool=400 got=17 short=0 | 5.6s
[1423] size=15 budget=  576 C1 valid=64 novel= 0 | C2 uniq= 1 | C3 draws=  576 comp=  1 uniq=  1 novel=  0 pruned=   0 bt=479 cap= 7 | C4 pool=  1 got= 1 short=0 | 4.8s
[1424] size=15 budget=  376 C1 valid=63 novel= 0 | C2 uniq= 2 | C3 draws=  376 comp=  2 uniq=  2 novel=  0 pruned=   0 bt=325 cap= 4 | C4 pool=  2 got= 2 short=0 | 3.0s
[1425] size=17 budget=  952 C1 valid=25 novel=25 | C2 uniq=13 | C3 draws=  952 comp= 41 uniq= 41 novel= 41 pruned=   0 bt=232 cap= 0 | C4 pool=400 got=13 short=0 | 7.4s
[1426] size=17 budget=  384 C1 valid=64 novel= 0 | C2 uniq= 1 | C3 draws=  384 comp=  1 uniq=  1 novel=  0 pruned=   0 bt=334 cap= 4 | C4 pool=  1 got= 1 short=0 | 3.1s
[1427] size=17 budget=  320 C1 valid=64 novel= 0 | C2 uniq= 1 | C3 draws=  320 comp=  1 uniq=  1 novel=  0 pruned=   0 bt=273 cap= 4 | C4 pool=  1 got= 1 short=0 | 2.6s
[1428] size=17 budget= 1016 C1 valid=55 novel=38 | C2 uniq= 5 | C3 draws= 1016 comp=  5 uniq=  5 novel=  4 pruned=   0 bt=684 cap=12 | C4 pool= 16 got= 5 short=0 | 9.7s
[1429] size=17 budget=  907 C1 valid=63 novel=63 | C2 uniq= 3 | C3 draws=  907 comp=  5 uniq=  5 novel=  5 pruned=   0 bt=748 cap=10 | C4 pool= 11 got= 3 short=0 | 7.9s
[1430] size=19 budget=  468 C1 valid=63 novel= 1 | C2 uniq= 3 | C3 draws=  468 comp=  2 uniq=  2 novel=  0 pruned=   0 bt=402 cap= 6 | C4 pool=  5 got= 3 short=0 | 3.9s
[1431] size=17 budget=  384 C1 valid=64 novel= 0 | C2 uniq= 1 | C3 draws=  384 comp=  1 uniq=  1 novel=  0 pruned=   0 bt=334 cap= 4 | C4 pool=  1 got= 1 short=0 | 3.1s
[1432] size=13 budget=  640 C1 valid=64 novel=64 | C2 uniq= 1 | C3 draws=  640 comp=  1 uniq=  1 novel=  1 pruned=   0 bt=534 cap= 7 | C4 pool=  1 got= 1 short=0 | 5.5s
[1433] size=13 budget=  401 C1 valid=62 novel= 4 | C2 uniq= 8 | C3 draws=  401 comp=  8 uniq=  8 novel=  2 pruned=   0 bt=294 cap= 4 | C4 pool=400 got= 8 short=0 | 3.2s
[1434] size=11 budget=  964 C1 valid=64 novel=57 | C2 uniq=42 | C3 draws=  964 comp= 33 uniq= 33 novel= 32 pruned=   0 bt=337 cap= 4 | C4 pool=400 got=42 short=0 | 7.3s
[1435] size=17 budget=  651 C1 valid=62 novel=62 | C2 uniq= 1 | C3 draws=  651 comp=  1 uniq=  1 novel=  1 pruned=   0 bt=515 cap= 8 | C4 pool=  1 got= 1 short=0 | 5.7s
[1436] size=19 budget=  576 C1 valid=64 novel=64 | C2 uniq= 1 | C3 draws=  576 comp=  1 uniq=  1 novel=  1 pruned=   0 bt=463 cap= 7 | C4 pool=  1 got= 1 short=0 | 5.0s
[1437] size=13 budget=  448 C1 valid=64 novel= 0 | C2 uniq= 1 | C3 draws=  448 comp=  1 uniq=  1 novel=  0 pruned=   0 bt=387 cap= 5 | C4 pool=  1 got= 1 short=0 | 3.6s
[1438] size=13 budget=  320 C1 valid=64 novel= 0 | C2 uniq= 2 | C3 draws=  320 comp=  1 uniq=  1 novel=  0 pruned=   0 bt=279 cap= 3 | C4 pool=  2 got= 2 short=0 | 2.6s
[1439] size=15 budget=  654 C1 valid=64 novel=13 | C2 uniq= 5 | C3 draws=  654 comp=  4 uniq=  4 novel=  3 pruned=   0 bt=549 cap= 7 | C4 pool=  7 got= 5 short=0 | 5.5s
[1440] size=15 budget=  812 C1 valid=64 novel=64 | C2 uniq= 4 | C3 draws=  812 comp=  3 uniq=  3 novel=  3 pruned=   0 bt=611 cap= 9 | C4 pool=  4 got= 4 short=0 | 7.3s
[1441] size=11 budget=  320 C1 valid=64 novel= 0 | C2 uniq= 1 | C3 draws=  320 comp=  1 uniq=  1 novel=  0 pruned=   0 bt=283 cap= 3 | C4 pool=  1 got= 1 short=0 | 2.6s
[1442] size=13 budget= 2087 C1 valid=43 novel=43 | C2 uniq=42 | C3 draws= 2087 comp= 61 uniq= 61 novel= 61 pruned=   0 bt=  2 cap= 0 | C4 pool=400 got=42 short=0 | 15.3s
[1443] size=19 budget= 1140 C1 valid=62 novel=62 | C2 uniq=32 | C3 draws= 1140 comp= 23 uniq= 23 novel= 23 pruned=   0 bt=568 cap= 8 | C4 pool=400 got=32 short=0 | 9.4s
[1444] size=19 budget=  551 C1 valid=63 novel=12 | C2 uniq= 7 | C3 draws=  551 comp=  4 uniq=  4 novel=  2 pruned=   0 bt=441 cap= 6 | C4 pool= 12 got= 7 short=0 | 4.5s
[1445] size=11 budget=  436 C1 valid=64 novel= 0 | C2 uniq= 2 | C3 draws=  436 comp=  2 uniq=  2 novel=  0 pruned=   0 bt=376 cap= 5 | C4 pool=  2 got= 2 short=0 | 3.7s
[1446] size=15 budget=  384 C1 valid=64 novel= 0 | C2 uniq= 1 | C3 draws=  384 comp=  1 uniq=  1 novel=  0 pruned=   0 bt=338 cap= 4 | C4 pool=  1 got= 1 short=0 | 3.1s
[1447] size=17 budget=  440 C1 valid=43 novel= 1 | C2 uniq= 5 | C3 draws=  440 comp=  2 uniq=  2 novel=  1 pruned=   0 bt=371 cap= 5 | C4 pool=  5 got= 5 short=0 | 3.5s
[1448] size= 9 budget=  356 C1 valid=64 novel= 0 | C2 uniq= 9 | C3 draws=  356 comp=  4 uniq=  4 novel=  0 pruned=   0 bt=298 cap= 3 | C4 pool= 10 got= 9 short=0 | 2.8s
[1449] size=15 budget=  358 C1 valid=63 novel= 0 | C2 uniq= 3 | C3 draws=  358 comp=  4 uniq=  4 novel=  1 pruned=   0 bt=295 cap= 3 | C4 pool=  6 got= 3 short=0 | 2.9s
[1450] size=15 budget=  597 C1 valid=64 novel=31 | C2 uniq=21 | C3 draws=  597 comp=  9 uniq=  9 novel=  8 pruned=   0 bt=419 cap= 6 | C4 pool=400 got=21 short=0 | 4.9s
[1451] size= 9 budget=  318 C1 valid=64 novel= 4 | C2 uniq= 5 | C3 draws=  318 comp=  1 uniq=  1 novel=  0 pruned=   0 bt=278 cap= 3 | C4 pool=  5 got= 5 short=0 | 2.6s
[1452] size=19 budget=  521 C1 valid=64 novel=10 | C2 uniq= 4 | C3 draws=  521 comp=  1 uniq=  1 novel=  0 pruned=   0 bt=457 cap= 6 | C4 pool= 11 got= 4 short=0 | 4.3s
[1453] size=11 budget=  663 C1 valid=64 novel=27 | C2 uniq=28 | C3 draws=  663 comp= 10 uniq= 10 novel=  5 pruned=   0 bt=484 cap= 6 | C4 pool=400 got=28 short=0 | 5.3s
[1454] size=15 budget= 1555 C1 valid=61 novel=60 | C2 uniq=50 | C3 draws= 1555 comp= 42 uniq= 42 novel= 41 pruned=   0 bt=382 cap= 5 | C4 pool=400 got=50 short=0 | 11.8s
[1455] size=11 budget=  374 C1 valid=64 novel= 0 | C2 uniq= 3 | C3 draws=  374 comp=  3 uniq=  3 novel=  0 pruned=   0 bt=312 cap= 4 | C4 pool=  4 got= 3 short=0 | 3.0s
[1456] size=19 budget=  648 C1 valid=28 novel=28 | C2 uniq= 1 | C3 draws=  648 comp=  1 uniq=  1 novel=  1 pruned=   0 bt=565 cap= 8 | C4 pool=  1 got= 1 short=0 | 5.5s
[1457] size=15 budget=  384 C1 valid=64 novel= 0 | C2 uniq= 1 | C3 draws=  384 comp=  1 uniq=  1 novel=  0 pruned=   0 bt=338 cap= 4 | C4 pool=  1 got= 1 short=0 | 3.1s
[1458] size=19 budget=  521 C1 valid=43 novel=16 | C2 uniq= 3 | C3 draws=  521 comp=  3 uniq=  3 novel=  2 pruned=   0 bt=419 cap= 6 | C4 pool=  3 got= 3 short=0 | 4.4s
[1459] size=19 budget=  726 C1 valid=63 novel=35 | C2 uniq= 5 | C3 draws=  726 comp=  4 uniq=  4 novel=  3 pruned=   0 bt=563 cap= 9 | C4 pool=  5 got= 5 short=0 | 6.2s
[1460] size=11 budget=  419 C1 valid=64 novel= 0 | C2 uniq= 3 | C3 draws=  419 comp=  3 uniq=  3 novel=  0 pruned=   0 bt=341 cap= 4 | C4 pool=  3 got= 3 short=0 | 3.5s
[1461] size=13 budget=  692 C1 valid=42 novel= 2 | C2 uniq= 4 | C3 draws=  692 comp=  9 uniq=  9 novel=  7 pruned=   0 bt=447 cap= 5 | C4 pool=400 got= 4 short=0 | 6.1s
[1462] size=19 budget=  512 C1 valid=64 novel=64 | C2 uniq= 1 | C3 draws=  512 comp=  1 uniq=  1 novel=  1 pruned=   0 bt=447 cap= 6 | C4 pool=  1 got= 1 short=0 | 4.2s
[1463] size=13 budget=  384 C1 valid=64 novel= 0 | C2 uniq= 1 | C3 draws=  384 comp=  1 uniq=  1 novel=  0 pruned=   0 bt=333 cap= 4 | C4 pool=  1 got= 1 short=0 | 3.1s
[1464] size=19 budget= 1588 C1 valid=56 novel=56 | C2 uniq=39 | C3 draws= 1588 comp= 30 uniq= 30 novel= 30 pruned=   0 bt=600 cap=10 | C4 pool=400 got=39 short=0 | 14.2s
[1465] size=17 budget=  567 C1 valid=44 novel= 1 | C2 uniq= 5 | C3 draws=  567 comp=  1 uniq=  1 novel=  0 pruned=   0 bt=458 cap= 7 | C4 pool=  9 got= 5 short=0 | 5.1s
[1466] size=13 budget=  568 C1 valid=64 novel=19 | C2 uniq= 4 | C3 draws=  568 comp=  3 uniq=  3 novel=  2 pruned=   0 bt=459 cap= 6 | C4 pool= 32 got= 4 short=0 | 5.0s
[1467] size= 9 budget=  320 C1 valid=64 novel= 0 | C2 uniq= 1 | C3 draws=  320 comp=  1 uniq=  1 novel=  0 pruned=   0 bt=279 cap= 3 | C4 pool=  1 got= 1 short=0 | 2.6s
[1468] size=19 budget=  410 C1 valid=64 novel= 1 | C2 uniq= 5 | C3 draws=  410 comp=  3 uniq=  3 novel=  0 pruned=   0 bt=344 cap= 5 | C4 pool=  6 got= 5 short=0 | 3.3s
[1469] size=15 budget=  727 C1 valid=64 novel=28 | C2 uniq=22 | C3 draws=  727 comp= 16 uniq= 16 novel= 12 pruned=   0 bt=438 cap= 5 | C4 pool=400 got=22 short=0 | 5.7s
[1470] size= 9 budget=  256 C1 valid=64 novel= 0 | C2 uniq= 1 | C3 draws=  256 comp=  1 uniq=  1 novel=  0 pruned=   0 bt=225 cap= 2 | C4 pool=  1 got= 1 short=0 | 2.1s
[1471] size=17 budget=  448 C1 valid=61 novel= 0 | C2 uniq= 1 | C3 draws=  448 comp=  1 uniq=  1 novel=  0 pruned=   0 bt=387 cap= 5 | C4 pool=  1 got= 1 short=0 | 3.6s
[1472] size=11 budget=  512 C1 valid=64 novel=64 | C2 uniq= 1 | C3 draws=  512 comp=  1 uniq=  1 novel=  1 pruned=   0 bt=438 cap= 6 | C4 pool=  1 got= 1 short=0 | 4.2s
[1473] size=17 budget=  384 C1 valid=64 novel= 0 | C2 uniq= 1 | C3 draws=  384 comp=  1 uniq=  1 novel=  0 pruned=   0 bt=334 cap= 4 | C4 pool=  1 got= 1 short=0 | 3.1s
[1474] size=13 budget=  384 C1 valid=64 novel= 0 | C2 uniq= 1 | C3 draws=  384 comp=  1 uniq=  1 novel=  0 pruned=   0 bt=333 cap= 4 | C4 pool=  1 got= 1 short=0 | 3.1s
[1475] size= 9 budget=  320 C1 valid=64 novel= 0 | C2 uniq= 1 | C3 draws=  320 comp=  1 uniq=  1 novel=  0 pruned=   0 bt=279 cap= 3 | C4 pool=  1 got= 1 short=0 | 2.6s
[1476] size= 9 budget=  320 C1 valid=64 novel= 0 | C2 uniq= 1 | C3 draws=  320 comp=  1 uniq=  1 novel=  0 pruned=   0 bt=279 cap= 3 | C4 pool=  1 got= 1 short=0 | 2.6s
[1477] size=11 budget=  656 C1 valid=64 novel=29 | C2 uniq=28 | C3 draws=  656 comp= 39 uniq= 39 novel= 33 pruned=   0 bt= 25 cap= 0 | C4 pool=400 got=28 short=0 | 4.2s
[1478] size=19 budget=  384 C1 valid=64 novel= 0 | C2 uniq= 1 | C3 draws=  384 comp=  1 uniq=  1 novel=  0 pruned=   0 bt=335 cap= 5 | C4 pool=  1 got= 1 short=0 | 3.1s
[1479] size= 9 budget=  407 C1 valid=63 novel= 0 | C2 uniq= 4 | C3 draws=  407 comp=  4 uniq=  4 novel=  0 pruned=   0 bt=336 cap= 4 | C4 pool=  4 got= 4 short=0 | 3.2s
[1480] size=15 budget=  416 C1 valid=64 novel= 4 | C2 uniq= 4 | C3 draws=  416 comp=  1 uniq=  1 novel=  0 pruned=   0 bt=361 cap= 5 | C4 pool=  9 got= 4 short=0 | 3.4s
[1481] size=11 budget=  512 C1 valid=64 novel= 0 | C2 uniq= 1 | C3 draws=  512 comp=  1 uniq=  1 novel=  0 pruned=   0 bt=432 cap= 6 | C4 pool=  1 got= 1 short=0 | 4.3s
[1482] size=15 budget=  465 C1 valid=64 novel=13 | C2 uniq= 4 | C3 draws=  465 comp=  3 uniq=  3 novel=  1 pruned=   0 bt=392 cap= 5 | C4 pool=  5 got= 4 short=0 | 3.7s
[1483] size=17 budget=  654 C1 valid=62 novel=23 | C2 uniq=13 | C3 draws=  654 comp=  8 uniq=  8 novel=  4 pruned=   0 bt=466 cap= 7 | C4 pool=212 got=13 short=0 | 5.4s
[1484] size=17 budget= 1047 C1 valid= 9 novel= 9 | C2 uniq= 8 | C3 draws= 1047 comp= 10 uniq= 10 novel= 10 pruned=   0 bt=759 cap= 8 | C4 pool=400 got= 8 short=0 | 8.8s
[1485] size=15 budget=  467 C1 valid=64 novel=19 | C2 uniq= 5 | C3 draws=  467 comp=  4 uniq=  4 novel=  3 pruned=   0 bt=386 cap= 4 | C4 pool=  7 got= 5 short=0 | 3.9s
[1486] size= 9 budget=  384 C1 valid=64 novel= 0 | C2 uniq= 1 | C3 draws=  384 comp=  1 uniq=  1 novel=  0 pruned=   0 bt=333 cap= 4 | C4 pool=  1 got= 1 short=0 | 3.1s
[1487] size=17 budget=  384 C1 valid=64 novel= 0 | C2 uniq= 1 | C3 draws=  384 comp=  1 uniq=  1 novel=  0 pruned=   0 bt=334 cap= 4 | C4 pool=  1 got= 1 short=0 | 3.1s
[1488] size=13 budget=  384 C1 valid=64 novel= 0 | C2 uniq= 1 | C3 draws=  384 comp=  1 uniq=  1 novel=  0 pruned=   0 bt=333 cap= 4 | C4 pool=  1 got= 1 short=0 | 3.1s
[1489] size=13 budget=  471 C1 valid=64 novel= 8 | C2 uniq=11 | C3 draws=  471 comp=  5 uniq=  5 novel=  3 pruned=   0 bt=361 cap= 5 | C4 pool=400 got=11 short=0 | 3.8s
[1490] size=15 budget=  512 C1 valid=64 novel=64 | C2 uniq= 1 | C3 draws=  512 comp=  1 uniq=  1 novel=  1 pruned=   0 bt=448 cap= 6 | C4 pool=  1 got= 1 short=0 | 4.2s
[1491] size=15 budget= 1162 C1 valid=51 novel=51 | C2 uniq=19 | C3 draws= 1162 comp= 22 uniq= 22 novel= 22 pruned=   0 bt=653 cap= 2 | C4 pool=400 got=19 short=0 | 9.9s
[1492] size=13 budget=  349 C1 valid=64 novel= 0 | C2 uniq= 2 | C3 draws=  349 comp=  2 uniq=  2 novel=  0 pruned=   0 bt=289 cap= 4 | C4 pool=  2 got= 2 short=0 | 2.9s
[1493] size=17 budget=  567 C1 valid=64 novel=18 | C2 uniq= 9 | C3 draws=  567 comp=  4 uniq=  4 novel=  2 pruned=   0 bt=450 cap= 6 | C4 pool=167 got= 9 short=0 | 4.9s
[1494] size=19 budget=  697 C1 valid=61 novel=13 | C2 uniq= 8 | C3 draws=  697 comp=  3 uniq=  3 novel=  1 pruned=   0 bt=581 cap= 8 | C4 pool=400 got= 8 short=0 | 6.2s
[1495] size=15 budget=  695 C1 valid=64 novel=23 | C2 uniq=21 | C3 draws=  695 comp=  9 uniq=  9 novel=  6 pruned=   0 bt=499 cap= 7 | C4 pool=400 got=21 short=0 | 5.8s
[1496] size=17 budget=  384 C1 valid=64 novel= 0 | C2 uniq= 1 | C3 draws=  384 comp=  1 uniq=  1 novel=  0 pruned=   0 bt=334 cap= 4 | C4 pool=  1 got= 1 short=0 | 3.1s
[1497] size=19 budget=  384 C1 valid=64 novel= 0 | C2 uniq= 1 | C3 draws=  384 comp=  1 uniq=  1 novel=  0 pruned=   0 bt=335 cap= 5 | C4 pool=  1 got= 1 short=0 | 3.1s
[1498] size=17 budget=  582 C1 valid=63 novel= 0 | C2 uniq= 1 | C3 draws=  582 comp=  1 uniq=  1 novel=  0 pruned=   0 bt=492 cap= 7 | C4 pool=  1 got= 1 short=0 | 4.9s
[1499] size=17 budget=  392 C1 valid=64 novel= 3 | C2 uniq= 8 | C3 draws=  392 comp=  3 uniq=  3 novel=  1 pruned=   0 bt=326 cap= 4 | C4 pool= 11 got= 8 short=0 | 3.1s
[1500] size=17 budget= 1121 C1 valid=61 novel=61 | C2 uniq=10 | C3 draws= 1121 comp=  5 uniq=  5 novel=  5 pruned=   0 bt=769 cap=13 | C4 pool= 32 got=10 short=0 | 10.2s
[1501] size=15 budget=  960 C1 valid=64 novel=64 | C2 uniq= 1 | C3 draws=  960 comp=  1 uniq=  1 novel=  1 pruned=   0 bt=753 cap=11 | C4 pool=  1 got= 1 short=0 | 8.7s
[1502] size=15 budget=  320 C1 valid=64 novel= 0 | C2 uniq= 1 | C3 draws=  320 comp=  1 uniq=  1 novel=  0 pruned=   0 bt=282 cap= 3 | C4 pool=  2 got= 1 short=0 | 2.6s
[1503] size=17 budget=  320 C1 valid=64 novel= 0 | C2 uniq= 1 | C3 draws=  320 comp=  1 uniq=  1 novel=  0 pruned=   0 bt=273 cap= 4 | C4 pool=  1 got= 1 short=0 | 2.6s
[1504] size=19 budget= 1639 C1 valid=27 novel=27 | C2 uniq=11 | C3 draws= 1639 comp= 12 uniq= 12 novel= 12 pruned=   0 bt=1005 cap=17 | C4 pool= 48 got=11 short=0 | 14.4s
[1505] size=17 budget=  864 C1 valid=56 novel=28 | C2 uniq=15 | C3 draws=  864 comp= 18 uniq= 18 novel= 14 pruned=   0 bt=475 cap= 3 | C4 pool= 95 got=15 short=0 | 8.1s
[1506] size= 9 budget=  397 C1 valid=64 novel= 0 | C2 uniq= 2 | C3 draws=  397 comp=  2 uniq=  2 novel=  0 pruned=   0 bt=339 cap= 4 | C4 pool=  2 got= 2 short=0 | 3.1s
[1507] size=19 budget=  386 C1 valid=61 novel= 0 | C2 uniq= 1 | C3 draws=  386 comp=  1 uniq=  1 novel=  0 pruned=   0 bt=334 cap= 5 | C4 pool=  1 got= 1 short=0 | 3.2s
[1508] size=15 budget=  993 C1 valid=64 novel=54 | C2 uniq=54 | C3 draws=  993 comp= 57 uniq= 57 novel= 53 pruned=   0 bt= 11 cap= 0 | C4 pool=400 got=54 short=0 | 6.5s
[1509] size=17 budget=  555 C1 valid=64 novel=42 | C2 uniq= 3 | C3 draws=  555 comp=  3 uniq=  3 novel=  2 pruned=   0 bt=464 cap= 6 | C4 pool=  3 got= 3 short=0 | 4.6s
[1510] size=11 budget=  320 C1 valid=64 novel= 0 | C2 uniq= 1 | C3 draws=  320 comp=  1 uniq=  1 novel=  0 pruned=   0 bt=283 cap= 3 | C4 pool=  1 got= 1 short=0 | 2.6s
[1511] size= 9 budget=  540 C1 valid=64 novel= 0 | C2 uniq= 3 | C3 draws=  540 comp=  3 uniq=  3 novel=  0 pruned=   0 bt=444 cap= 6 | C4 pool=  3 got= 3 short=0 | 4.5s
[1512] size=13 budget=  651 C1 valid=57 novel=19 | C2 uniq=13 | C3 draws=  651 comp=  2 uniq=  2 novel=  1 pruned=   0 bt=545 cap= 7 | C4 pool=400 got=13 short=0 | 5.5s
[1513] size=15 budget=  320 C1 valid=64 novel= 0 | C2 uniq= 1 | C3 draws=  320 comp=  1 uniq=  1 novel=  0 pruned=   0 bt=282 cap= 3 | C4 pool=  1 got= 1 short=0 | 2.6s
[1514] size=11 budget=  320 C1 valid=64 novel= 0 | C2 uniq= 1 | C3 draws=  320 comp=  1 uniq=  1 novel=  0 pruned=   0 bt=283 cap= 3 | C4 pool=  1 got= 1 short=0 | 2.6s
[1515] size=15 budget=  726 C1 valid=61 novel=33 | C2 uniq= 7 | C3 draws=  726 comp=  7 uniq=  7 novel=  4 pruned=   0 bt=557 cap= 7 | C4 pool=  9 got= 7 short=0 | 6.0s
[1516] size=13 budget=  409 C1 valid=64 novel= 0 | C2 uniq= 4 | C3 draws=  409 comp=  4 uniq=  4 novel=  0 pruned=   0 bt=338 cap= 4 | C4 pool=  4 got= 4 short=0 | 3.3s
[1517] size=19 budget=  706 C1 valid=57 novel=57 | C2 uniq= 3 | C3 draws=  706 comp=  2 uniq=  2 novel=  2 pruned=   0 bt=627 cap= 9 | C4 pool=  2 got= 2 short=1 | 5.7s
[1518] size=13 budget=  384 C1 valid=64 novel= 0 | C2 uniq= 1 | C3 draws=  384 comp=  1 uniq=  1 novel=  0 pruned=   0 bt=333 cap= 4 | C4 pool=  1 got= 1 short=0 | 3.1s
[1519] size=17 budget=  514 C1 valid=63 novel= 0 | C2 uniq= 1 | C3 draws=  514 comp=  1 uniq=  1 novel=  0 pruned=   0 bt=443 cap= 6 | C4 pool=  1 got= 1 short=0 | 4.2s
[1520] size=19 budget=  925 C1 valid=52 novel=43 | C2 uniq=17 | C3 draws=  925 comp=  6 uniq=  6 novel=  4 pruned=   0 bt=680 cap=11 | C4 pool= 36 got=17 short=0 | 8.0s
[1521] size=19 budget= 1048 C1 valid=10 novel= 9 | C2 uniq= 7 | C3 draws= 1048 comp=  3 uniq=  3 novel=  3 pruned=   0 bt=836 cap=13 | C4 pool=400 got= 7 short=0 | 9.1s
[1522] size=15 budget=  698 C1 valid=47 novel=47 | C2 uniq=10 | C3 draws=  698 comp= 14 uniq= 14 novel= 14 pruned=   0 bt=472 cap= 4 | C4 pool=400 got=10 short=0 | 5.6s
[1523] size=15 budget=  428 C1 valid=64 novel= 8 | C2 uniq= 3 | C3 draws=  428 comp=  4 uniq=  4 novel=  2 pruned=   0 bt=331 cap= 4 | C4 pool=  5 got= 3 short=0 | 3.5s
[1524] size=15 budget=  591 C1 valid=64 novel=16 | C2 uniq= 3 | C3 draws=  591 comp=  3 uniq=  3 novel=  1 pruned=   0 bt=477 cap= 7 | C4 pool=  4 got= 3 short=0 | 4.9s
[1525] size=13 budget=  390 C1 valid=62 novel= 0 | C2 uniq= 1 | C3 draws=  390 comp=  1 uniq=  1 novel=  0 pruned=   0 bt=334 cap= 4 | C4 pool=  1 got= 1 short=0 | 3.2s
[1526] size=15 budget=  629 C1 valid=64 novel= 7 | C2 uniq=15 | C3 draws=  629 comp= 23 uniq= 23 novel= 13 pruned=   0 bt=206 cap= 1 | C4 pool=400 got=15 short=0 | 4.9s
[1527] size=17 budget=  887 C1 valid=64 novel=34 | C2 uniq=18 | C3 draws=  887 comp=  8 uniq=  8 novel=  6 pruned=   0 bt=605 cap= 9 | C4 pool=400 got=18 short=0 | 8.0s
[1528] size=17 budget=  973 C1 valid=64 novel=51 | C2 uniq= 2 | C3 draws=  973 comp=  2 uniq=  2 novel=  1 pruned=   0 bt=709 cap=12 | C4 pool=  2 got= 2 short=0 | 9.1s
[1529] size=11 budget=  992 C1 valid=64 novel=48 | C2 uniq=15 | C3 draws=  992 comp= 12 uniq= 12 novel= 10 pruned=   0 bt=648 cap= 8 | C4 pool=400 got=15 short=0 | 9.0s
[1530] size=11 budget=  352 C1 valid=57 novel= 0 | C2 uniq= 2 | C3 draws=  352 comp=  2 uniq=  2 novel=  0 pruned=   0 bt=300 cap= 4 | C4 pool=  2 got= 2 short=0 | 2.8s
[1531] size=15 budget= 1073 C1 valid=31 novel=29 | C2 uniq=22 | C3 draws= 1073 comp= 14 uniq= 14 novel= 14 pruned=   0 bt=648 cap=10 | C4 pool=400 got=22 short=0 | 9.1s
[1532] size=19 budget=  448 C1 valid=64 novel= 0 | C2 uniq= 1 | C3 draws=  448 comp=  1 uniq=  1 novel=  0 pruned=   0 bt=393 cap= 5 | C4 pool=  1 got= 1 short=0 | 3.6s
[1533] size=17 budget=  875 C1 valid=62 novel=57 | C2 uniq=30 | C3 draws=  875 comp= 13 uniq= 13 novel= 13 pruned=   0 bt=564 cap= 8 | C4 pool=400 got=30 short=0 | 7.4s
[1534] size= 9 budget= 1625 C1 valid=51 novel=51 | C2 uniq=51 | C3 draws= 1625 comp= 50 uniq= 50 novel= 50 pruned=   0 bt=177 cap= 2 | C4 pool=400 got=51 short=0 | 12.7s
[1535] size=17 budget=  686 C1 valid=57 novel=19 | C2 uniq=14 | C3 draws=  686 comp=  5 uniq=  5 novel=  2 pruned=   0 bt=527 cap= 7 | C4 pool=234 got=14 short=0 | 5.9s
[1536] size= 9 budget=  512 C1 valid=64 novel= 0 | C2 uniq= 1 | C3 draws=  512 comp=  1 uniq=  1 novel=  0 pruned=   0 bt=443 cap= 5 | C4 pool=  2 got= 1 short=0 | 4.4s
[1537] size=13 budget=  320 C1 valid=64 novel= 0 | C2 uniq= 2 | C3 draws=  320 comp=  2 uniq=  2 novel=  0 pruned=   0 bt=274 cap= 3 | C4 pool=  2 got= 2 short=0 | 2.6s
[1538] size=15 budget=  674 C1 valid=57 novel=15 | C2 uniq=11 | C3 draws=  674 comp=  6 uniq=  6 novel=  3 pruned=   0 bt=530 cap= 7 | C4 pool= 77 got=11 short=0 | 5.6s
[1539] size=15 budget=  908 C1 valid=61 novel=45 | C2 uniq=38 | C3 draws=  908 comp= 18 uniq= 18 novel= 15 pruned=   0 bt=528 cap= 7 | C4 pool=400 got=38 short=0 | 7.2s
[1540] size= 9 budget=  384 C1 valid=64 novel= 0 | C2 uniq= 1 | C3 draws=  384 comp=  1 uniq=  1 novel=  0 pruned=   0 bt=333 cap= 4 | C4 pool=  1 got= 1 short=0 | 3.1s
[1541] size=13 budget= 1584 C1 valid=60 novel=60 | C2 uniq=22 | C3 draws= 1584 comp= 17 uniq= 17 novel= 17 pruned=   0 bt=774 cap=13 | C4 pool=400 got=22 short=0 | 14.5s
[1542] size=15 budget=  969 C1 valid=60 novel=48 | C2 uniq=31 | C3 draws=  969 comp= 39 uniq= 39 novel= 36 pruned=   0 bt=212 cap= 2 | C4 pool=400 got=31 short=0 | 7.1s
[1543] size=17 budget=  384 C1 valid=64 novel= 0 | C2 uniq= 1 | C3 draws=  384 comp=  1 uniq=  1 novel=  0 pruned=   0 bt=334 cap= 4 | C4 pool=  2 got= 1 short=0 | 3.2s
[1544] size=13 budget=  839 C1 valid=42 novel=13 | C2 uniq=15 | C3 draws=  839 comp= 46 uniq= 46 novel= 33 pruned=   0 bt= 27 cap= 0 | C4 pool=400 got=15 short=0 | 5.4s
[1545] size=19 budget=  605 C1 valid=64 novel=64 | C2 uniq= 5 | C3 draws=  605 comp=  2 uniq=  2 novel=  2 pruned=   0 bt=483 cap= 7 | C4 pool=  5 got= 5 short=0 | 5.2s
[1546] size=11 budget=  323 C1 valid=63 novel= 0 | C2 uniq= 1 | C3 draws=  323 comp=  1 uniq=  1 novel=  0 pruned=   0 bt=285 cap= 3 | C4 pool=  1 got= 1 short=0 | 2.7s
[1547] size=19 budget=  501 C1 valid=31 novel= 0 | C2 uniq= 1 | C3 draws=  501 comp=  2 uniq=  2 novel=  1 pruned=   0 bt=436 cap= 6 | C4 pool=  2 got= 1 short=0 | 4.0s
[1548] size=15 budget=  532 C1 valid=64 novel=63 | C2 uniq= 5 | C3 draws=  532 comp=  3 uniq=  3 novel=  3 pruned=   0 bt=450 cap= 6 | C4 pool=  5 got= 5 short=0 | 4.3s
[1549] size=17 budget=  640 C1 valid=64 novel=64 | C2 uniq= 1 | C3 draws=  640 comp=  2 uniq=  2 novel=  2 pruned=   0 bt=545 cap= 8 | C4 pool=  2 got= 1 short=0 | 5.4s
[1550] size=15 budget=  385 C1 valid=54 novel= 0 | C2 uniq= 1 | C3 draws=  385 comp=  1 uniq=  1 novel=  0 pruned=   0 bt=337 cap= 4 | C4 pool=  1 got= 1 short=0 | 3.2s
[1551] size=11 budget=  384 C1 valid=64 novel= 0 | C2 uniq= 3 | C3 draws=  384 comp=  3 uniq=  3 novel=  0 pruned=   0 bt=327 cap= 4 | C4 pool=  3 got= 3 short=0 | 3.1s
[1552] size= 9 budget=  725 C1 valid=64 novel=23 | C2 uniq=19 | C3 draws=  725 comp= 10 uniq= 10 novel=  7 pruned=   0 bt=503 cap= 6 | C4 pool=400 got=19 short=0 | 5.8s
[1553] size=17 budget= 1168 C1 valid= 6 novel= 6 | C2 uniq= 6 | C3 draws= 1168 comp=  1 uniq=  1 novel=  1 pruned=   0 bt=990 cap=14 | C4 pool=400 got= 6 short=0 | 11.0s
[1554] size=11 budget=  320 C1 valid=64 novel= 0 | C2 uniq= 1 | C3 draws=  320 comp=  1 uniq=  1 novel=  0 pruned=   0 bt=283 cap= 3 | C4 pool=  1 got= 1 short=0 | 2.6s
[1555] size=19 budget=  944 C1 valid=57 novel= 3 | C2 uniq=12 | C3 draws=  944 comp= 12 uniq= 12 novel=  3 pruned=   0 bt=576 cap= 8 | C4 pool= 58 got=12 short=0 | 8.3s
[1556] size=19 budget=  602 C1 valid=58 novel=46 | C2 uniq= 4 | C3 draws=  602 comp=  1 uniq=  1 novel=  1 pruned=   0 bt=529 cap= 7 | C4 pool=  6 got= 4 short=0 | 4.9s
[1557] size=13 budget=  779 C1 valid=63 novel=52 | C2 uniq=27 | C3 draws=  779 comp= 12 uniq= 12 novel= 11 pruned=   0 bt=540 cap= 7 | C4 pool=400 got=27 short=0 | 6.5s
[1558] size= 9 budget=  420 C1 valid=64 novel= 0 | C2 uniq= 5 | C3 draws=  420 comp=  1 uniq=  1 novel=  0 pruned=   0 bt=371 cap= 4 | C4 pool= 77 got= 5 short=0 | 3.5s
[1559] size=13 budget=  320 C1 valid=64 novel= 0 | C2 uniq= 1 | C3 draws=  320 comp=  1 uniq=  1 novel=  0 pruned=   0 bt=279 cap= 3 | C4 pool=  1 got= 1 short=0 | 2.6s
[1560] size=17 budget=  320 C1 valid=64 novel= 0 | C2 uniq= 1 | C3 draws=  320 comp=  1 uniq=  1 novel=  0 pruned=   0 bt=273 cap= 4 | C4 pool=  2 got= 1 short=0 | 2.6s
[1561] size=17 budget=  384 C1 valid=64 novel= 0 | C2 uniq= 1 | C3 draws=  384 comp=  1 uniq=  1 novel=  0 pruned=   0 bt=334 cap= 4 | C4 pool=  1 got= 1 short=0 | 3.1s
[1562] size=13 budget=  448 C1 valid=64 novel= 0 | C2 uniq= 1 | C3 draws=  448 comp=  1 uniq=  1 novel=  0 pruned=   0 bt=387 cap= 5 | C4 pool=  1 got= 1 short=0 | 3.6s
[1563] size=19 budget=  560 C1 valid=64 novel= 4 | C2 uniq=11 | C3 draws=  560 comp=  7 uniq=  7 novel=  1 pruned=   0 bt=392 cap= 6 | C4 pool= 65 got=11 short=0 | 5.1s
[1564] size=11 budget= 1188 C1 valid=64 novel=12 | C2 uniq=24 | C3 draws= 1188 comp= 16 uniq= 16 novel=  7 pruned=   0 bt=693 cap= 9 | C4 pool=400 got=24 short=0 | 10.2s
[1565] size=17 budget=  384 C1 valid=64 novel= 0 | C2 uniq= 1 | C3 draws=  384 comp=  1 uniq=  1 novel=  0 pruned=   0 bt=334 cap= 4 | C4 pool=  1 got= 1 short=0 | 3.1s
[1566] size=17 budget=  415 C1 valid=64 novel= 0 | C2 uniq= 2 | C3 draws=  415 comp=  2 uniq=  2 novel=  0 pruned=   0 bt=348 cap= 5 | C4 pool=  2 got= 2 short=0 | 3.3s
[1567] size=11 budget=  576 C1 valid=64 novel= 0 | C2 uniq= 1 | C3 draws=  576 comp=  1 uniq=  1 novel=  0 pruned=   0 bt=484 cap= 6 | C4 pool=  1 got= 1 short=0 | 4.9s
[1568] size=17 budget=  385 C1 valid=57 novel= 3 | C2 uniq= 3 | C3 draws=  385 comp=  1 uniq=  1 novel=  0 pruned=   0 bt=335 cap= 4 | C4 pool=  4 got= 3 short=0 | 3.2s
[1569] size=17 budget= 1197 C1 valid=60 novel=41 | C2 uniq=16 | C3 draws= 1197 comp= 35 uniq= 35 novel= 31 pruned=   0 bt=378 cap= 3 | C4 pool=400 got=16 short=0 | 10.4s
[1570] size=17 budget=  384 C1 valid=64 novel= 0 | C2 uniq= 1 | C3 draws=  384 comp=  1 uniq=  1 novel=  0 pruned=   0 bt=334 cap= 4 | C4 pool=  1 got= 1 short=0 | 3.1s
[1571] size=17 budget=  529 C1 valid=64 novel=16 | C2 uniq= 8 | C3 draws=  529 comp=  5 uniq=  5 novel=  1 pruned=   0 bt=411 cap= 6 | C4 pool= 10 got= 8 short=0 | 4.3s
[1572] size= 9 budget= 1035 C1 valid=46 novel=46 | C2 uniq=13 | C3 draws= 1035 comp=  7 uniq=  7 novel=  7 pruned=   0 bt=716 cap=10 | C4 pool=400 got=13 short=0 | 9.6s
[1573] size= 9 budget=  384 C1 valid=64 novel= 0 | C2 uniq= 1 | C3 draws=  384 comp=  1 uniq=  1 novel=  0 pruned=   0 bt=333 cap= 4 | C4 pool=  1 got= 1 short=0 | 3.1s
[1574] size=15 budget=  941 C1 valid=60 novel=60 | C2 uniq=28 | C3 draws=  941 comp= 20 uniq= 20 novel= 20 pruned=   0 bt=486 cap= 7 | C4 pool=400 got=28 short=0 | 7.8s
[1575] size=19 budget=  448 C1 valid=64 novel= 0 | C2 uniq= 1 | C3 draws=  448 comp=  1 uniq=  1 novel=  0 pruned=   0 bt=393 cap= 5 | C4 pool=  1 got= 1 short=0 | 3.7s
[1576] size=15 budget=  880 C1 valid=63 novel=63 | C2 uniq= 9 | C3 draws=  880 comp= 29 uniq= 29 novel= 29 pruned=   0 bt=377 cap= 0 | C4 pool= 66 got= 9 short=0 | 6.6s
[1577] size=17 budget= 1189 C1 valid=64 novel=16 | C2 uniq=25 | C3 draws= 1189 comp= 22 uniq= 22 novel= 12 pruned=   0 bt=554 cap= 8 | C4 pool=400 got=25 short=0 | 11.7s
[1578] size=13 budget=  589 C1 valid=64 novel= 7 | C2 uniq=11 | C3 draws=  589 comp= 10 uniq= 10 novel=  2 pruned=   0 bt=415 cap= 6 | C4 pool= 18 got=11 short=0 | 4.8s
[1579] size=19 budget=  839 C1 valid=32 novel= 0 | C2 uniq= 1 | C3 draws=  839 comp=  1 uniq=  1 novel=  0 pruned=   0 bt=704 cap=11 | C4 pool=  2 got= 1 short=0 | 7.1s
[1580] size=19 budget=  405 C1 valid=64 novel= 0 | C2 uniq= 3 | C3 draws=  405 comp=  3 uniq=  3 novel=  0 pruned=   0 bt=337 cap= 5 | C4 pool=  4 got= 3 short=0 | 3.2s
[1581] size=15 budget=  448 C1 valid=64 novel= 0 | C2 uniq= 1 | C3 draws=  448 comp=  1 uniq=  1 novel=  0 pruned=   0 bt=392 cap= 5 | C4 pool=  1 got= 1 short=0 | 3.7s
[1582] size=15 budget= 1208 C1 valid=54 novel=42 | C2 uniq=34 | C3 draws= 1208 comp= 18 uniq= 18 novel= 15 pruned=   0 bt=707 cap= 9 | C4 pool=400 got=34 short=0 | 10.5s
[1583] size=19 budget=  633 C1 valid=63 novel=16 | C2 uniq= 5 | C3 draws=  633 comp= 15 uniq= 15 novel= 12 pruned=   0 bt=295 cap= 3 | C4 pool=  9 got= 5 short=0 | 5.0s
[1584] size=13 budget=  320 C1 valid=64 novel= 0 | C2 uniq= 1 | C3 draws=  320 comp=  1 uniq=  1 novel=  0 pruned=   0 bt=279 cap= 3 | C4 pool=  1 got= 1 short=0 | 2.6s
[1585] size=11 budget=  256 C1 valid=64 novel= 0 | C2 uniq= 1 | C3 draws=  256 comp=  1 uniq=  1 novel=  0 pruned=   0 bt=225 cap= 3 | C4 pool=  1 got= 1 short=0 | 2.2s
[1586] size=13 budget=  568 C1 valid=63 novel=14 | C2 uniq= 2 | C3 draws=  568 comp=  3 uniq=  3 novel=  2 pruned=   0 bt=445 cap= 6 | C4 pool=  4 got= 2 short=0 | 4.8s
[1587] size=13 budget=  256 C1 valid=64 novel= 0 | C2 uniq= 1 | C3 draws=  256 comp=  1 uniq=  1 novel=  0 pruned=   0 bt=217 cap= 3 | C4 pool=  1 got= 1 short=0 | 2.0s
[1588] size=17 budget=  320 C1 valid=64 novel= 0 | C2 uniq= 1 | C3 draws=  320 comp=  1 uniq=  1 novel=  0 pruned=   0 bt=273 cap= 4 | C4 pool=  1 got= 1 short=0 | 2.6s
[1589] size=17 budget=  384 C1 valid=64 novel= 0 | C2 uniq= 1 | C3 draws=  384 comp=  1 uniq=  1 novel=  0 pruned=   0 bt=334 cap= 4 | C4 pool=  1 got= 1 short=0 | 3.1s
[1590] size= 9 budget=  352 C1 valid=64 novel= 0 | C2 uniq= 3 | C3 draws=  352 comp=  2 uniq=  2 novel=  0 pruned=   0 bt=304 cap= 3 | C4 pool=  3 got= 3 short=0 | 2.8s
[1591] size=13 budget=  320 C1 valid=64 novel= 0 | C2 uniq= 1 | C3 draws=  320 comp=  1 uniq=  1 novel=  0 pruned=   0 bt=279 cap= 3 | C4 pool=  1 got= 1 short=0 | 2.6s
[1592] size=19 budget=  649 C1 valid=64 novel= 6 | C2 uniq= 8 | C3 draws=  649 comp= 12 uniq= 12 novel=  7 pruned=   0 bt=424 cap= 5 | C4 pool=  8 got= 8 short=0 | 5.2s
[1593] size=17 budget=  613 C1 valid=44 novel= 8 | C2 uniq=10 | C3 draws=  613 comp=  7 uniq=  7 novel=  4 pruned=   0 bt=470 cap= 6 | C4 pool=400 got=10 short=0 | 4.9s
[1594] size=17 budget=  984 C1 valid=64 novel=61 | C2 uniq=42 | C3 draws=  984 comp= 25 uniq= 25 novel= 25 pruned=   0 bt=478 cap= 5 | C4 pool=400 got=42 short=0 | 7.7s
[1595] size=13 budget=  610 C1 valid=64 novel= 5 | C2 uniq= 5 | C3 draws=  610 comp=  4 uniq=  4 novel=  1 pruned=   0 bt=477 cap= 6 | C4 pool=  9 got= 5 short=0 | 5.1s
[1596] size=15 budget=  320 C1 valid=64 novel= 0 | C2 uniq= 1 | C3 draws=  320 comp=  1 uniq=  1 novel=  0 pruned=   0 bt=282 cap= 3 | C4 pool=  1 got= 1 short=0 | 2.6s
[1597] size=17 budget=  256 C1 valid=64 novel= 0 | C2 uniq= 1 | C3 draws=  256 comp=  1 uniq=  1 novel=  0 pruned=   0 bt=218 cap= 3 | C4 pool=  1 got= 1 short=0 | 2.1s
[1598] size=17 budget=  499 C1 valid=64 novel= 6 | C2 uniq= 6 | C3 draws=  499 comp=  5 uniq=  5 novel=  1 pruned=   0 bt=389 cap= 5 | C4 pool=  6 got= 6 short=0 | 4.0s
[1599] size=13 budget=  384 C1 valid=64 novel= 0 | C2 uniq= 2 | C3 draws=  384 comp=  2 uniq=  2 novel=  0 pruned=   0 bt=329 cap= 4 | C4 pool=  2 got= 2 short=0 | 3.1s
[1600] size=17 budget=  333 C1 valid=63 novel= 0 | C2 uniq= 1 | C3 draws=  333 comp=  1 uniq=  1 novel=  0 pruned=   0 bt=283 cap= 4 | C4 pool=  2 got= 1 short=0 | 2.7s
[1601] size=11 budget=  675 C1 valid=64 novel=54 | C2 uniq=10 | C3 draws=  675 comp=  5 uniq=  5 novel=  4 pruned=   0 bt=539 cap= 7 | C4 pool= 12 got=10 short=0 | 5.5s
[1602] size=11 budget=  672 C1 valid=64 novel=64 | C2 uniq= 3 | C3 draws=  672 comp=  5 uniq=  5 novel=  5 pruned=   0 bt=503 cap= 6 | C4 pool=  9 got= 3 short=0 | 6.1s
[1603] size=15 budget=  320 C1 valid=64 novel= 0 | C2 uniq= 1 | C3 draws=  320 comp=  1 uniq=  1 novel=  0 pruned=   0 bt=282 cap= 3 | C4 pool=  1 got= 1 short=0 | 2.6s
[1604] size=15 budget=  384 C1 valid=64 novel= 0 | C2 uniq= 1 | C3 draws=  384 comp=  1 uniq=  1 novel=  0 pruned=   0 bt=338 cap= 4 | C4 pool=  1 got= 1 short=0 | 3.1s
[1605] size=17 budget=  512 C1 valid=64 novel= 0 | C2 uniq= 2 | C3 draws=  512 comp=  2 uniq=  2 novel=  0 pruned=   0 bt=442 cap= 5 | C4 pool=  2 got= 2 short=0 | 4.1s
[1606] size=11 budget=  512 C1 valid=64 novel= 0 | C2 uniq= 1 | C3 draws=  512 comp=  1 uniq=  1 novel=  0 pruned=   0 bt=432 cap= 6 | C4 pool=  1 got= 1 short=0 | 4.4s
[1607] size=15 budget=  727 C1 valid=13 novel=13 | C2 uniq= 1 | C3 draws=  727 comp=  1 uniq=  1 novel=  1 pruned=   0 bt=621 cap= 9 | C4 pool=  1 got= 1 short=0 | 6.0s
[1608] size=17 budget=  448 C1 valid=64 novel= 0 | C2 uniq= 1 | C3 draws=  448 comp=  1 uniq=  1 novel=  0 pruned=   0 bt=387 cap= 5 | C4 pool=  1 got= 1 short=0 | 3.6s
[1609] size= 9 budget=  316 C1 valid=44 novel= 0 | C2 uniq= 1 | C3 draws=  316 comp=  1 uniq=  1 novel=  0 pruned=   0 bt=275 cap= 3 | C4 pool=  1 got= 1 short=0 | 2.6s
[1610] size=15 budget=  583 C1 valid=63 novel= 8 | C2 uniq= 2 | C3 draws=  583 comp=  3 uniq=  3 novel=  2 pruned=   0 bt=488 cap= 6 | C4 pool=  3 got= 2 short=0 | 4.7s
[1611] size= 9 budget=  256 C1 valid=64 novel= 0 | C2 uniq= 1 | C3 draws=  256 comp=  1 uniq=  1 novel=  0 pruned=   0 bt=225 cap= 2 | C4 pool=  1 got= 1 short=0 | 2.1s
[1612] size=19 budget= 1213 C1 valid=57 novel=46 | C2 uniq=33 | C3 draws= 1213 comp= 23 uniq= 23 novel= 22 pruned=   0 bt=596 cap=10 | C4 pool=400 got=33 short=0 | 10.0s
[1613] size=11 budget=  536 C1 valid=64 novel=20 | C2 uniq=21 | C3 draws=  536 comp= 20 uniq= 20 novel= 15 pruned=   0 bt=234 cap= 3 | C4 pool=400 got=21 short=0 | 4.1s
[1614] size= 9 budget=  454 C1 valid=64 novel=32 | C2 uniq= 5 | C3 draws=  454 comp=  4 uniq=  4 novel=  2 pruned=   0 bt=375 cap= 4 | C4 pool= 11 got= 5 short=0 | 3.7s
[1615] size=13 budget= 1025 C1 valid=26 novel=21 | C2 uniq= 7 | C3 draws= 1025 comp= 19 uniq= 19 novel= 18 pruned=   0 bt=577 cap= 4 | C4 pool= 33 got= 7 short=0 | 8.9s
[1616] size=19 budget=  496 C1 valid=64 novel=30 | C2 uniq= 4 | C3 draws=  496 comp=  3 uniq=  3 novel=  1 pruned=   0 bt=410 cap= 6 | C4 pool=  4 got= 4 short=0 | 4.0s
[1617] size=13 budget=  384 C1 valid=64 novel= 0 | C2 uniq= 1 | C3 draws=  384 comp=  1 uniq=  1 novel=  0 pruned=   0 bt=333 cap= 4 | C4 pool=  1 got= 1 short=0 | 3.2s
[1618] size=17 budget=  448 C1 valid=64 novel= 0 | C2 uniq= 1 | C3 draws=  448 comp=  1 uniq=  1 novel=  0 pruned=   0 bt=387 cap= 5 | C4 pool=  1 got= 1 short=0 | 3.6s
[1619] size= 9 budget=  384 C1 valid=64 novel= 0 | C2 uniq= 1 | C3 draws=  384 comp=  1 uniq=  1 novel=  0 pruned=   0 bt=333 cap= 4 | C4 pool=  1 got= 1 short=0 | 3.1s
[1620] size=17 budget=  547 C1 valid=63 novel=18 | C2 uniq= 4 | C3 draws=  547 comp=  4 uniq=  4 novel=  1 pruned=   0 bt=446 cap= 6 | C4 pool=  5 got= 4 short=0 | 4.4s
[1621] size=17 budget=  431 C1 valid=64 novel= 9 | C2 uniq= 7 | C3 draws=  431 comp=  4 uniq=  4 novel=  2 pruned=   0 bt=341 cap= 5 | C4 pool=400 got= 7 short=0 | 3.5s
[1622] size=19 budget=  471 C1 valid=63 novel=21 | C2 uniq= 3 | C3 draws=  471 comp=  2 uniq=  2 novel=  1 pruned=   0 bt=397 cap= 6 | C4 pool=  4 got= 3 short=0 | 3.8s
[1623] size=19 budget=  750 C1 valid=64 novel=64 | C2 uniq=10 | C3 draws=  750 comp=  6 uniq=  6 novel=  6 pruned=   0 bt=584 cap= 7 | C4 pool= 12 got=10 short=0 | 6.3s
[1624] size= 9 budget=  465 C1 valid=64 novel= 0 | C2 uniq= 2 | C3 draws=  465 comp=  2 uniq=  2 novel=  0 pruned=   0 bt=387 cap= 5 | C4 pool=  2 got= 2 short=0 | 3.9s
[1625] size=13 budget=  320 C1 valid=64 novel= 0 | C2 uniq= 1 | C3 draws=  320 comp=  1 uniq=  1 novel=  0 pruned=   0 bt=279 cap= 3 | C4 pool=  1 got= 1 short=0 | 2.6s
[1626] size=17 budget=  256 C1 valid=64 novel= 0 | C2 uniq= 1 | C3 draws=  256 comp=  1 uniq=  1 novel=  0 pruned=   0 bt=218 cap= 3 | C4 pool=  1 got= 1 short=0 | 2.1s
[1627] size=17 budget=  438 C1 valid=64 novel=14 | C2 uniq= 3 | C3 draws=  438 comp=  3 uniq=  3 novel=  1 pruned=   0 bt=360 cap= 5 | C4 pool=  3 got= 3 short=0 | 3.5s
[1628] size=19 budget=  384 C1 valid=64 novel= 0 | C2 uniq= 1 | C3 draws=  384 comp=  1 uniq=  1 novel=  0 pruned=   0 bt=335 cap= 5 | C4 pool=  1 got= 1 short=0 | 3.1s
[1629] size=13 budget=  924 C1 valid=35 novel=18 | C2 uniq=15 | C3 draws=  924 comp= 21 uniq= 21 novel= 18 pruned=   0 bt=498 cap= 7 | C4 pool=400 got=15 short=0 | 7.2s
[1630] size=19 budget=  612 C1 valid=57 novel=21 | C2 uniq=16 | C3 draws=  612 comp= 18 uniq= 18 novel= 17 pruned=   0 bt=236 cap= 4 | C4 pool=400 got=16 short=0 | 5.0s
[1631] size=15 budget=  642 C1 valid=57 novel=21 | C2 uniq=14 | C3 draws=  642 comp= 15 uniq= 15 novel= 12 pruned=   0 bt=236 cap= 4 | C4 pool=400 got=14 short=0 | 5.2s
[1632] size=17 budget=  384 C1 valid=64 novel= 0 | C2 uniq= 1 | C3 draws=  384 comp=  1 uniq=  1 novel=  0 pruned=   0 bt=334 cap= 4 | C4 pool=  1 got= 1 short=0 | 3.1s
[1633] size= 9 budget=  448 C1 valid=64 novel= 0 | C2 uniq= 1 | C3 draws=  448 comp=  1 uniq=  1 novel=  0 pruned=   0 bt=387 cap= 5 | C4 pool=  1 got= 1 short=0 | 3.6s
[1634] size=15 budget=  256 C1 valid=64 novel= 0 | C2 uniq= 1 | C3 draws=  256 comp=  1 uniq=  1 novel=  0 pruned=   0 bt=219 cap= 3 | C4 pool=  1 got= 1 short=0 | 2.1s
[1635] size=19 budget= 1154 C1 valid=57 novel=56 | C2 uniq=23 | C3 draws= 1154 comp= 13 uniq= 13 novel= 13 pruned=   0 bt=706 cap=12 | C4 pool=256 got=23 short=0 | 10.3s
[1636] size=17 budget=  384 C1 valid=64 novel= 0 | C2 uniq= 1 | C3 draws=  384 comp=  1 uniq=  1 novel=  0 pruned=   0 bt=334 cap= 4 | C4 pool=  1 got= 1 short=0 | 3.1s
[1637] size=13 budget=  382 C1 valid=62 novel= 0 | C2 uniq= 1 | C3 draws=  382 comp=  1 uniq=  1 novel=  0 pruned=   0 bt=331 cap= 4 | C4 pool=  1 got= 1 short=0 | 3.0s
[1638] size=11 budget=  576 C1 valid=64 novel= 0 | C2 uniq= 1 | C3 draws=  576 comp=  1 uniq=  1 novel=  0 pruned=   0 bt=490 cap= 6 | C4 pool=  1 got= 1 short=0 | 4.8s
[1639] size=17 budget= 1243 C1 valid=30 novel=25 | C2 uniq=27 | C3 draws= 1243 comp= 37 uniq= 37 novel= 35 pruned=   0 bt=377 cap= 6 | C4 pool=400 got=27 short=0 | 9.5s
[1640] size=19 budget=  724 C1 valid=64 novel=64 | C2 uniq= 3 | C3 draws=  724 comp=  4 uniq=  4 novel=  4 pruned=   0 bt=530 cap= 8 | C4 pool=  9 got= 3 short=0 | 6.4s
[1641] size=15 budget=  320 C1 valid=64 novel= 0 | C2 uniq= 1 | C3 draws=  320 comp=  1 uniq=  1 novel=  0 pruned=   0 bt=282 cap= 3 | C4 pool=  1 got= 1 short=0 | 2.6s
[1642] size=19 budget=  856 C1 valid=64 novel=64 | C2 uniq= 4 | C3 draws=  856 comp=  6 uniq=  6 novel=  6 pruned=   0 bt=596 cap= 8 | C4 pool=  7 got= 4 short=0 | 7.4s
[1643] size=19 budget=  512 C1 valid=64 novel=64 | C2 uniq= 1 | C3 draws=  512 comp=  1 uniq=  1 novel=  1 pruned=   0 bt=447 cap= 6 | C4 pool=  1 got= 1 short=0 | 4.2s
[1644] size=19 budget=  384 C1 valid=64 novel= 0 | C2 uniq= 1 | C3 draws=  384 comp=  1 uniq=  1 novel=  0 pruned=   0 bt=335 cap= 5 | C4 pool=  1 got= 1 short=0 | 3.1s
[1645] size=15 budget=  640 C1 valid=64 novel=64 | C2 uniq= 1 | C3 draws=  640 comp=  1 uniq=  1 novel=  1 pruned=   0 bt=533 cap= 7 | C4 pool=  1 got= 1 short=0 | 5.6s
[1646] size=11 budget=  608 C1 valid=63 novel=31 | C2 uniq= 3 | C3 draws=  608 comp=  3 uniq=  3 novel=  2 pruned=   0 bt=499 cap= 6 | C4 pool=  3 got= 3 short=0 | 5.1s
[1647] size=15 budget=  384 C1 valid=64 novel= 0 | C2 uniq= 1 | C3 draws=  384 comp=  1 uniq=  1 novel=  0 pruned=   0 bt=338 cap= 4 | C4 pool=  1 got= 1 short=0 | 3.1s
[1648] size=15 budget=  475 C1 valid=56 novel= 3 | C2 uniq= 2 | C3 draws=  475 comp=  2 uniq=  2 novel=  1 pruned=   0 bt=404 cap= 5 | C4 pool=  4 got= 2 short=0 | 3.9s
[1649] size=11 budget=  855 C1 valid=56 novel=31 | C2 uniq=18 | C3 draws=  855 comp= 40 uniq= 40 novel= 37 pruned=   0 bt=170 cap= 0 | C4 pool=400 got=18 short=0 | 5.8s
[1650] size=11 budget=  330 C1 valid=64 novel= 0 | C2 uniq= 3 | C3 draws=  330 comp=  3 uniq=  3 novel=  0 pruned=   0 bt=281 cap= 3 | C4 pool=  4 got= 3 short=0 | 2.7s
[1651] size=19 budget=  320 C1 valid=64 novel= 0 | C2 uniq= 1 | C3 draws=  320 comp=  1 uniq=  1 novel=  0 pruned=   0 bt=274 cap= 4 | C4 pool=  1 got= 1 short=0 | 2.6s
[1652] size=17 budget=  448 C1 valid=64 novel= 0 | C2 uniq= 1 | C3 draws=  448 comp=  1 uniq=  1 novel=  0 pruned=   0 bt=387 cap= 5 | C4 pool=  1 got= 1 short=0 | 3.6s
[1653] size=19 budget=  631 C1 valid=64 novel=20 | C2 uniq=12 | C3 draws=  631 comp=  7 uniq=  7 novel=  4 pruned=   0 bt=484 cap= 7 | C4 pool= 58 got=12 short=0 | 5.1s
[1654] size=17 budget=  750 C1 valid=64 novel=34 | C2 uniq=26 | C3 draws=  750 comp= 17 uniq= 17 novel= 12 pruned=   0 bt=439 cap= 6 | C4 pool=400 got=26 short=0 | 5.7s
[1655] size=19 budget=  384 C1 valid=64 novel= 0 | C2 uniq= 1 | C3 draws=  384 comp=  1 uniq=  1 novel=  0 pruned=   0 bt=335 cap= 5 | C4 pool=  1 got= 1 short=0 | 3.1s
[1656] size=17 budget=  448 C1 valid=64 novel= 0 | C2 uniq= 1 | C3 draws=  448 comp=  1 uniq=  1 novel=  0 pruned=   0 bt=387 cap= 5 | C4 pool=  1 got= 1 short=0 | 3.7s
[1657] size=13 budget=  987 C1 valid=64 novel=64 | C2 uniq= 6 | C3 draws=  987 comp=  6 uniq=  6 novel=  6 pruned=   0 bt=692 cap=11 | C4 pool=  8 got= 6 short=0 | 8.9s
[1658] size=19 budget=  384 C1 valid=64 novel= 0 | C2 uniq= 1 | C3 draws=  384 comp=  1 uniq=  1 novel=  0 pruned=   0 bt=335 cap= 5 | C4 pool=  1 got= 1 short=0 | 3.1s
[1659] size=15 budget=  384 C1 valid=64 novel= 0 | C2 uniq= 1 | C3 draws=  384 comp=  1 uniq=  1 novel=  0 pruned=   0 bt=338 cap= 4 | C4 pool=  1 got= 1 short=0 | 3.1s
[1660] size=19 budget=  986 C1 valid=63 novel=39 | C2 uniq=37 | C3 draws=  986 comp= 28 uniq= 28 novel= 25 pruned=   0 bt=454 cap= 4 | C4 pool=400 got=37 short=0 | 7.7s
[1661] size=11 budget=  384 C1 valid=64 novel= 0 | C2 uniq= 1 | C3 draws=  384 comp=  1 uniq=  1 novel=  0 pruned=   0 bt=337 cap= 4 | C4 pool=  1 got= 1 short=0 | 3.1s
[1662] size=19 budget= 1154 C1 valid=61 novel=61 | C2 uniq=31 | C3 draws= 1154 comp= 36 uniq= 36 novel= 36 pruned=   0 bt=411 cap= 0 | C4 pool=400 got=31 short=0 | 9.6s
[1663] size=17 budget=  389 C1 valid=63 novel= 0 | C2 uniq= 1 | C3 draws=  389 comp=  1 uniq=  1 novel=  0 pruned=   0 bt=339 cap= 4 | C4 pool=  1 got= 1 short=0 | 3.2s
[1664] size=15 budget=  698 C1 valid=57 novel=32 | C2 uniq=23 | C3 draws=  698 comp= 13 uniq= 13 novel= 10 pruned=   0 bt=493 cap= 6 | C4 pool=400 got=23 short=0 | 5.5s
[1665] size=15 budget=  320 C1 valid=64 novel= 0 | C2 uniq= 1 | C3 draws=  320 comp=  1 uniq=  1 novel=  0 pruned=   0 bt=282 cap= 3 | C4 pool=  1 got= 1 short=0 | 2.6s
[1666] size=13 budget=  580 C1 valid=64 novel=18 | C2 uniq=18 | C3 draws=  580 comp=  8 uniq=  8 novel=  4 pruned=   0 bt=413 cap= 6 | C4 pool=400 got=18 short=0 | 4.9s
[1667] size=19 budget=  320 C1 valid=64 novel= 0 | C2 uniq= 1 | C3 draws=  320 comp=  1 uniq=  1 novel=  0 pruned=   0 bt=274 cap= 4 | C4 pool=  1 got= 1 short=0 | 2.6s
[1668] size=15 budget=  884 C1 valid=63 novel=48 | C2 uniq= 3 | C3 draws=  884 comp=  3 uniq=  3 novel=  2 pruned=   0 bt=708 cap=10 | C4 pool=  3 got= 3 short=0 | 7.6s
[1669] size=15 budget=  448 C1 valid=64 novel= 0 | C2 uniq= 1 | C3 draws=  448 comp=  1 uniq=  1 novel=  0 pruned=   0 bt=392 cap= 5 | C4 pool=  1 got= 1 short=0 | 3.6s
[1670] size=13 budget=  384 C1 valid=64 novel= 0 | C2 uniq= 1 | C3 draws=  384 comp=  1 uniq=  1 novel=  0 pruned=   0 bt=333 cap= 4 | C4 pool=  1 got= 1 short=0 | 3.1s
[1671] size=13 budget=  885 C1 valid=53 novel=15 | C2 uniq=16 | C3 draws=  885 comp= 10 uniq= 10 novel=  6 pruned=   0 bt=638 cap= 8 | C4 pool=400 got=16 short=0 | 7.2s
[1672] size=15 budget=  469 C1 valid=64 novel=27 | C2 uniq= 3 | C3 draws=  469 comp=  2 uniq=  2 novel=  0 pruned=   0 bt=410 cap= 5 | C4 pool=  3 got= 3 short=0 | 3.9s
[1673] size=17 budget=  520 C1 valid=63 novel=23 | C2 uniq= 6 | C3 draws=  520 comp=  3 uniq=  3 novel=  1 pruned=   0 bt=412 cap= 6 | C4 pool=321 got= 6 short=0 | 4.6s
[1674] size=17 budget= 1628 C1 valid=26 novel=25 | C2 uniq=26 | C3 draws= 1628 comp= 32 uniq= 32 novel= 31 pruned=   0 bt=545 cap= 9 | C4 pool=400 got=26 short=0 | 13.0s
[1675] size=13 budget=  384 C1 valid=64 novel= 0 | C2 uniq= 1 | C3 draws=  384 comp=  1 uniq=  1 novel=  0 pruned=   0 bt=333 cap= 4 | C4 pool=  1 got= 1 short=0 | 3.1s
[1676] size=11 budget=  662 C1 valid=64 novel=19 | C2 uniq=20 | C3 draws=  662 comp=  5 uniq=  5 novel=  2 pruned=   0 bt=537 cap= 7 | C4 pool=400 got=20 short=0 | 5.4s
[1677] size=17 budget=  590 C1 valid=62 novel=23 | C2 uniq= 6 | C3 draws=  590 comp= 12 uniq= 12 novel= 10 pruned=   0 bt=357 cap= 4 | C4 pool= 10 got= 6 short=0 | 4.6s
[1678] size=13 budget=  320 C1 valid=64 novel= 0 | C2 uniq= 1 | C3 draws=  320 comp=  1 uniq=  1 novel=  0 pruned=   0 bt=279 cap= 3 | C4 pool=  2 got= 1 short=0 | 2.6s
[1679] size=15 budget=  423 C1 valid=64 novel= 0 | C2 uniq= 3 | C3 draws=  423 comp=  2 uniq=  2 novel=  0 pruned=   0 bt=361 cap= 5 | C4 pool=  4 got= 3 short=0 | 3.4s
[1680] size=11 budget=  514 C1 valid=62 novel=62 | C2 uniq= 1 | C3 draws=  514 comp=  1 uniq=  1 novel=  1 pruned=   0 bt=433 cap= 6 | C4 pool=  2 got= 1 short=0 | 4.3s
[1681] size=17 budget=  436 C1 valid=63 novel= 5 | C2 uniq= 7 | C3 draws=  436 comp=  4 uniq=  4 novel=  0 pruned=   0 bt=354 cap= 5 | C4 pool=  8 got= 7 short=0 | 3.4s
[1682] size=19 budget=  795 C1 valid=54 novel=28 | C2 uniq=10 | C3 draws=  795 comp=  8 uniq=  8 novel=  6 pruned=   0 bt=565 cap= 8 | C4 pool= 21 got=10 short=0 | 6.6s
[1683] size=11 budget=  256 C1 valid=64 novel= 0 | C2 uniq= 1 | C3 draws=  256 comp=  1 uniq=  1 novel=  0 pruned=   0 bt=225 cap= 3 | C4 pool=  1 got= 1 short=0 | 2.1s
[1684] size=19 budget=  405 C1 valid=58 novel= 0 | C2 uniq= 1 | C3 draws=  405 comp=  1 uniq=  1 novel=  0 pruned=   0 bt=350 cap= 5 | C4 pool=  1 got= 1 short=0 | 3.3s
[1685] size=15 budget=  374 C1 valid=63 novel= 0 | C2 uniq= 3 | C3 draws=  374 comp=  2 uniq=  2 novel=  0 pruned=   0 bt=320 cap= 4 | C4 pool=  3 got= 3 short=0 | 3.0s
[1686] size= 9 budget=  320 C1 valid=64 novel= 0 | C2 uniq= 1 | C3 draws=  320 comp=  1 uniq=  1 novel=  0 pruned=   0 bt=279 cap= 3 | C4 pool=  1 got= 1 short=0 | 2.6s
[1687] size=13 budget= 1590 C1 valid=59 novel=59 | C2 uniq=25 | C3 draws= 1590 comp= 15 uniq= 15 novel= 15 pruned=   0 bt=842 cap=14 | C4 pool=400 got=25 short=0 | 14.9s
[1688] size=11 budget=  448 C1 valid=64 novel= 0 | C2 uniq= 1 | C3 draws=  448 comp=  1 uniq=  1 novel=  0 pruned=   0 bt=393 cap= 5 | C4 pool=  1 got= 1 short=0 | 3.7s
[1689] size=17 budget=  470 C1 valid=64 novel=21 | C2 uniq= 6 | C3 draws=  470 comp=  6 uniq=  6 novel=  3 pruned=   0 bt=356 cap= 5 | C4 pool=  7 got= 6 short=0 | 3.7s
[1690] size=17 budget=  524 C1 valid=61 novel= 0 | C2 uniq= 2 | C3 draws=  524 comp=  2 uniq=  2 novel=  0 pruned=   0 bt=445 cap= 6 | C4 pool=  2 got= 2 short=0 | 4.2s
[1691] size=11 budget=  283 C1 valid=64 novel= 0 | C2 uniq= 2 | C3 draws=  283 comp=  2 uniq=  2 novel=  0 pruned=   0 bt=239 cap= 3 | C4 pool=  2 got= 2 short=0 | 2.3s
[1692] size=19 budget= 1000 C1 valid=57 novel=14 | C2 uniq=24 | C3 draws= 1000 comp= 34 uniq= 34 novel= 20 pruned=   0 bt=265 cap= 2 | C4 pool=400 got=24 short=0 | 9.6s
[1693] size=17 budget=  537 C1 valid=31 novel= 0 | C2 uniq= 1 | C3 draws=  537 comp=  1 uniq=  1 novel=  0 pruned=   0 bt=458 cap= 6 | C4 pool=  1 got= 1 short=0 | 4.6s
[1694] size=17 budget= 1155 C1 valid=64 novel=64 | C2 uniq= 3 | C3 draws= 1155 comp=  3 uniq=  3 novel=  3 pruned=   0 bt=824 cap=14 | C4 pool=  6 got= 3 short=0 | 10.8s
[1695] size=11 budget=  384 C1 valid=64 novel= 0 | C2 uniq= 1 | C3 draws=  384 comp=  1 uniq=  1 novel=  0 pruned=   0 bt=337 cap= 4 | C4 pool=  1 got= 1 short=0 | 3.1s
[1696] size=17 budget=  696 C1 valid=50 novel=17 | C2 uniq= 8 | C3 draws=  696 comp= 11 uniq= 11 novel=  9 pruned=   0 bt=438 cap= 6 | C4 pool= 20 got= 8 short=0 | 6.1s
[1697] size= 9 budget=  355 C1 valid=64 novel= 0 | C2 uniq= 5 | C3 draws=  355 comp=  4 uniq=  4 novel=  0 pruned=   0 bt=296 cap= 3 | C4 pool=  6 got= 5 short=0 | 2.9s
[1698] size=11 budget=  384 C1 valid=64 novel= 0 | C2 uniq= 1 | C3 draws=  384 comp=  1 uniq=  1 novel=  0 pruned=   0 bt=337 cap= 4 | C4 pool=  1 got= 1 short=0 | 3.1s
[1699] size=13 budget=  448 C1 valid=64 novel= 0 | C2 uniq= 1 | C3 draws=  448 comp=  1 uniq=  1 novel=  0 pruned=   0 bt=387 cap= 5 | C4 pool=  1 got= 1 short=0 | 3.6s
[1700] size=17 budget=  567 C1 valid=64 novel=12 | C2 uniq= 9 | C3 draws=  567 comp=  5 uniq=  5 novel=  2 pruned=   0 bt=457 cap= 6 | C4 pool= 30 got= 9 short=0 | 4.6s
[1701] size=17 budget=  320 C1 valid=64 novel= 0 | C2 uniq= 1 | C3 draws=  320 comp=  1 uniq=  1 novel=  0 pruned=   0 bt=269 cap= 4 | C4 pool=  1 got= 1 short=0 | 2.7s
[1702] size=15 budget=  483 C1 valid=56 novel=12 | C2 uniq= 6 | C3 draws=  483 comp=  3 uniq=  3 novel=  1 pruned=   0 bt=397 cap= 5 | C4 pool=  9 got= 6 short=0 | 4.1s
[1703] size=15 budget=  608 C1 valid=64 novel=28 | C2 uniq=18 | C3 draws=  608 comp= 10 uniq= 10 novel=  5 pruned=   0 bt=446 cap= 6 | C4 pool= 66 got=18 short=0 | 4.8s
[1704] size=15 budget=  256 C1 valid=64 novel= 0 | C2 uniq= 1 | C3 draws=  256 comp=  1 uniq=  1 novel=  0 pruned=   0 bt=219 cap= 3 | C4 pool=  1 got= 1 short=0 | 2.1s
[1705] size= 9 budget=  752 C1 valid=64 novel=30 | C2 uniq=18 | C3 draws=  752 comp= 23 uniq= 23 novel= 19 pruned=   0 bt=350 cap= 4 | C4 pool=400 got=18 short=0 | 5.9s
[1706] size=17 budget=  352 C1 valid=48 novel= 0 | C2 uniq= 1 | C3 draws=  352 comp=  1 uniq=  1 novel=  0 pruned=   0 bt=303 cap= 4 | C4 pool=  1 got= 1 short=0 | 2.9s
[1707] size=19 budget=  838 C1 valid=64 novel=45 | C2 uniq=47 | C3 draws=  838 comp= 54 uniq= 54 novel= 46 pruned=   0 bt= 36 cap= 0 | C4 pool=400 got=47 short=0 | 5.3s
[1708] size=17 budget=  849 C1 valid=59 novel=37 | C2 uniq=31 | C3 draws=  849 comp= 50 uniq= 50 novel= 48 pruned=   0 bt= 54 cap= 0 | C4 pool=400 got=31 short=0 | 5.4s
[1709] size=15 budget=  384 C1 valid=64 novel= 0 | C2 uniq= 1 | C3 draws=  384 comp=  1 uniq=  1 novel=  0 pruned=   0 bt=338 cap= 4 | C4 pool=  1 got= 1 short=0 | 3.1s
[1710] size=17 budget=  599 C1 valid=64 novel= 0 | C2 uniq= 2 | C3 draws=  599 comp=  2 uniq=  2 novel=  0 pruned=   0 bt=491 cap= 7 | C4 pool=  2 got= 2 short=0 | 5.2s
[1711] size=11 budget=  997 C1 valid=62 novel=47 | C2 uniq=33 | C3 draws=  997 comp= 25 uniq= 25 novel= 22 pruned=   0 bt=491 cap= 6 | C4 pool=400 got=33 short=0 | 7.6s
[1712] size= 9 budget=  320 C1 valid=64 novel= 0 | C2 uniq= 1 | C3 draws=  320 comp=  1 uniq=  1 novel=  0 pruned=   0 bt=279 cap= 3 | C4 pool=  1 got= 1 short=0 | 2.6s
[1713] size=17 budget=  382 C1 valid=64 novel= 0 | C2 uniq= 2 | C3 draws=  382 comp=  2 uniq=  2 novel=  0 pruned=   0 bt=326 cap= 4 | C4 pool=  2 got= 2 short=0 | 3.3s
[1714] size=15 budget=  713 C1 valid=64 novel=64 | C2 uniq= 2 | C3 draws=  713 comp=  2 uniq=  2 novel=  2 pruned=   0 bt=564 cap= 8 | C4 pool=  2 got= 2 short=0 | 6.2s
[1715] size=15 budget=  428 C1 valid=64 novel= 0 | C2 uniq= 7 | C3 draws=  428 comp=  7 uniq=  7 novel=  0 pruned=   0 bt=333 cap= 4 | C4 pool= 13 got= 7 short=0 | 3.3s
[1716] size=15 budget=  384 C1 valid=64 novel= 0 | C2 uniq= 1 | C3 draws=  384 comp=  1 uniq=  1 novel=  0 pruned=   0 bt=338 cap= 4 | C4 pool=  2 got= 1 short=0 | 3.1s
[1717] size=11 budget=  384 C1 valid=64 novel= 0 | C2 uniq= 1 | C3 draws=  384 comp=  1 uniq=  1 novel=  0 pruned=   0 bt=337 cap= 4 | C4 pool=  1 got= 1 short=0 | 3.1s
[1718] size=13 budget=  556 C1 valid=64 novel=15 | C2 uniq=15 | C3 draws=  556 comp=  7 uniq=  7 novel=  2 pruned=   0 bt=432 cap= 6 | C4 pool=400 got=15 short=0 | 4.5s
[1719] size= 9 budget=  320 C1 valid=64 novel= 0 | C2 uniq= 1 | C3 draws=  320 comp=  1 uniq=  1 novel=  0 pruned=   0 bt=279 cap= 3 | C4 pool=  2 got= 1 short=0 | 2.6s
[1720] size=13 budget=  547 C1 valid=64 novel= 0 | C2 uniq= 3 | C3 draws=  547 comp=  3 uniq=  3 novel=  0 pruned=   0 bt=442 cap= 6 | C4 pool=  3 got= 3 short=0 | 4.5s
[1721] size=13 budget= 1120 C1 valid=61 novel=59 | C2 uniq=52 | C3 draws= 1120 comp= 43 uniq= 43 novel= 42 pruned=   0 bt=256 cap= 3 | C4 pool=400 got=52 short=0 | 8.2s
[1722] size=13 budget=  476 C1 valid=64 novel=31 | C2 uniq= 3 | C3 draws=  476 comp=  2 uniq=  2 novel=  1 pruned=   0 bt=397 cap= 5 | C4 pool=  3 got= 3 short=0 | 4.0s
[1723] size=15 budget= 1500 C1 valid=17 novel=17 | C2 uniq=15 | C3 draws= 1500 comp= 25 uniq= 25 novel= 25 pruned=   0 bt=774 cap= 5 | C4 pool=400 got=15 short=0 | 12.6s
[1724] size=17 budget=  507 C1 valid=30 novel=30 | C2 uniq= 1 | C3 draws=  507 comp=  1 uniq=  1 novel=  1 pruned=   0 bt=436 cap= 6 | C4 pool=  1 got= 1 short=0 | 4.1s
[1725] size=17 budget=  817 C1 valid=57 novel=23 | C2 uniq=22 | C3 draws=  817 comp=  7 uniq=  7 novel=  4 pruned=   0 bt=624 cap= 8 | C4 pool=400 got=22 short=0 | 6.9s
[1726] size= 9 budget=  332 C1 valid=64 novel= 0 | C2 uniq= 2 | C3 draws=  332 comp=  2 uniq=  2 novel=  0 pruned=   0 bt=286 cap= 3 | C4 pool=  4 got= 2 short=0 | 2.7s
[1727] size=11 budget=  395 C1 valid=60 novel= 0 | C2 uniq= 2 | C3 draws=  395 comp=  4 uniq=  4 novel=  1 pruned=   0 bt=315 cap= 4 | C4 pool=  3 got= 2 short=0 | 3.1s
[1728] size=13 budget=  320 C1 valid=64 novel= 0 | C2 uniq= 1 | C3 draws=  320 comp=  1 uniq=  1 novel=  0 pruned=   0 bt=279 cap= 3 | C4 pool=  1 got= 1 short=0 | 2.6s
[1729] size=13 budget=  426 C1 valid=64 novel= 7 | C2 uniq= 8 | C3 draws=  426 comp=  4 uniq=  4 novel=  1 pruned=   0 bt=352 cap= 4 | C4 pool= 62 got= 8 short=0 | 3.4s
[1730] size=15 budget=  495 C1 valid=64 novel= 9 | C2 uniq= 3 | C3 draws=  495 comp=  3 uniq=  3 novel=  1 pruned=   0 bt=423 cap= 5 | C4 pool=  3 got= 3 short=0 | 4.0s
[1731] size=15 budget=  761 C1 valid=64 novel=30 | C2 uniq=26 | C3 draws=  761 comp= 10 uniq= 10 novel=  7 pruned=   0 bt=547 cap= 7 | C4 pool=400 got=26 short=0 | 6.2s
[1732] size=11 budget=  392 C1 valid=64 novel= 0 | C2 uniq= 5 | C3 draws=  392 comp=  5 uniq=  5 novel=  0 pruned=   0 bt=318 cap= 4 | C4 pool=  5 got= 5 short=0 | 3.1s
[1733] size=13 budget=  657 C1 valid=64 novel=28 | C2 uniq=10 | C3 draws=  657 comp=  7 uniq=  7 novel=  4 pruned=   0 bt=489 cap= 7 | C4 pool=325 got=10 short=0 | 5.5s
[1734] size=19 budget=  870 C1 valid=55 novel=27 | C2 uniq=18 | C3 draws=  870 comp= 17 uniq= 17 novel= 14 pruned=   0 bt=510 cap= 4 | C4 pool=325 got=18 short=0 | 7.2s
[1735] size=17 budget=  578 C1 valid=34 novel=34 | C2 uniq= 1 | C3 draws=  578 comp=  1 uniq=  1 novel=  1 pruned=   0 bt=484 cap= 7 | C4 pool=  2 got= 1 short=0 | 4.8s
[1736] size=17 budget=  384 C1 valid=64 novel= 0 | C2 uniq= 1 | C3 draws=  384 comp=  1 uniq=  1 novel=  0 pruned=   0 bt=334 cap= 4 | C4 pool=  1 got= 1 short=0 | 3.1s
[1737] size=15 budget=  448 C1 valid=64 novel= 0 | C2 uniq= 1 | C3 draws=  448 comp=  1 uniq=  1 novel=  0 pruned=   0 bt=392 cap= 5 | C4 pool=  1 got= 1 short=0 | 3.6s
[1738] size=15 budget=  458 C1 valid=64 novel=24 | C2 uniq= 4 | C3 draws=  458 comp=  5 uniq=  5 novel=  3 pruned=   0 bt=330 cap= 5 | C4 pool=  7 got= 4 short=0 | 4.1s
[1739] size=19 budget=  873 C1 valid=64 novel=64 | C2 uniq= 3 | C3 draws=  873 comp=  3 uniq=  3 novel=  3 pruned=   0 bt=642 cap=11 | C4 pool= 12 got= 3 short=0 | 7.9s
[1740] size= 9 budget=  384 C1 valid=64 novel= 0 | C2 uniq= 1 | C3 draws=  384 comp=  1 uniq=  1 novel=  0 pruned=   0 bt=333 cap= 4 | C4 pool=  1 got= 1 short=0 | 3.2s
[1741] size=13 budget=  928 C1 valid=44 novel=16 | C2 uniq=17 | C3 draws=  928 comp= 22 uniq= 22 novel= 21 pruned=   0 bt=377 cap= 6 | C4 pool=400 got=17 short=0 | 7.8s
[1742] size= 9 budget=  832 C1 valid=64 novel= 0 | C2 uniq= 1 | C3 draws=  832 comp=  1 uniq=  1 novel=  0 pruned=   0 bt=662 cap= 9 | C4 pool=  1 got= 1 short=0 | 7.6s
[1743] size=15 budget=  621 C1 valid=64 novel=17 | C2 uniq= 9 | C3 draws=  621 comp=  6 uniq=  6 novel=  3 pruned=   0 bt=463 cap= 6 | C4 pool= 25 got= 9 short=0 | 5.2s
[1744] size=19 budget=  704 C1 valid=64 novel=40 | C2 uniq= 2 | C3 draws=  704 comp=  1 uniq=  1 novel=  1 pruned=   0 bt=532 cap= 9 | C4 pool=  2 got= 2 short=0 | 6.4s
[1745] size=11 budget=  609 C1 valid=64 novel=64 | C2 uniq= 3 | C3 draws=  609 comp=  3 uniq=  3 novel=  3 pruned=   0 bt=484 cap= 6 | C4 pool= 12 got= 3 short=0 | 5.5s
[1746] size=15 budget=  378 C1 valid=61 novel= 0 | C2 uniq= 3 | C3 draws=  378 comp=  2 uniq=  2 novel=  0 pruned=   0 bt=320 cap= 4 | C4 pool=  3 got= 3 short=0 | 4.1s
[1747] size=17 budget=  887 C1 valid=47 novel=47 | C2 uniq= 2 | C3 draws=  887 comp=  2 uniq=  2 novel=  2 pruned=   0 bt=706 cap=11 | C4 pool=  2 got= 2 short=0 | 7.9s
[1748] size=19 budget=  384 C1 valid=64 novel= 0 | C2 uniq= 1 | C3 draws=  384 comp=  1 uniq=  1 novel=  0 pruned=   0 bt=335 cap= 5 | C4 pool=  1 got= 1 short=0 | 3.1s
[1749] size=17 budget=  964 C1 valid=64 novel=24 | C2 uniq=12 | C3 draws=  964 comp=  7 uniq=  7 novel=  5 pruned=   0 bt=697 cap=10 | C4 pool=400 got=12 short=0 | 8.4s
[1750] size=19 budget=  682 C1 valid=64 novel=33 | C2 uniq=18 | C3 draws=  682 comp=  8 uniq=  8 novel=  5 pruned=   0 bt=516 cap= 7 | C4 pool=288 got=18 short=0 | 5.7s
[1751] size=15 budget=  729 C1 valid=60 novel=39 | C2 uniq= 9 | C3 draws=  729 comp=  6 uniq=  6 novel=  5 pruned=   0 bt=554 cap= 8 | C4 pool= 12 got= 9 short=0 | 6.4s
[1752] size=15 budget=  754 C1 valid=60 novel=19 | C2 uniq=20 | C3 draws=  754 comp= 28 uniq= 28 novel= 21 pruned=   0 bt=260 cap= 1 | C4 pool=400 got=20 short=0 | 5.7s
[1753] size= 9 budget=  384 C1 valid=64 novel= 0 | C2 uniq= 1 | C3 draws=  384 comp=  1 uniq=  1 novel=  0 pruned=   0 bt=333 cap= 4 | C4 pool=  1 got= 1 short=0 | 3.1s
[1754] size=13 budget= 1253 C1 valid= 4 novel= 4 | C2 uniq= 3 | C3 draws= 1253 comp= 43 uniq= 43 novel= 43 pruned=   0 bt=244 cap= 2 | C4 pool=400 got= 3 short=0 | 9.3s
[1755] size=17 budget= 1359 C1 valid=63 novel=58 | C2 uniq=34 | C3 draws= 1359 comp= 24 uniq= 24 novel= 21 pruned=   0 bt=610 cap= 8 | C4 pool=400 got=34 short=0 | 11.9s
[1756] size= 9 budget=  320 C1 valid=64 novel= 0 | C2 uniq= 1 | C3 draws=  320 comp=  1 uniq=  1 novel=  0 pruned=   0 bt=279 cap= 3 | C4 pool=  1 got= 1 short=0 | 2.6s
[1757] size=19 budget=  341 C1 valid=63 novel= 0 | C2 uniq= 1 | C3 draws=  341 comp=  1 uniq=  1 novel=  0 pruned=   0 bt=295 cap= 4 | C4 pool=  1 got= 1 short=0 | 2.9s
[1758] size=11 budget=  946 C1 valid=63 novel=16 | C2 uniq=30 | C3 draws=  946 comp=  6 uniq=  6 novel=  1 pruned=   0 bt=750 cap=10 | C4 pool=400 got=30 short=0 | 8.1s
[1759] size=11 budget=  369 C1 valid=64 novel= 0 | C2 uniq= 5 | C3 draws=  369 comp=  4 uniq=  4 novel=  0 pruned=   0 bt=305 cap= 4 | C4 pool=  5 got= 5 short=0 | 3.0s
[1760] size= 7 budget= 1519 C1 valid=38 novel=38 | C2 uniq=35 | C3 draws= 1519 comp= 43 uniq= 43 novel= 43 pruned=   0 bt=375 cap= 5 | C4 pool=400 got=35 short=0 | 11.2s
[1761] size=15 budget=  370 C1 valid=64 novel= 2 | C2 uniq= 9 | C3 draws=  370 comp=  3 uniq=  3 novel=  0 pruned=   0 bt=312 cap= 4 | C4 pool= 10 got= 9 short=0 | 3.0s
[1762] size=13 budget=  320 C1 valid=64 novel= 0 | C2 uniq= 1 | C3 draws=  320 comp=  1 uniq=  1 novel=  0 pruned=   0 bt=279 cap= 3 | C4 pool=  1 got= 1 short=0 | 2.6s
[1763] size=13 budget=  745 C1 valid=64 novel=31 | C2 uniq=18 | C3 draws=  745 comp=  8 uniq=  8 novel=  5 pruned=   0 bt=555 cap= 7 | C4 pool=400 got=18 short=0 | 7.1s
[1764] size=11 budget=  448 C1 valid=64 novel= 0 | C2 uniq= 1 | C3 draws=  448 comp=  1 uniq=  1 novel=  0 pruned=   0 bt=393 cap= 5 | C4 pool=  1 got= 1 short=0 | 3.6s
[1765] size=19 budget=  770 C1 valid=57 novel=20 | C2 uniq=11 | C3 draws=  770 comp=  7 uniq=  7 novel=  4 pruned=   0 bt=550 cap= 9 | C4 pool= 32 got=11 short=0 | 6.6s
[1766] size=13 budget=  449 C1 valid=64 novel= 0 | C2 uniq= 3 | C3 draws=  449 comp=  2 uniq=  2 novel=  0 pruned=   0 bt=381 cap= 5 | C4 pool=  4 got= 3 short=0 | 3.6s
[1767] size=15 budget=  692 C1 valid=64 novel=35 | C2 uniq=23 | C3 draws=  692 comp=  8 uniq=  8 novel=  6 pruned=   0 bt=488 cap= 7 | C4 pool=400 got=23 short=0 | 5.9s
[1768] size=19 budget=  384 C1 valid=64 novel= 0 | C2 uniq= 1 | C3 draws=  384 comp=  1 uniq=  1 novel=  0 pruned=   0 bt=335 cap= 5 | C4 pool=  1 got= 1 short=0 | 3.1s
[1769] size=19 budget=  511 C1 valid=64 novel=17 | C2 uniq= 3 | C3 draws=  511 comp=  3 uniq=  3 novel=  1 pruned=   0 bt=426 cap= 5 | C4 pool=  3 got= 3 short=0 | 4.2s
[1770] size=11 budget=  320 C1 valid=64 novel= 0 | C2 uniq= 1 | C3 draws=  320 comp=  1 uniq=  1 novel=  0 pruned=   0 bt=283 cap= 3 | C4 pool=  1 got= 1 short=0 | 2.6s
[1771] size=15 budget=  496 C1 valid=64 novel= 0 | C2 uniq= 2 | C3 draws=  496 comp=  2 uniq=  2 novel=  0 pruned=   0 bt=426 cap= 6 | C4 pool=  2 got= 2 short=0 | 4.0s
[1772] size= 7 budget=  667 C1 valid=64 novel=34 | C2 uniq=28 | C3 draws=  667 comp= 47 uniq= 47 novel= 39 pruned=   0 bt= 44 cap= 0 | C4 pool=400 got=28 short=0 | 4.1s
[1773] size= 9 budget=  384 C1 valid=64 novel= 0 | C2 uniq= 2 | C3 draws=  384 comp=  2 uniq=  2 novel=  0 pruned=   0 bt=327 cap= 4 | C4 pool=  4 got= 2 short=0 | 3.1s
[1774] size=13 budget=  567 C1 valid=64 novel=12 | C2 uniq= 5 | C3 draws=  567 comp=  5 uniq=  5 novel=  2 pruned=   0 bt=434 cap= 6 | C4 pool= 11 got= 5 short=0 | 4.7s
[1775] size=13 budget=  384 C1 valid=63 novel= 0 | C2 uniq= 3 | C3 draws=  384 comp=  3 uniq=  3 novel=  0 pruned=   0 bt=321 cap= 4 | C4 pool=  3 got= 3 short=0 | 3.1s
[1776] size= 9 budget= 1242 C1 valid=60 novel=55 | C2 uniq=56 | C3 draws= 1242 comp= 60 uniq= 60 novel= 58 pruned=   0 bt= 62 cap= 1 | C4 pool=400 got=56 short=0 | 8.5s
[1777] size=13 budget=  747 C1 valid=40 novel= 9 | C2 uniq=15 | C3 draws=  747 comp= 15 uniq= 15 novel= 13 pruned=   0 bt=349 cap= 3 | C4 pool=400 got=15 short=0 | 6.0s
[1778] size=17 budget= 1008 C1 valid=58 novel=58 | C2 uniq=35 | C3 draws= 1008 comp= 38 uniq= 38 novel= 38 pruned=   0 bt=349 cap= 1 | C4 pool=400 got=35 short=0 | 7.8s
[1779] size=13 budget= 1683 C1 valid=47 novel=47 | C2 uniq=40 | C3 draws= 1683 comp= 46 uniq= 46 novel= 46 pruned=   0 bt=320 cap= 3 | C4 pool=400 got=40 short=0 | 13.1s
[1780] size=15 budget=  840 C1 valid=58 novel=41 | C2 uniq=10 | C3 draws=  840 comp=  8 uniq=  8 novel=  6 pruned=   0 bt=595 cap= 8 | C4 pool=112 got=10 short=0 | 7.0s
[1781] size=19 budget=  320 C1 valid=64 novel= 0 | C2 uniq= 1 | C3 draws=  320 comp=  1 uniq=  1 novel=  0 pruned=   0 bt=274 cap= 4 | C4 pool=  1 got= 1 short=0 | 2.6s
[1782] size=11 budget=  426 C1 valid=64 novel= 0 | C2 uniq= 3 | C3 draws=  426 comp=  3 uniq=  3 novel=  0 pruned=   0 bt=364 cap= 4 | C4 pool=  3 got= 3 short=0 | 3.4s
[1783] size=19 budget=  496 C1 valid=60 novel= 9 | C2 uniq= 4 | C3 draws=  496 comp=  4 uniq=  4 novel=  2 pruned=   0 bt=402 cap= 6 | C4 pool=  4 got= 4 short=0 | 4.0s
[1784] size=11 budget=  512 C1 valid=64 novel=64 | C2 uniq= 2 | C3 draws=  512 comp=  2 uniq=  2 novel=  2 pruned=   0 bt=436 cap= 5 | C4 pool=  2 got= 2 short=0 | 4.2s
[1785] size=17 budget=  320 C1 valid=64 novel= 0 | C2 uniq= 1 | C3 draws=  320 comp=  1 uniq=  1 novel=  0 pruned=   0 bt=273 cap= 4 | C4 pool=  1 got= 1 short=0 | 2.6s
[1786] size=15 budget=  418 C1 valid=40 novel= 0 | C2 uniq= 1 | C3 draws=  418 comp=  1 uniq=  1 novel=  0 pruned=   0 bt=362 cap= 5 | C4 pool=  1 got= 1 short=0 | 3.4s
[1787] size= 9 budget=  260 C1 valid=63 novel= 0 | C2 uniq= 1 | C3 draws=  260 comp=  1 uniq=  1 novel=  0 pruned=   0 bt=228 cap= 3 | C4 pool=  1 got= 1 short=0 | 2.1s
[1788] size=11 budget=  576 C1 valid=64 novel=32 | C2 uniq= 2 | C3 draws=  576 comp=  2 uniq=  2 novel=  1 pruned=   0 bt=481 cap= 6 | C4 pool=  2 got= 2 short=0 | 4.9s
[1789] size=13 budget=  768 C1 valid=59 novel=30 | C2 uniq=14 | C3 draws=  768 comp=  9 uniq=  9 novel=  7 pruned=   0 bt=541 cap= 7 | C4 pool=265 got=14 short=0 | 6.4s
[1790] size=15 budget= 1393 C1 valid=40 novel=40 | C2 uniq=17 | C3 draws= 1393 comp= 28 uniq= 28 novel= 28 pruned=   0 bt=457 cap= 8 | C4 pool=400 got=17 short=0 | 12.7s
[1791] size=13 budget=  424 C1 valid=64 novel= 5 | C2 uniq= 2 | C3 draws=  424 comp=  1 uniq=  1 novel=  0 pruned=   0 bt=360 cap= 5 | C4 pool=  2 got= 2 short=0 | 3.5s
[1792] size=13 budget= 1446 C1 valid=61 novel=61 | C2 uniq=52 | C3 draws= 1446 comp= 60 uniq= 60 novel= 60 pruned=   0 bt= 15 cap= 0 | C4 pool=400 got=52 short=0 | 9.9s
[1793] size= 9 budget=  558 C1 valid=64 novel= 0 | C2 uniq= 2 | C3 draws=  558 comp=  2 uniq=  2 novel=  0 pruned=   0 bt=473 cap= 6 | C4 pool=  2 got= 2 short=0 | 4.5s
[1794] size=15 budget=  320 C1 valid=64 novel= 0 | C2 uniq= 1 | C3 draws=  320 comp=  1 uniq=  1 novel=  0 pruned=   0 bt=282 cap= 3 | C4 pool=  1 got= 1 short=0 | 2.6s
[1795] size=19 budget=  610 C1 valid=54 novel=21 | C2 uniq= 6 | C3 draws=  610 comp=  5 uniq=  5 novel=  1 pruned=   0 bt=509 cap= 6 | C4 pool= 11 got= 6 short=0 | 4.9s
[1796] size= 9 budget=  384 C1 valid=64 novel= 0 | C2 uniq= 1 | C3 draws=  384 comp=  1 uniq=  1 novel=  0 pruned=   0 bt=333 cap= 4 | C4 pool=  1 got= 1 short=0 | 3.1s
[1797] size=11 budget=  384 C1 valid=64 novel= 0 | C2 uniq= 1 | C3 draws=  384 comp=  1 uniq=  1 novel=  0 pruned=   0 bt=337 cap= 4 | C4 pool=  1 got= 1 short=0 | 3.1s
[1798] size=11 budget=  320 C1 valid=64 novel= 0 | C2 uniq= 1 | C3 draws=  320 comp=  1 uniq=  1 novel=  0 pruned=   0 bt=283 cap= 3 | C4 pool=  1 got= 1 short=0 | 2.6s
[1799] size= 9 budget=  485 C1 valid=64 novel=10 | C2 uniq=11 | C3 draws=  485 comp=  5 uniq=  5 novel=  3 pruned=   0 bt=377 cap= 5 | C4 pool= 87 got=11 short=0 | 3.9s
[1800] size=19 budget=  560 C1 valid=64 novel=28 | C2 uniq= 5 | C3 draws=  560 comp=  3 uniq=  3 novel=  1 pruned=   0 bt=436 cap= 7 | C4 pool= 10 got= 5 short=0 | 4.8s
[1801] size=11 budget=  345 C1 valid=64 novel= 0 | C2 uniq= 2 | C3 draws=  345 comp=  2 uniq=  2 novel=  0 pruned=   0 bt=300 cap= 4 | C4 pool=  2 got= 2 short=0 | 2.8s
[1802] size=19 budget=  384 C1 valid=64 novel= 0 | C2 uniq= 1 | C3 draws=  384 comp=  1 uniq=  1 novel=  0 pruned=   0 bt=335 cap= 5 | C4 pool=  1 got= 1 short=0 | 3.1s
[1803] size=15 budget=  704 C1 valid=64 novel=45 | C2 uniq= 4 | C3 draws=  704 comp=  4 uniq=  4 novel=  3 pruned=   0 bt=552 cap= 8 | C4 pool=  4 got= 4 short=0 | 5.9s
[1804] size=13 budget=  552 C1 valid=64 novel= 6 | C2 uniq= 9 | C3 draws=  552 comp=  7 uniq=  7 novel=  2 pruned=   0 bt=420 cap= 5 | C4 pool= 10 got= 9 short=0 | 4.5s
[1805] size=11 budget=  512 C1 valid=64 novel= 0 | C2 uniq= 1 | C3 draws=  512 comp=  1 uniq=  1 novel=  0 pruned=   0 bt=432 cap= 6 | C4 pool=  1 got= 1 short=0 | 4.3s
[1806] size=11 budget=  384 C1 valid=64 novel= 0 | C2 uniq= 1 | C3 draws=  384 comp=  1 uniq=  1 novel=  0 pruned=   0 bt=337 cap= 4 | C4 pool=  1 got= 1 short=0 | 3.1s
[1807] size=13 budget=  561 C1 valid=55 novel= 0 | C2 uniq= 1 | C3 draws=  561 comp=  3 uniq=  3 novel=  2 pruned=   0 bt=452 cap= 6 | C4 pool=  1 got= 1 short=0 | 4.5s
[1808] size=15 budget= 1594 C1 valid=46 novel=44 | C2 uniq=18 | C3 draws= 1594 comp= 28 uniq= 28 novel= 27 pruned=   0 bt=705 cap= 7 | C4 pool=400 got=18 short=0 | 14.2s
[1809] size=15 budget=  476 C1 valid=64 novel= 0 | C2 uniq= 3 | C3 draws=  476 comp=  3 uniq=  3 novel=  0 pruned=   0 bt=404 cap= 5 | C4 pool=  3 got= 3 short=0 | 3.8s
[1810] size=19 budget=  493 C1 valid=63 novel= 4 | C2 uniq= 8 | C3 draws=  493 comp=  5 uniq=  5 novel=  1 pruned=   0 bt=390 cap= 6 | C4 pool=  8 got= 8 short=0 | 4.0s
[1811] size=15 budget=  876 C1 valid=45 novel=44 | C2 uniq= 5 | C3 draws=  876 comp=  5 uniq=  5 novel=  4 pruned=   0 bt=618 cap= 8 | C4 pool=  9 got= 5 short=0 | 7.8s
[1812] size=19 budget=  384 C1 valid=64 novel= 0 | C2 uniq= 1 | C3 draws=  384 comp=  1 uniq=  1 novel=  0 pruned=   0 bt=335 cap= 5 | C4 pool=  1 got= 1 short=0 | 3.1s
[1813] size=13 budget=  448 C1 valid=64 novel= 0 | C2 uniq= 3 | C3 draws=  448 comp=  3 uniq=  3 novel=  0 pruned=   0 bt=375 cap= 5 | C4 pool=  3 got= 3 short=0 | 3.6s
[1814] size= 9 budget=  320 C1 valid=64 novel= 0 | C2 uniq= 1 | C3 draws=  320 comp=  1 uniq=  1 novel=  0 pruned=   0 bt=279 cap= 3 | C4 pool=  1 got= 1 short=0 | 2.6s
[1815] size=17 budget= 1068 C1 valid=43 novel=28 | C2 uniq= 3 | C3 draws= 1068 comp=  6 uniq=  6 novel=  5 pruned=   0 bt=789 cap=10 | C4 pool= 17 got= 3 short=0 | 9.4s
[1816] size= 9 budget=  512 C1 valid=64 novel= 0 | C2 uniq= 1 | C3 draws=  512 comp=  1 uniq=  1 novel=  0 pruned=   0 bt=432 cap= 5 | C4 pool=  1 got= 1 short=0 | 4.4s
[1817] size=13 budget=  320 C1 valid=64 novel= 0 | C2 uniq= 1 | C3 draws=  320 comp=  1 uniq=  1 novel=  0 pruned=   0 bt=279 cap= 3 | C4 pool=  1 got= 1 short=0 | 2.6s
[1818] size= 9 budget=  394 C1 valid=64 novel= 0 | C2 uniq= 3 | C3 draws=  394 comp=  3 uniq=  3 novel=  0 pruned=   0 bt=327 cap= 4 | C4 pool=  3 got= 3 short=0 | 3.2s
[1819] size=13 budget=  705 C1 valid=63 novel=50 | C2 uniq= 7 | C3 draws=  705 comp=  8 uniq=  8 novel=  6 pruned=   0 bt=505 cap= 7 | C4 pool= 13 got= 7 short=0 | 6.0s
[1820] size=15 budget=  381 C1 valid=64 novel= 3 | C2 uniq= 4 | C3 draws=  381 comp=  3 uniq=  3 novel=  0 pruned=   0 bt=316 cap= 4 | C4 pool=  5 got= 4 short=0 | 3.1s
[1821] size= 9 budget=  464 C1 valid=64 novel= 0 | C2 uniq= 3 | C3 draws=  464 comp=  3 uniq=  3 novel=  0 pruned=   0 bt=367 cap= 5 | C4 pool=  4 got= 3 short=0 | 3.9s
[1822] size= 9 budget=  384 C1 valid=64 novel= 0 | C2 uniq= 1 | C3 draws=  384 comp=  1 uniq=  1 novel=  0 pruned=   0 bt=333 cap= 4 | C4 pool=  1 got= 1 short=0 | 3.1s
[1823] size=15 budget=  384 C1 valid=64 novel= 0 | C2 uniq= 1 | C3 draws=  384 comp=  1 uniq=  1 novel=  0 pruned=   0 bt=338 cap= 4 | C4 pool=  1 got= 1 short=0 | 3.1s
[1824] size=17 budget= 1170 C1 valid=55 novel=37 | C2 uniq=36 | C3 draws= 1170 comp= 29 uniq= 29 novel= 24 pruned=   0 bt=542 cap= 4 | C4 pool=400 got=36 short=0 | 9.6s
[1825] size=13 budget=  652 C1 valid=64 novel=28 | C2 uniq= 2 | C3 draws=  652 comp=  2 uniq=  2 novel=  1 pruned=   0 bt=515 cap= 7 | C4 pool=  2 got= 2 short=0 | 5.7s
[1826] size=15 budget=  646 C1 valid=64 novel=39 | C2 uniq= 8 | C3 draws=  646 comp=  4 uniq=  4 novel=  3 pruned=   0 bt=500 cap= 7 | C4 pool=400 got= 8 short=0 | 5.6s
[1827] size=17 budget=  448 C1 valid=63 novel= 0 | C2 uniq= 1 | C3 draws=  448 comp=  1 uniq=  1 novel=  0 pruned=   0 bt=387 cap= 5 | C4 pool=  1 got= 1 short=0 | 3.7s
[1828] size=17 budget=  560 C1 valid=55 novel=11 | C2 uniq= 7 | C3 draws=  560 comp=  2 uniq=  2 novel=  1 pruned=   0 bt=476 cap= 7 | C4 pool= 89 got= 7 short=0 | 4.5s
[1829] size=19 budget=  479 C1 valid=64 novel= 0 | C2 uniq= 4 | C3 draws=  479 comp=  2 uniq=  2 novel=  0 pruned=   0 bt=407 cap= 6 | C4 pool=  6 got= 4 short=0 | 3.8s
[1830] size=11 budget=  507 C1 valid=64 novel=13 | C2 uniq=12 | C3 draws=  507 comp=  7 uniq=  7 novel=  1 pruned=   0 bt=365 cap= 5 | C4 pool= 55 got=12 short=0 | 4.4s
[1831] size=17 budget=  384 C1 valid=64 novel= 0 | C2 uniq= 1 | C3 draws=  384 comp=  1 uniq=  1 novel=  0 pruned=   0 bt=334 cap= 4 | C4 pool=  1 got= 1 short=0 | 3.1s
[1832] size=17 budget=  928 C1 valid=62 novel=62 | C2 uniq= 5 | C3 draws=  928 comp=  3 uniq=  3 novel=  3 pruned=   0 bt=718 cap=11 | C4 pool=171 got= 5 short=0 | 8.2s
[1833] size=11 budget=  256 C1 valid=64 novel= 0 | C2 uniq= 1 | C3 draws=  256 comp=  1 uniq=  1 novel=  0 pruned=   0 bt=225 cap= 3 | C4 pool=  1 got= 1 short=0 | 2.1s
[1834] size= 9 budget=  490 C1 valid=64 novel= 0 | C2 uniq= 2 | C3 draws=  490 comp=  2 uniq=  2 novel=  0 pruned=   0 bt=416 cap= 5 | C4 pool=  2 got= 2 short=0 | 4.1s
[1835] size=17 budget=  384 C1 valid=64 novel= 0 | C2 uniq= 1 | C3 draws=  384 comp=  1 uniq=  1 novel=  0 pruned=   0 bt=334 cap= 4 | C4 pool=  1 got= 1 short=0 | 3.1s
[1836] size=17 budget= 1107 C1 valid=62 novel=57 | C2 uniq=50 | C3 draws= 1107 comp= 40 uniq= 40 novel= 39 pruned=   0 bt=292 cap= 2 | C4 pool=400 got=50 short=0 | 8.2s
[1837] size=11 budget=  320 C1 valid=64 novel= 0 | C2 uniq= 1 | C3 draws=  320 comp=  1 uniq=  1 novel=  0 pruned=   0 bt=283 cap= 3 | C4 pool=  1 got= 1 short=0 | 2.6s
[1838] size=17 budget=  859 C1 valid=61 novel=61 | C2 uniq= 7 | C3 draws=  859 comp=  6 uniq=  6 novel=  6 pruned=   0 bt=623 cap=10 | C4 pool= 26 got= 7 short=0 | 7.5s
[1839] size=15 budget=  370 C1 valid=64 novel=14 | C2 uniq= 5 | C3 draws=  370 comp=  3 uniq=  3 novel=  1 pruned=   0 bt=303 cap= 4 | C4 pool=  5 got= 5 short=0 | 3.0s
[1840] size=17 budget=  448 C1 valid=64 novel= 0 | C2 uniq= 1 | C3 draws=  448 comp=  1 uniq=  1 novel=  0 pruned=   0 bt=387 cap= 5 | C4 pool=  1 got= 1 short=0 | 3.6s
[1841] size=17 budget=  384 C1 valid=64 novel= 0 | C2 uniq= 1 | C3 draws=  384 comp=  1 uniq=  1 novel=  0 pruned=   0 bt=334 cap= 4 | C4 pool=  1 got= 1 short=0 | 3.1s
[1842] size=19 budget=  436 C1 valid=63 novel= 0 | C2 uniq= 3 | C3 draws=  436 comp=  3 uniq=  3 novel=  0 pruned=   0 bt=368 cap= 5 | C4 pool=  3 got= 3 short=0 | 3.4s
[1843] size=13 budget=  320 C1 valid=64 novel= 0 | C2 uniq= 1 | C3 draws=  320 comp=  1 uniq=  1 novel=  0 pruned=   0 bt=279 cap= 3 | C4 pool=  1 got= 1 short=0 | 2.6s
[1844] size=15 budget=  595 C1 valid=63 novel=12 | C2 uniq= 4 | C3 draws=  595 comp=  2 uniq=  2 novel=  1 pruned=   0 bt=511 cap= 7 | C4 pool=  6 got= 4 short=0 | 4.8s
[1845] size=13 budget=  966 C1 valid=64 novel=38 | C2 uniq= 2 | C3 draws=  966 comp=  2 uniq=  2 novel=  1 pruned=   0 bt=751 cap=11 | C4 pool=  3 got= 2 short=0 | 8.5s
[1846] size=15 budget= 1015 C1 valid=55 novel=55 | C2 uniq=23 | C3 draws= 1015 comp= 18 uniq= 18 novel= 18 pruned=   0 bt=577 cap= 8 | C4 pool=400 got=23 short=0 | 9.0s
[1847] size=17 budget=  320 C1 valid=64 novel= 0 | C2 uniq= 1 | C3 draws=  320 comp=  1 uniq=  1 novel=  0 pruned=   0 bt=273 cap= 4 | C4 pool=  1 got= 1 short=0 | 2.6s
[1848] size=17 budget=  873 C1 valid=59 novel=41 | C2 uniq=18 | C3 draws=  873 comp= 10 uniq= 10 novel=  7 pruned=   0 bt=561 cap= 9 | C4 pool=400 got=18 short=0 | 7.8s
[1849] size= 9 budget=  256 C1 valid=64 novel= 0 | C2 uniq= 1 | C3 draws=  256 comp=  1 uniq=  1 novel=  0 pruned=   0 bt=225 cap= 2 | C4 pool=  1 got= 1 short=0 | 2.3s
[1850] size=13 budget=  320 C1 valid=64 novel= 0 | C2 uniq= 1 | C3 draws=  320 comp=  1 uniq=  1 novel=  0 pruned=   0 bt=279 cap= 3 | C4 pool=  1 got= 1 short=0 | 2.6s
[1851] size=17 budget=  320 C1 valid=64 novel= 0 | C2 uniq= 1 | C3 draws=  320 comp=  1 uniq=  1 novel=  0 pruned=   0 bt=273 cap= 4 | C4 pool=  1 got= 1 short=0 | 2.6s
[1852] size= 9 budget=  320 C1 valid=64 novel= 0 | C2 uniq= 1 | C3 draws=  320 comp=  1 uniq=  1 novel=  0 pruned=   0 bt=279 cap= 3 | C4 pool=  1 got= 1 short=0 | 2.6s
[1853] size=19 budget=  438 C1 valid=54 novel= 0 | C2 uniq= 1 | C3 draws=  438 comp=  1 uniq=  1 novel=  0 pruned=   0 bt=381 cap= 5 | C4 pool=  1 got= 1 short=0 | 3.8s
[1854] size=11 budget= 1396 C1 valid=63 novel=61 | C2 uniq=54 | C3 draws= 1396 comp= 45 uniq= 45 novel= 44 pruned=   0 bt=269 cap= 4 | C4 pool=400 got=54 short=0 | 10.2s
[1855] size=17 budget=  576 C1 valid=64 novel= 0 | C2 uniq= 1 | C3 draws=  576 comp=  1 uniq=  1 novel=  0 pruned=   0 bt=487 cap= 7 | C4 pool=  4 got= 1 short=0 | 5.1s
[1856] size= 9 budget=  547 C1 valid=64 novel= 0 | C2 uniq= 3 | C3 draws=  547 comp=  3 uniq=  3 novel=  0 pruned=   0 bt=443 cap= 6 | C4 pool=  3 got= 3 short=0 | 4.6s
[1857] size=17 budget= 1033 C1 valid=61 novel=61 | C2 uniq= 6 | C3 draws= 1033 comp=  4 uniq=  4 novel=  4 pruned=   0 bt=778 cap=11 | C4 pool=  2 got= 2 short=4 | 9.4s
[1858] size=11 budget=  399 C1 valid=64 novel= 0 | C2 uniq= 2 | C3 draws=  399 comp=  1 uniq=  1 novel=  0 pruned=   0 bt=354 cap= 4 | C4 pool=  2 got= 2 short=0 | 3.2s
[1859] size=19 budget=  832 C1 valid=64 novel=64 | C2 uniq= 1 | C3 draws=  832 comp=  1 uniq=  1 novel=  1 pruned=   0 bt=665 cap=10 | C4 pool=  1 got= 1 short=0 | 7.6s
[1860] size=11 budget=  878 C1 valid=59 novel=59 | C2 uniq= 3 | C3 draws=  878 comp= 12 uniq= 12 novel= 12 pruned=   0 bt=570 cap= 4 | C4 pool= 23 got= 3 short=0 | 7.5s
[1861] size= 9 budget=  384 C1 valid=64 novel= 0 | C2 uniq= 1 | C3 draws=  384 comp=  1 uniq=  1 novel=  0 pruned=   0 bt=333 cap= 4 | C4 pool=  1 got= 1 short=0 | 3.1s
[1862] size= 9 budget=  256 C1 valid=64 novel= 0 | C2 uniq= 1 | C3 draws=  256 comp=  1 uniq=  1 novel=  0 pruned=   0 bt=225 cap= 2 | C4 pool=  1 got= 1 short=0 | 2.1s
[1863] size=13 budget=  524 C1 valid=64 novel= 0 | C2 uniq= 3 | C3 draws=  524 comp=  3 uniq=  3 novel=  0 pruned=   0 bt=439 cap= 6 | C4 pool=  3 got= 3 short=0 | 4.4s
[1864] size=17 budget=  576 C1 valid=63 novel=63 | C2 uniq= 1 | C3 draws=  576 comp=  1 uniq=  1 novel=  1 pruned=   0 bt=455 cap= 7 | C4 pool=  1 got= 1 short=0 | 5.1s
[1865] size=15 budget=  320 C1 valid=64 novel= 0 | C2 uniq= 1 | C3 draws=  320 comp=  1 uniq=  1 novel=  0 pruned=   0 bt=282 cap= 3 | C4 pool=  1 got= 1 short=0 | 2.6s
[1866] size=11 budget=  408 C1 valid=64 novel= 0 | C2 uniq= 3 | C3 draws=  408 comp=  3 uniq=  3 novel=  0 pruned=   0 bt=342 cap= 4 | C4 pool=  3 got= 3 short=0 | 3.3s
[1867] size= 9 budget=  320 C1 valid=64 novel= 0 | C2 uniq= 1 | C3 draws=  320 comp=  1 uniq=  1 novel=  0 pruned=   0 bt=279 cap= 3 | C4 pool=  1 got= 1 short=0 | 2.6s
[1868] size= 9 budget=  608 C1 valid=64 novel= 5 | C2 uniq= 5 | C3 draws=  608 comp=  6 uniq=  6 novel=  2 pruned=   0 bt=462 cap= 5 | C4 pool=  9 got= 5 short=0 | 4.9s
[1869] size= 9 budget=  444 C1 valid=64 novel= 3 | C2 uniq=10 | C3 draws=  444 comp= 11 uniq= 11 novel=  6 pruned=   0 bt=263 cap= 3 | C4 pool= 47 got=10 short=0 | 3.5s
[1870] size=17 budget=  800 C1 valid=64 novel=20 | C2 uniq=14 | C3 draws=  800 comp=  7 uniq=  7 novel=  5 pruned=   0 bt=572 cap= 8 | C4 pool=400 got=14 short=0 | 7.1s
[1871] size=13 budget=  962 C1 valid=62 novel=62 | C2 uniq= 2 | C3 draws=  962 comp=  2 uniq=  2 novel=  2 pruned=   0 bt=704 cap=11 | C4 pool=  2 got= 2 short=0 | 8.9s
[1872] size=11 budget=  521 C1 valid=64 novel= 5 | C2 uniq=11 | C3 draws=  521 comp=  6 uniq=  6 novel=  1 pruned=   0 bt=401 cap= 5 | C4 pool= 15 got=11 short=0 | 4.3s
[1873] size=17 budget=  659 C1 valid=63 novel=14 | C2 uniq=11 | C3 draws=  659 comp= 24 uniq= 24 novel= 18 pruned=   0 bt=139 cap= 1 | C4 pool=400 got=11 short=0 | 5.2s
[1874] size=17 budget=  600 C1 valid=61 novel=16 | C2 uniq=13 | C3 draws=  600 comp= 13 uniq= 13 novel= 10 pruned=   0 bt=307 cap= 2 | C4 pool=400 got=13 short=0 | 5.2s
[1875] size=19 budget=  767 C1 valid=62 novel=46 | C2 uniq= 2 | C3 draws=  767 comp=  5 uniq=  5 novel=  4 pruned=   0 bt=586 cap= 8 | C4 pool=  2 got= 2 short=0 | 6.3s
[1876] size=15 budget=  384 C1 valid=64 novel= 0 | C2 uniq= 1 | C3 draws=  384 comp=  1 uniq=  1 novel=  0 pruned=   0 bt=338 cap= 4 | C4 pool=  1 got= 1 short=0 | 3.1s
[1877] size=13 budget=  650 C1 valid=54 novel=54 | C2 uniq= 1 | C3 draws=  650 comp=  1 uniq=  1 novel=  1 pruned=   0 bt=536 cap= 7 | C4 pool=  1 got= 1 short=0 | 5.6s
[1878] size=13 budget=  415 C1 valid=55 novel= 0 | C2 uniq= 1 | C3 draws=  415 comp=  1 uniq=  1 novel=  0 pruned=   0 bt=360 cap= 5 | C4 pool=  1 got= 1 short=0 | 3.5s
[1879] size=17 budget=  374 C1 valid=64 novel=12 | C2 uniq= 6 | C3 draws=  374 comp=  4 uniq=  4 novel=  3 pruned=   0 bt=286 cap= 4 | C4 pool= 26 got= 6 short=0 | 3.0s
[1880] size=17 budget=  614 C1 valid=64 novel=31 | C2 uniq=15 | C3 draws=  614 comp=  9 uniq=  9 novel=  4 pruned=   0 bt=417 cap= 6 | C4 pool=119 got=15 short=0 | 5.2s
[1881] size=19 budget=  384 C1 valid=64 novel= 0 | C2 uniq= 1 | C3 draws=  384 comp=  2 uniq=  2 novel=  0 pruned=   0 bt=331 cap= 4 | C4 pool=  2 got= 1 short=0 | 3.1s
[1882] size=19 budget= 1102 C1 valid=23 novel=23 | C2 uniq= 7 | C3 draws= 1102 comp=  6 uniq=  6 novel=  6 pruned=   0 bt=850 cap=13 | C4 pool= 41 got= 7 short=0 | 9.3s
[1883] size=19 budget= 1264 C1 valid= 0 novel= 0 | C2 uniq= 0 | C3 draws= 1264 comp=  0 uniq=  0 novel=  0 pruned=   0 bt=1111 cap=16 | C4 pool=  2 got= 0 short=0 | 10.3s
[1884] size=11 budget=  347 C1 valid=64 novel= 2 | C2 uniq= 3 | C3 draws=  347 comp=  1 uniq=  1 novel=  0 pruned=   0 bt=301 cap= 4 | C4 pool=  3 got= 3 short=0 | 2.8s
[1885] size=19 budget=  593 C1 valid=62 novel= 6 | C2 uniq= 9 | C3 draws=  593 comp=  4 uniq=  4 novel=  0 pruned=   0 bt=483 cap= 7 | C4 pool= 30 got= 9 short=0 | 4.8s
[1886] size=15 budget=  462 C1 valid=64 novel=18 | C2 uniq= 5 | C3 draws=  462 comp=  5 uniq=  5 novel=  3 pruned=   0 bt=369 cap= 5 | C4 pool=  5 got= 5 short=0 | 3.6s
[1887] size=19 budget=  834 C1 valid=64 novel=31 | C2 uniq=15 | C3 draws=  834 comp= 11 uniq= 11 novel=  7 pruned=   0 bt=575 cap= 8 | C4 pool= 71 got=15 short=0 | 6.7s
[1888] size=17 budget=  800 C1 valid=64 novel= 0 | C2 uniq= 5 | C3 draws=  800 comp=  4 uniq=  4 novel=  1 pruned=   0 bt=622 cap= 9 | C4 pool=  9 got= 5 short=0 | 6.7s
[1889] size=19 budget=  778 C1 valid=62 novel=45 | C2 uniq=14 | C3 draws=  778 comp= 16 uniq= 16 novel= 15 pruned=   0 bt=464 cap= 6 | C4 pool=400 got=14 short=0 | 6.2s
[1890] size=19 budget=  980 C1 valid=62 novel=46 | C2 uniq=11 | C3 draws=  980 comp=  8 uniq=  8 novel=  7 pruned=   0 bt=695 cap=10 | C4 pool= 48 got=11 short=0 | 8.4s
[1891] size=15 budget=  489 C1 valid= 1 novel= 0 | C2 uniq= 1 | C3 draws=  489 comp=  2 uniq=  2 novel=  1 pruned=   0 bt=418 cap= 5 | C4 pool=  2 got= 1 short=0 | 4.0s
[1892] size=15 budget=  384 C1 valid=64 novel= 0 | C2 uniq= 1 | C3 draws=  384 comp=  1 uniq=  1 novel=  0 pruned=   0 bt=338 cap= 4 | C4 pool=  1 got= 1 short=0 | 3.2s
[1893] size=19 budget=  448 C1 valid=64 novel= 0 | C2 uniq= 1 | C3 draws=  448 comp=  1 uniq=  1 novel=  0 pruned=   0 bt=393 cap= 5 | C4 pool=  1 got= 1 short=0 | 3.7s
[1894] size=17 budget=  410 C1 valid=64 novel= 9 | C2 uniq= 9 | C3 draws=  410 comp=  4 uniq=  4 novel=  0 pruned=   0 bt=334 cap= 4 | C4 pool= 16 got= 9 short=0 | 3.2s
[1895] size=15 budget=  384 C1 valid=64 novel= 0 | C2 uniq= 1 | C3 draws=  384 comp=  1 uniq=  1 novel=  0 pruned=   0 bt=338 cap= 4 | C4 pool=  1 got= 1 short=0 | 3.1s
[1896] size=11 budget= 1145 C1 valid=44 novel=44 | C2 uniq=26 | C3 draws= 1145 comp= 37 uniq= 37 novel= 37 pruned=   0 bt=335 cap= 5 | C4 pool=400 got=26 short=0 | 9.1s
[1897] size=13 budget=  403 C1 valid=64 novel= 0 | C2 uniq= 5 | C3 draws=  403 comp=  5 uniq=  5 novel=  0 pruned=   0 bt=324 cap= 4 | C4 pool=  7 got= 5 short=0 | 3.2s
[1898] size=15 budget=  822 C1 valid=64 novel=64 | C2 uniq=24 | C3 draws=  822 comp= 11 uniq= 11 novel= 11 pruned=   0 bt=534 cap= 8 | C4 pool=400 got=24 short=0 | 7.0s
[1899] size= 9 budget=  383 C1 valid=63 novel= 0 | C2 uniq= 1 | C3 draws=  383 comp=  1 uniq=  1 novel=  0 pruned=   0 bt=332 cap= 4 | C4 pool=  1 got= 1 short=0 | 3.1s
[1900] size=15 budget=  542 C1 valid=64 novel=34 | C2 uniq= 2 | C3 draws=  542 comp=  2 uniq=  2 novel=  1 pruned=   0 bt=449 cap= 6 | C4 pool=  4 got= 2 short=0 | 4.8s
[1901] size=19 budget=  448 C1 valid=64 novel= 0 | C2 uniq= 1 | C3 draws=  448 comp=  1 uniq=  1 novel=  0 pruned=   0 bt=393 cap= 5 | C4 pool=  1 got= 1 short=0 | 3.6s
[1902] size=11 budget=  724 C1 valid=63 novel=12 | C2 uniq=18 | C3 draws=  724 comp= 32 uniq= 32 novel= 23 pruned=   0 bt= 65 cap= 0 | C4 pool=400 got=18 short=0 | 4.9s
[1903] size=19 budget=  576 C1 valid=64 novel=64 | C2 uniq= 1 | C3 draws=  576 comp=  1 uniq=  1 novel=  1 pruned=   0 bt=502 cap= 7 | C4 pool=  1 got= 1 short=0 | 4.8s
[1904] size=17 budget=  584 C1 valid=64 novel=64 | C2 uniq= 2 | C3 draws=  584 comp=  4 uniq=  4 novel=  4 pruned=   0 bt=467 cap= 6 | C4 pool=  4 got= 2 short=0 | 4.7s
[1905] size=15 budget=  768 C1 valid=64 novel=64 | C2 uniq= 1 | C3 draws=  768 comp=  2 uniq=  2 novel=  2 pruned=   0 bt=600 cap= 9 | C4 pool=  1 got= 1 short=0 | 6.7s
[1906] size= 9 budget=  576 C1 valid=64 novel=28 | C2 uniq= 4 | C3 draws=  576 comp=  3 uniq=  3 novel=  2 pruned=   0 bt=467 cap= 6 | C4 pool=  4 got= 4 short=0 | 4.8s
[1907] size=15 budget=  320 C1 valid=64 novel= 0 | C2 uniq= 1 | C3 draws=  320 comp=  1 uniq=  1 novel=  0 pruned=   0 bt=282 cap= 3 | C4 pool=  1 got= 1 short=0 | 2.7s
[1908] size=15 budget=  448 C1 valid=64 novel= 0 | C2 uniq= 1 | C3 draws=  448 comp=  1 uniq=  1 novel=  0 pruned=   0 bt=392 cap= 5 | C4 pool=  1 got= 1 short=0 | 3.6s
[1909] size=19 budget=  384 C1 valid=64 novel= 0 | C2 uniq= 1 | C3 draws=  384 comp=  1 uniq=  1 novel=  0 pruned=   0 bt=335 cap= 5 | C4 pool=  1 got= 1 short=0 | 3.1s
[1910] size= 9 budget=  320 C1 valid=64 novel= 0 | C2 uniq= 2 | C3 draws=  320 comp=  1 uniq=  1 novel=  0 pruned=   0 bt=279 cap= 3 | C4 pool=  2 got= 2 short=0 | 2.6s
[1911] size=13 budget=  388 C1 valid=62 novel= 0 | C2 uniq= 1 | C3 draws=  388 comp=  1 uniq=  1 novel=  0 pruned=   0 bt=337 cap= 4 | C4 pool=  1 got= 1 short=0 | 3.1s
[1912] size= 9 budget=  460 C1 valid=64 novel=35 | C2 uniq= 4 | C3 draws=  460 comp=  2 uniq=  2 novel=  1 pruned=   0 bt=389 cap= 5 | C4 pool=  4 got= 4 short=0 | 3.7s
[1913] size=17 budget=  439 C1 valid=64 novel=11 | C2 uniq= 4 | C3 draws=  439 comp=  2 uniq=  2 novel=  1 pruned=   0 bt=368 cap= 5 | C4 pool= 13 got= 4 short=0 | 3.5s
[1914] size=17 budget=  384 C1 valid=64 novel= 0 | C2 uniq= 1 | C3 draws=  384 comp=  1 uniq=  1 novel=  0 pruned=   0 bt=334 cap= 4 | C4 pool=  1 got= 1 short=0 | 3.1s
[1915] size= 9 budget=  320 C1 valid=63 novel= 0 | C2 uniq= 1 | C3 draws=  320 comp=  1 uniq=  1 novel=  0 pruned=   0 bt=279 cap= 3 | C4 pool=  1 got= 1 short=0 | 2.6s
[1916] size=19 budget=  320 C1 valid=64 novel= 0 | C2 uniq= 1 | C3 draws=  320 comp=  1 uniq=  1 novel=  0 pruned=   0 bt=274 cap= 4 | C4 pool=  2 got= 1 short=0 | 2.6s
[1917] size=11 budget=  302 C1 valid=64 novel= 0 | C2 uniq= 3 | C3 draws=  302 comp=  3 uniq=  3 novel=  0 pruned=   0 bt=254 cap= 3 | C4 pool=  3 got= 3 short=0 | 2.4s
[1918] size=15 budget=  384 C1 valid=64 novel= 0 | C2 uniq= 1 | C3 draws=  384 comp=  1 uniq=  1 novel=  0 pruned=   0 bt=338 cap= 4 | C4 pool=  1 got= 1 short=0 | 3.1s
[1919] size=11 budget=  384 C1 valid=64 novel= 0 | C2 uniq= 1 | C3 draws=  384 comp=  1 uniq=  1 novel=  0 pruned=   0 bt=337 cap= 4 | C4 pool=  1 got= 1 short=0 | 3.1s
[1920] size=17 budget=  796 C1 valid=63 novel=37 | C2 uniq=37 | C3 draws=  796 comp= 32 uniq= 32 novel= 26 pruned=   0 bt=277 cap= 3 | C4 pool=400 got=37 short=0 | 5.6s
[1921] size=19 budget=  512 C1 valid=64 novel= 0 | C2 uniq= 1 | C3 draws=  512 comp=  1 uniq=  1 novel=  0 pruned=   0 bt=427 cap= 6 | C4 pool=  1 got= 1 short=0 | 4.3s
[1922] size=15 budget=  384 C1 valid=64 novel= 0 | C2 uniq= 1 | C3 draws=  384 comp=  1 uniq=  1 novel=  0 pruned=   0 bt=338 cap= 4 | C4 pool=  2 got= 1 short=0 | 3.1s
[1923] size=19 budget=  572 C1 valid=56 novel=15 | C2 uniq= 9 | C3 draws=  572 comp=  5 uniq=  5 novel=  4 pruned=   0 bt=439 cap= 6 | C4 pool=199 got= 9 short=0 | 5.5s
[1924] size= 9 budget=  384 C1 valid=64 novel= 0 | C2 uniq= 2 | C3 draws=  384 comp=  2 uniq=  2 novel=  0 pruned=   0 bt=327 cap= 4 | C4 pool=  2 got= 2 short=0 | 3.1s
[1925] size=13 budget=  548 C1 valid=64 novel= 3 | C2 uniq= 5 | C3 draws=  548 comp=  2 uniq=  2 novel=  0 pruned=   0 bt=453 cap= 6 | C4 pool=122 got= 5 short=0 | 4.7s
[1926] size=15 budget=  334 C1 valid=63 novel= 0 | C2 uniq= 1 | C3 draws=  334 comp=  1 uniq=  1 novel=  0 pruned=   0 bt=283 cap= 4 | C4 pool=  1 got= 1 short=0 | 2.8s
[1927] size=19 budget=  596 C1 valid= 6 novel= 6 | C2 uniq= 1 | C3 draws=  596 comp=  1 uniq=  1 novel=  1 pruned=   0 bt=506 cap= 7 | C4 pool=  2 got= 1 short=0 | 5.0s
[1928] size=13 budget=  320 C1 valid=64 novel= 0 | C2 uniq= 1 | C3 draws=  320 comp=  1 uniq=  1 novel=  0 pruned=   0 bt=279 cap= 3 | C4 pool=  1 got= 1 short=0 | 2.6s
[1929] size=11 budget= 1098 C1 valid=64 novel=64 | C2 uniq=41 | C3 draws= 1098 comp= 44 uniq= 44 novel= 44 pruned=   0 bt=224 cap= 2 | C4 pool=400 got=41 short=0 | 7.9s
[1930] size=19 budget= 1213 C1 valid=36 novel=36 | C2 uniq=27 | C3 draws= 1213 comp= 26 uniq= 26 novel= 26 pruned=   0 bt=565 cap= 8 | C4 pool=400 got=27 short=0 | 9.6s
[1931] size=19 budget=  537 C1 valid=62 novel=13 | C2 uniq=12 | C3 draws=  537 comp=  4 uniq=  4 novel=  2 pruned=   0 bt=443 cap= 6 | C4 pool=364 got=12 short=0 | 4.5s
[1932] size=17 budget=  320 C1 valid=64 novel= 0 | C2 uniq= 1 | C3 draws=  320 comp=  1 uniq=  1 novel=  0 pruned=   0 bt=269 cap= 4 | C4 pool=  1 got= 1 short=0 | 2.7s
[1933] size=15 budget=  512 C1 valid=64 novel= 0 | C2 uniq= 1 | C3 draws=  512 comp=  1 uniq=  1 novel=  0 pruned=   0 bt=427 cap= 6 | C4 pool=  1 got= 1 short=0 | 4.3s
[1934] size=15 budget=  448 C1 valid=64 novel= 0 | C2 uniq= 1 | C3 draws=  448 comp=  1 uniq=  1 novel=  0 pruned=   0 bt=392 cap= 5 | C4 pool=  1 got= 1 short=0 | 3.6s
[1935] size=19 budget=  866 C1 valid=47 novel=24 | C2 uniq=14 | C3 draws=  866 comp=  7 uniq=  7 novel=  4 pruned=   0 bt=645 cap=10 | C4 pool=400 got=14 short=0 | 7.8s
[1936] size= 9 budget=  256 C1 valid=64 novel= 0 | C2 uniq= 1 | C3 draws=  256 comp=  1 uniq=  1 novel=  0 pruned=   0 bt=225 cap= 2 | C4 pool=  1 got= 1 short=0 | 2.1s
[1937] size=17 budget=  384 C1 valid=64 novel= 0 | C2 uniq= 1 | C3 draws=  384 comp=  1 uniq=  1 novel=  0 pruned=   0 bt=334 cap= 4 | C4 pool=  1 got= 1 short=0 | 3.1s
[1938] size=19 budget= 2058 C1 valid=11 novel=11 | C2 uniq=11 | C3 draws= 2058 comp= 20 uniq= 20 novel= 20 pruned=   0 bt=961 cap=17 | C4 pool=400 got=11 short=0 | 21.1s
[1939] size=15 budget=  320 C1 valid=64 novel= 0 | C2 uniq= 1 | C3 draws=  320 comp=  1 uniq=  1 novel=  0 pruned=   0 bt=282 cap= 3 | C4 pool=  1 got= 1 short=0 | 2.6s
[1940] size=13 budget=  581 C1 valid=64 novel=19 | C2 uniq=18 | C3 draws=  581 comp=  9 uniq=  9 novel=  3 pruned=   0 bt=441 cap= 6 | C4 pool=127 got=18 short=0 | 4.5s
[1941] size=19 budget=  943 C1 valid=64 novel=40 | C2 uniq= 6 | C3 draws=  943 comp=  5 uniq=  5 novel=  4 pruned=   0 bt=720 cap=10 | C4 pool=400 got= 6 short=0 | 8.5s
[1942] size=17 budget=  320 C1 valid=64 novel= 0 | C2 uniq= 1 | C3 draws=  320 comp=  1 uniq=  1 novel=  0 pruned=   0 bt=273 cap= 4 | C4 pool=  1 got= 1 short=0 | 2.6s
[1943] size=17 budget=  572 C1 valid=58 novel= 1 | C2 uniq= 9 | C3 draws=  572 comp=  2 uniq=  2 novel=  0 pruned=   0 bt=476 cap= 7 | C4 pool=307 got= 9 short=0 | 5.0s
[1944] size=17 budget=  663 C1 valid=64 novel=24 | C2 uniq= 5 | C3 draws=  663 comp=  6 uniq=  6 novel=  4 pruned=   0 bt=485 cap= 7 | C4 pool= 84 got= 5 short=0 | 5.7s
[1945] size=15 budget=  320 C1 valid=64 novel= 0 | C2 uniq= 1 | C3 draws=  320 comp=  1 uniq=  1 novel=  0 pruned=   0 bt=282 cap= 3 | C4 pool=  2 got= 1 short=0 | 2.6s
[1946] size=19 budget=  969 C1 valid=58 novel=35 | C2 uniq=40 | C3 draws=  969 comp= 23 uniq= 23 novel= 18 pruned=   0 bt=515 cap= 5 | C4 pool=400 got=40 short=0 | 7.6s
[1947] size=13 budget= 1340 C1 valid=52 novel=46 | C2 uniq=20 | C3 draws= 1340 comp= 23 uniq= 23 novel= 22 pruned=   0 bt=615 cap= 7 | C4 pool=400 got=20 short=0 | 11.8s
[1948] size= 9 budget=  412 C1 valid=64 novel= 1 | C2 uniq= 7 | C3 draws=  412 comp=  4 uniq=  4 novel=  1 pruned=   0 bt=337 cap= 4 | C4 pool=  8 got= 7 short=0 | 3.3s
[1949] size=15 budget=  678 C1 valid=64 novel= 0 | C2 uniq= 2 | C3 draws=  678 comp=  2 uniq=  2 novel=  0 pruned=   0 bt=562 cap= 8 | C4 pool=  2 got= 2 short=0 | 5.7s
[1950] size=15 budget=  538 C1 valid=50 novel= 0 | C2 uniq= 1 | C3 draws=  538 comp=  1 uniq=  1 novel=  0 pruned=   0 bt=474 cap= 6 | C4 pool=  1 got= 1 short=0 | 4.4s
[1951] size=17 budget=  384 C1 valid=64 novel= 0 | C2 uniq= 1 | C3 draws=  384 comp=  1 uniq=  1 novel=  0 pruned=   0 bt=334 cap= 4 | C4 pool=  1 got= 1 short=0 | 3.1s
[1952] size= 9 budget=  527 C1 valid=64 novel=24 | C2 uniq= 3 | C3 draws=  527 comp=  4 uniq=  4 novel=  3 pruned=   0 bt=388 cap= 5 | C4 pool=  5 got= 3 short=0 | 4.5s
[1953] size=17 budget= 1304 C1 valid=55 novel=54 | C2 uniq=51 | C3 draws= 1304 comp= 56 uniq= 56 novel= 56 pruned=   0 bt= 94 cap= 1 | C4 pool=400 got=51 short=0 | 9.2s
[1954] size=11 budget=  546 C1 valid=63 novel=18 | C2 uniq= 3 | C3 draws=  546 comp=  3 uniq=  3 novel=  1 pruned=   0 bt=454 cap= 6 | C4 pool=  3 got= 3 short=0 | 4.4s
[1955] size=13 budget=  393 C1 valid=64 novel= 6 | C2 uniq= 7 | C3 draws=  393 comp=  6 uniq=  6 novel=  3 pruned=   0 bt=298 cap= 4 | C4 pool= 10 got= 7 short=0 | 3.1s
[1956] size=11 budget=  384 C1 valid=64 novel= 0 | C2 uniq= 1 | C3 draws=  384 comp=  1 uniq=  1 novel=  0 pruned=   0 bt=337 cap= 4 | C4 pool=  1 got= 1 short=0 | 3.1s
[1957] size=19 budget=  703 C1 valid=50 novel=50 | C2 uniq= 3 | C3 draws=  703 comp=  2 uniq=  2 novel=  2 pruned=   0 bt=582 cap= 8 | C4 pool=  6 got= 3 short=0 | 5.9s
[1958] size=19 budget=  583 C1 valid=60 novel=29 | C2 uniq= 2 | C3 draws=  583 comp=  2 uniq=  2 novel=  1 pruned=   0 bt=472 cap= 7 | C4 pool=  4 got= 2 short=0 | 4.9s
[1959] size=11 budget=  580 C1 valid=64 novel=13 | C2 uniq= 3 | C3 draws=  580 comp=  3 uniq=  3 novel=  1 pruned=   0 bt=455 cap= 6 | C4 pool=  3 got= 3 short=0 | 5.0s
[1960] size=15 budget=  589 C1 valid=61 novel= 0 | C2 uniq= 2 | C3 draws=  589 comp=  2 uniq=  2 novel=  0 pruned=   0 bt=475 cap= 7 | C4 pool=  2 got= 2 short=0 | 5.1s
[1961] size=19 budget=  459 C1 valid=64 novel= 0 | C2 uniq= 6 | C3 draws=  459 comp=  5 uniq=  5 novel=  0 pruned=   0 bt=378 cap= 5 | C4 pool=  8 got= 6 short=0 | 3.6s
[1962] size=11 budget=  724 C1 valid=64 novel=27 | C2 uniq=27 | C3 draws=  724 comp=  8 uniq=  8 novel=  4 pruned=   0 bt=522 cap= 7 | C4 pool=400 got=27 short=0 | 6.7s
[1963] size=13 budget=  320 C1 valid=64 novel= 0 | C2 uniq= 1 | C3 draws=  320 comp=  1 uniq=  1 novel=  0 pruned=   0 bt=279 cap= 3 | C4 pool=  1 got= 1 short=0 | 2.6s
[1964] size=15 budget=  517 C1 valid=60 novel=15 | C2 uniq= 4 | C3 draws=  517 comp=  4 uniq=  4 novel=  2 pruned=   0 bt=423 cap= 5 | C4 pool= 19 got= 4 short=0 | 4.2s
[1965] size=17 budget=  320 C1 valid=64 novel= 0 | C2 uniq= 1 | C3 draws=  320 comp=  1 uniq=  1 novel=  0 pruned=   0 bt=273 cap= 4 | C4 pool=  1 got= 1 short=0 | 2.6s
[1966] size=19 budget=  621 C1 valid=50 novel=23 | C2 uniq= 6 | C3 draws=  621 comp= 19 uniq= 19 novel= 18 pruned=   0 bt=303 cap= 0 | C4 pool=258 got= 6 short=0 | 5.0s
[1967] size=15 budget= 1158 C1 valid=58 novel=52 | C2 uniq=43 | C3 draws= 1158 comp= 55 uniq= 55 novel= 53 pruned=   0 bt= 94 cap= 0 | C4 pool=400 got=43 short=0 | 7.9s
[1968] size=19 budget=  386 C1 valid=62 novel= 0 | C2 uniq= 1 | C3 draws=  386 comp=  1 uniq=  1 novel=  0 pruned=   0 bt=335 cap= 5 | C4 pool=  1 got= 1 short=0 | 3.1s
[1969] size=15 budget=  376 C1 valid=64 novel= 0 | C2 uniq= 2 | C3 draws=  376 comp=  2 uniq=  2 novel=  0 pruned=   0 bt=325 cap= 4 | C4 pool=  2 got= 2 short=0 | 3.1s
[1970] size=11 budget=  320 C1 valid=64 novel= 0 | C2 uniq= 1 | C3 draws=  320 comp=  1 uniq=  1 novel=  0 pruned=   0 bt=283 cap= 3 | C4 pool=  1 got= 1 short=0 | 2.6s
[1971] size=17 budget=  555 C1 valid=63 novel=10 | C2 uniq= 8 | C3 draws=  555 comp=  6 uniq=  6 novel=  2 pruned=   0 bt=435 cap= 6 | C4 pool=  8 got= 8 short=0 | 4.4s
[1972] size=17 budget=  384 C1 valid=64 novel= 0 | C2 uniq= 1 | C3 draws=  384 comp=  1 uniq=  1 novel=  0 pruned=   0 bt=334 cap= 4 | C4 pool=  1 got= 1 short=0 | 3.1s
[1973] size=15 budget=  504 C1 valid=64 novel=35 | C2 uniq= 3 | C3 draws=  504 comp=  3 uniq=  3 novel=  2 pruned=   0 bt=423 cap= 6 | C4 pool=  3 got= 3 short=0 | 4.0s
[1974] size=19 budget=  533 C1 valid=63 novel=14 | C2 uniq= 4 | C3 draws=  533 comp=  4 uniq=  4 novel=  3 pruned=   0 bt=428 cap= 6 | C4 pool=  3 got= 3 short=1 | 4.4s
[1975] size= 9 budget=  384 C1 valid=64 novel= 0 | C2 uniq= 1 | C3 draws=  384 comp=  1 uniq=  1 novel=  0 pruned=   0 bt=333 cap= 4 | C4 pool=  1 got= 1 short=0 | 3.1s
[1976] size=17 budget=  700 C1 valid=62 novel=31 | C2 uniq= 5 | C3 draws=  700 comp=  7 uniq=  7 novel=  6 pruned=   0 bt=478 cap= 7 | C4 pool= 13 got= 5 short=0 | 5.9s
[1977] size=13 budget=  320 C1 valid=64 novel= 0 | C2 uniq= 1 | C3 draws=  320 comp=  1 uniq=  1 novel=  0 pruned=   0 bt=279 cap= 3 | C4 pool=  1 got= 1 short=0 | 2.6s
[1978] size= 3 budget=  192 C1 valid=34 novel= 0 | C2 uniq= 1 | C3 draws=  192 comp=  1 uniq=  1 novel=  0 pruned=   0 bt=165 cap= 2 | C4 pool=  1 got= 1 short=0 | 1.5s
[1979] size=15 budget=  899 C1 valid=62 novel=51 | C2 uniq=27 | C3 draws=  899 comp= 16 uniq= 16 novel= 15 pruned=   0 bt=539 cap= 5 | C4 pool=400 got=27 short=0 | 7.7s
[1980] size= 9 budget=  384 C1 valid=64 novel= 0 | C2 uniq= 1 | C3 draws=  384 comp=  1 uniq=  1 novel=  0 pruned=   0 bt=333 cap= 4 | C4 pool=  1 got= 1 short=0 | 3.1s
[1981] size=17 budget=  887 C1 valid=59 novel=59 | C2 uniq= 3 | C3 draws=  887 comp=  5 uniq=  5 novel=  5 pruned=   0 bt=648 cap=10 | C4 pool=  5 got= 3 short=0 | 7.3s
[1982] size=11 budget=  384 C1 valid=64 novel= 0 | C2 uniq= 1 | C3 draws=  384 comp=  1 uniq=  1 novel=  0 pruned=   0 bt=337 cap= 4 | C4 pool=  1 got= 1 short=0 | 3.4s
[1983] size=19 budget= 1503 C1 valid=21 novel=21 | C2 uniq=13 | C3 draws= 1503 comp= 49 uniq= 49 novel= 49 pruned=   0 bt=326 cap= 0 | C4 pool=400 got=13 short=0 | 11.2s
[1984] size=13 budget= 1164 C1 valid=58 novel= 5 | C2 uniq=13 | C3 draws= 1164 comp= 12 uniq= 12 novel=  4 pruned=   0 bt=765 cap= 9 | C4 pool=400 got=13 short=0 | 14.4s
[1985] size=19 budget=  776 C1 valid=60 novel=54 | C2 uniq=12 | C3 draws=  776 comp= 15 uniq= 15 novel= 14 pruned=   0 bt=493 cap= 5 | C4 pool=400 got=12 short=0 | 6.4s
[1986] size=11 budget=  576 C1 valid=64 novel=64 | C2 uniq= 1 | C3 draws=  576 comp=  1 uniq=  1 novel=  1 pruned=   0 bt=490 cap= 6 | C4 pool=  1 got= 1 short=0 | 4.8s
[1987] size=11 budget=  384 C1 valid=64 novel= 0 | C2 uniq= 1 | C3 draws=  384 comp=  1 uniq=  1 novel=  0 pruned=   0 bt=337 cap= 4 | C4 pool=  1 got= 1 short=0 | 3.1s
[1988] size=15 budget=  717 C1 valid=58 novel=20 | C2 uniq= 6 | C3 draws=  717 comp=  4 uniq=  4 novel=  2 pruned=   0 bt=531 cap= 8 | C4 pool=  6 got= 6 short=0 | 6.5s
[1989] size=19 budget=  752 C1 valid=62 novel=22 | C2 uniq=16 | C3 draws=  752 comp= 12 uniq= 12 novel=  7 pruned=   0 bt=492 cap= 7 | C4 pool=400 got=16 short=0 | 6.2s
[1990] size= 9 budget=  320 C1 valid=64 novel= 0 | C2 uniq= 1 | C3 draws=  320 comp=  1 uniq=  1 novel=  0 pruned=   0 bt=279 cap= 3 | C4 pool=  1 got= 1 short=0 | 2.7s
[1991] size=11 budget= 1484 C1 valid=34 novel=34 | C2 uniq=30 | C3 draws= 1484 comp= 25 uniq= 25 novel= 25 pruned=   0 bt=763 cap=11 | C4 pool=400 got=30 short=0 | 12.8s
[1992] size=17 budget=  601 C1 valid=64 novel= 0 | C2 uniq= 2 | C3 draws=  601 comp=  2 uniq=  2 novel=  0 pruned=   0 bt=508 cap= 7 | C4 pool=  3 got= 2 short=0 | 4.9s
[1993] size=11 budget=  710 C1 valid=64 novel=18 | C2 uniq=21 | C3 draws=  710 comp= 33 uniq= 33 novel= 27 pruned=   0 bt= 67 cap= 0 | C4 pool=400 got=21 short=0 | 4.9s
[1994] size= 7 budget=  448 C1 valid=64 novel= 0 | C2 uniq= 1 | C3 draws=  448 comp=  1 uniq=  1 novel=  0 pruned=   0 bt=385 cap= 5 | C4 pool=  2 got= 1 short=0 | 3.7s
[1995] size=15 budget=  446 C1 valid=62 novel= 0 | C2 uniq= 2 | C3 draws=  446 comp=  2 uniq=  2 novel=  0 pruned=   0 bt=383 cap= 5 | C4 pool=  2 got= 2 short=0 | 3.6s
[1996] size=19 budget=  640 C1 valid=64 novel= 0 | C2 uniq= 1 | C3 draws=  640 comp=  1 uniq=  1 novel=  0 pruned=   0 bt=522 cap= 8 | C4 pool=  1 got= 1 short=0 | 5.6s
[1997] size=11 budget=  320 C1 valid=64 novel= 0 | C2 uniq= 1 | C3 draws=  320 comp=  1 uniq=  1 novel=  0 pruned=   0 bt=283 cap= 3 | C4 pool=  1 got= 1 short=0 | 2.6s
[1998] size=19 budget=  433 C1 valid=64 novel=12 | C2 uniq= 5 | C3 draws=  433 comp=  4 uniq=  4 novel=  1 pruned=   0 bt=357 cap= 5 | C4 pool=  5 got= 5 short=0 | 3.4s
[1999] size=15 budget=  512 C1 valid=64 novel= 0 | C2 uniq= 1 | C3 draws=  512 comp=  1 uniq=  1 novel=  0 pruned=   0 bt=448 cap= 6 | C4 pool=  1 got= 1 short=0 | 4.3s
{
  "budget": 1177594,
  "c3_draws": 1177594,
  "c1_valid": 119938,
  "c1_novel": 31254,
  "c2_unique": 13999,
  "c3_completions": 13057,
  "c3_unique": 13057,
  "c3_novel_unique": 9611,
  "c4_outputs": 13976,
  "c4_shortfall": 23,
  "budget_mismatch": 0,
  "c3_exhausted_root": 0
}
wrote /home/ubuntu/papers/checker-study/out/conditions-main-seed0-T0.7.json
