[  0] size= 9 budget=  368 C1 valid=64 novel= 0 | C2 uniq= 7 | C3 draws=  368 comp=  4 uniq=  4 novel=  0 pruned=   0 bt=305 cap= 4 | C4 pool=  7 got= 7 short=0 | 5.6s
[  1] size=17 budget=  467 C1 valid=63 novel= 7 | C2 uniq= 5 | C3 draws=  467 comp=  3 uniq=  3 novel=  0 pruned=   0 bt=394 cap= 5 | C4 pool=  9 got= 5 short=0 | 6.4s
[  2] size=15 budget=  320 C1 valid=64 novel= 0 | C2 uniq= 1 | C3 draws=  320 comp=  1 uniq=  1 novel=  0 pruned=   0 bt=282 cap= 3 | C4 pool=  1 got= 1 short=0 | 4.5s
[  3] size=15 budget=  468 C1 valid=64 novel=14 | C2 uniq= 6 | C3 draws=  468 comp=  5 uniq=  5 novel=  2 pruned=   0 bt=378 cap= 5 | C4 pool=  6 got= 6 short=0 | 6.4s
[  4] size=15 budget=  448 C1 valid=64 novel= 0 | C2 uniq= 1 | C3 draws=  448 comp=  1 uniq=  1 novel=  0 pruned=   0 bt=392 cap= 5 | C4 pool=  1 got= 1 short=0 | 6.3s
[  5] size=11 budget=  743 C1 valid=64 novel=33 | C2 uniq=31 | C3 draws=  743 comp= 49 uniq= 49 novel= 45 pruned=   0 bt= 51 cap= 0 | C4 pool=400 got=31 short=0 | 8.0s
[  6] size= 9 budget= 1612 C1 valid=57 novel=57 | C2 uniq=47 | C3 draws= 1612 comp= 44 uniq= 44 novel= 44 pruned=   0 bt=359 cap= 5 | C4 pool=400 got=47 short=0 | 21.1s
[  7] size=15 budget=  384 C1 valid=64 novel= 0 | C2 uniq= 1 | C3 draws=  384 comp=  1 uniq=  1 novel=  0 pruned=   0 bt=338 cap= 4 | C4 pool=  1 got= 1 short=0 | 5.4s
[  8] size=13 budget=  464 C1 valid=63 novel= 0 | C2 uniq= 2 | C3 draws=  464 comp=  2 uniq=  2 novel=  0 pruned=   0 bt=395 cap= 5 | C4 pool=  3 got= 2 short=0 | 6.3s
[  9] size=19 budget=  947 C1 valid=24 novel=24 | C2 uniq= 5 | C3 draws=  947 comp= 10 uniq= 10 novel= 10 pruned=   0 bt=689 cap= 8 | C4 pool= 28 got= 5 short=0 | 13.7s
[ 10] size=11 budget=  384 C1 valid=64 novel= 0 | C2 uniq= 2 | C3 draws=  384 comp=  1 uniq=  1 novel=  0 pruned=   0 bt=337 cap= 4 | C4 pool=  2 got= 2 short=0 | 5.4s
[ 11] size=11 budget=  640 C1 valid=64 novel=64 | C2 uniq= 1 | C3 draws=  640 comp=  1 uniq=  1 novel=  1 pruned=   0 bt=518 cap= 7 | C4 pool=  1 got= 1 short=0 | 9.6s
[ 12] size=11 budget=  320 C1 valid=64 novel= 0 | C2 uniq= 1 | C3 draws=  320 comp=  1 uniq=  1 novel=  0 pruned=   0 bt=283 cap= 3 | C4 pool=  1 got= 1 short=0 | 4.4s
[ 13] size=19 budget= 1074 C1 valid=31 novel=31 | C2 uniq=13 | C3 draws= 1074 comp= 34 uniq= 34 novel= 34 pruned=   0 bt=321 cap= 3 | C4 pool=400 got=13 short=0 | 13.8s
[ 14] size=17 budget=  724 C1 valid=63 novel=35 | C2 uniq=10 | C3 draws=  724 comp=  7 uniq=  7 novel=  3 pruned=   0 bt=565 cap= 8 | C4 pool=  8 got= 8 short=2 | 10.0s
[ 15] size=15 budget=  768 C1 valid=64 novel=64 | C2 uniq= 1 | C3 draws=  768 comp=  1 uniq=  1 novel=  1 pruned=   0 bt=635 cap= 9 | C4 pool=  1 got= 1 short=0 | 11.3s
[ 16] size=11 budget=  564 C1 valid=64 novel=16 | C2 uniq= 4 | C3 draws=  564 comp=  4 uniq=  4 novel=  1 pruned=   0 bt=452 cap= 6 | C4 pool=  4 got= 4 short=0 | 8.0s
[ 17] size=19 budget=  682 C1 valid=61 novel=26 | C2 uniq=24 | C3 draws=  682 comp=  8 uniq=  8 novel=  5 pruned=   0 bt=515 cap= 7 | C4 pool=400 got=24 short=0 | 9.4s
[ 18] size=19 budget= 1292 C1 valid=43 novel=38 | C2 uniq=28 | C3 draws= 1292 comp= 48 uniq= 48 novel= 47 pruned=   0 bt=158 cap= 2 | C4 pool=400 got=28 short=0 | 16.5s
[ 19] size= 9 budget=  320 C1 valid=64 novel= 0 | C2 uniq= 1 | C3 draws=  320 comp=  1 uniq=  1 novel=  0 pruned=   0 bt=279 cap= 3 | C4 pool=  1 got= 1 short=0 | 4.4s
[ 20] size= 9 budget=  860 C1 valid=62 novel=18 | C2 uniq=24 | C3 draws=  860 comp= 13 uniq= 13 novel=  9 pruned=   0 bt=551 cap= 7 | C4 pool=400 got=24 short=0 | 12.2s
[ 21] size=11 budget=  575 C1 valid=63 novel= 0 | C2 uniq= 1 | C3 draws=  575 comp=  1 uniq=  1 novel=  0 pruned=   0 bt=482 cap= 6 | C4 pool=  1 got= 1 short=0 | 8.4s
[ 22] size=17 budget=  256 C1 valid=64 novel= 0 | C2 uniq= 1 | C3 draws=  256 comp=  1 uniq=  1 novel=  0 pruned=   0 bt=218 cap= 3 | C4 pool=  1 got= 1 short=0 | 3.5s
[ 23] size= 9 budget=  320 C1 valid=64 novel= 0 | C2 uniq= 1 | C3 draws=  320 comp=  1 uniq=  1 novel=  0 pruned=   0 bt=279 cap= 3 | C4 pool=  1 got= 1 short=0 | 4.5s
[ 24] size=17 budget=  616 C1 valid=40 novel= 5 | C2 uniq= 2 | C3 draws=  616 comp=  1 uniq=  1 novel=  0 pruned=   0 bt=505 cap= 7 | C4 pool=  2 got= 2 short=0 | 9.2s
[ 25] size=15 budget=  405 C1 valid=64 novel= 0 | C2 uniq= 5 | C3 draws=  405 comp=  4 uniq=  4 novel=  0 pruned=   0 bt=338 cap= 4 | C4 pool=  5 got= 5 short=0 | 5.6s
[ 26] size=19 budget=  356 C1 valid=63 novel= 0 | C2 uniq= 2 | C3 draws=  356 comp=  2 uniq=  2 novel=  0 pruned=   0 bt=306 cap= 4 | C4 pool=  2 got= 2 short=0 | 5.0s
[ 27] size=11 budget=  643 C1 valid=49 novel= 0 | C2 uniq= 1 | C3 draws=  643 comp=  1 uniq=  1 novel=  0 pruned=   0 bt=572 cap= 7 | C4 pool=  1 got= 1 short=0 | 9.2s
[ 28] size=11 budget=  320 C1 valid=64 novel= 0 | C2 uniq= 1 | C3 draws=  320 comp=  1 uniq=  1 novel=  0 pruned=   0 bt=283 cap= 3 | C4 pool=  1 got= 1 short=0 | 4.5s
[ 29] size=13 budget=  430 C1 valid=63 novel= 0 | C2 uniq= 3 | C3 draws=  430 comp=  2 uniq=  2 novel=  0 pruned=   0 bt=362 cap= 5 | C4 pool=  3 got= 3 short=0 | 6.0s
[ 30] size=13 budget=  599 C1 valid=63 novel=63 | C2 uniq= 2 | C3 draws=  599 comp=  2 uniq=  2 novel=  2 pruned=   0 bt=500 cap= 7 | C4 pool=  2 got= 2 short=0 | 8.5s
[ 31] size=11 budget=  697 C1 valid=60 novel=60 | C2 uniq= 4 | C3 draws=  697 comp=  2 uniq=  2 novel=  2 pruned=   0 bt=568 cap= 8 | C4 pool= 10 got= 4 short=0 | 10.3s
[ 32] size=13 budget=  575 C1 valid=63 novel=63 | C2 uniq= 2 | C3 draws=  575 comp=  2 uniq=  2 novel=  2 pruned=   0 bt=493 cap= 6 | C4 pool=  2 got= 2 short=0 | 8.2s
[ 33] size=13 budget=  256 C1 valid=64 novel= 0 | C2 uniq= 1 | C3 draws=  256 comp=  1 uniq=  1 novel=  0 pruned=   0 bt=217 cap= 3 | C4 pool=  1 got= 1 short=0 | 3.5s
[ 34] size=11 budget=  387 C1 valid=63 novel= 0 | C2 uniq= 1 | C3 draws=  387 comp=  1 uniq=  1 novel=  0 pruned=   0 bt=340 cap= 4 | C4 pool=  1 got= 1 short=0 | 5.4s
[ 35] size=19 budget= 1207 C1 valid=44 novel=32 | C2 uniq=32 | C3 draws= 1207 comp= 28 uniq= 28 novel= 24 pruned=   0 bt=571 cap= 7 | C4 pool=400 got=32 short=0 | 16.1s
[ 36] size=19 budget=  512 C1 valid=64 novel= 0 | C2 uniq= 1 | C3 draws=  512 comp=  1 uniq=  1 novel=  0 pruned=   0 bt=447 cap= 6 | C4 pool=  1 got= 1 short=0 | 7.2s
[ 37] size=19 budget=  862 C1 valid=61 novel=61 | C2 uniq= 6 | C3 draws=  862 comp=  5 uniq=  5 novel=  5 pruned=   0 bt=621 cap=10 | C4 pool=  6 got= 6 short=0 | 12.7s
[ 38] size=11 budget= 1079 C1 valid=62 novel=60 | C2 uniq=53 | C3 draws= 1079 comp= 55 uniq= 55 novel= 54 pruned=   0 bt= 75 cap= 1 | C4 pool=400 got=53 short=0 | 12.3s
[ 39] size=13 budget=  708 C1 valid=64 novel=17 | C2 uniq= 4 | C3 draws=  708 comp=  3 uniq=  3 novel=  1 pruned=   0 bt=555 cap= 8 | C4 pool=  4 got= 4 short=0 | 10.3s
[ 40] size=19 budget=  607 C1 valid=31 novel=31 | C2 uniq= 1 | C3 draws=  607 comp=  1 uniq=  1 novel=  1 pruned=   0 bt=501 cap= 7 | C4 pool=  1 got= 1 short=0 | 8.9s
[ 41] size=17 budget=  384 C1 valid=64 novel= 0 | C2 uniq= 1 | C3 draws=  384 comp=  1 uniq=  1 novel=  0 pruned=   0 bt=334 cap= 4 | C4 pool=  1 got= 1 short=0 | 5.4s
[ 42] size=13 budget=  448 C1 valid=64 novel= 0 | C2 uniq= 1 | C3 draws=  448 comp=  1 uniq=  1 novel=  0 pruned=   0 bt=387 cap= 5 | C4 pool=  1 got= 1 short=0 | 6.2s
[ 43] size=17 budget=  510 C1 valid=62 novel= 0 | C2 uniq= 1 | C3 draws=  510 comp=  1 uniq=  1 novel=  0 pruned=   0 bt=439 cap= 6 | C4 pool=  1 got= 1 short=0 | 7.1s
[ 44] size= 9 budget=  320 C1 valid=64 novel= 0 | C2 uniq= 1 | C3 draws=  320 comp=  1 uniq=  1 novel=  0 pruned=   0 bt=279 cap= 3 | C4 pool=  1 got= 1 short=0 | 4.5s
[ 45] size=15 budget=  575 C1 valid=64 novel= 0 | C2 uniq= 2 | C3 draws=  575 comp=  1 uniq=  1 novel=  0 pruned=   0 bt=478 cap= 7 | C4 pool=  2 got= 2 short=0 | 8.3s
[ 46] size=17 budget=  447 C1 valid=63 novel= 0 | C2 uniq= 1 | C3 draws=  447 comp=  2 uniq=  2 novel=  0 pruned=   0 bt=378 cap= 5 | C4 pool=  2 got= 1 short=0 | 6.2s
[ 47] size=13 budget=  452 C1 valid=62 novel= 0 | C2 uniq= 3 | C3 draws=  452 comp=  3 uniq=  3 novel=  0 pruned=   0 bt=378 cap= 5 | C4 pool=  3 got= 3 short=0 | 6.2s
[ 48] size=19 budget=  522 C1 valid=54 novel=54 | C2 uniq= 1 | C3 draws=  522 comp=  1 uniq=  1 novel=  1 pruned=   0 bt=435 cap= 6 | C4 pool=  1 got= 1 short=0 | 7.6s
[ 49] size=15 budget= 1077 C1 valid=63 novel=44 | C2 uniq=10 | C3 draws= 1077 comp=  7 uniq=  7 novel=  6 pruned=   0 bt=760 cap=11 | C4 pool=400 got=10 short=0 | 16.1s
[ 50] size= 9 budget=  370 C1 valid=64 novel= 0 | C2 uniq= 3 | C3 draws=  370 comp=  3 uniq=  3 novel=  0 pruned=   0 bt=309 cap= 4 | C4 pool=  4 got= 3 short=0 | 5.1s
[ 51] size=17 budget=  562 C1 valid=60 novel=10 | C2 uniq=17 | C3 draws=  562 comp= 21 uniq= 21 novel= 15 pruned=   0 bt=198 cap= 2 | C4 pool=400 got=17 short=0 | 7.7s
[ 52] size= 9 budget=  511 C1 valid=64 novel=25 | C2 uniq= 6 | C3 draws=  511 comp=  6 uniq=  6 novel=  2 pruned=   0 bt=398 cap= 5 | C4 pool=  8 got= 6 short=0 | 7.2s
[ 53] size=11 budget=  448 C1 valid=64 novel= 0 | C2 uniq= 1 | C3 draws=  448 comp=  1 uniq=  1 novel=  0 pruned=   0 bt=369 cap= 5 | C4 pool=  1 got= 1 short=0 | 6.6s
[ 54] size=13 budget=  323 C1 valid=64 novel= 6 | C2 uniq= 6 | C3 draws=  323 comp=  4 uniq=  4 novel=  1 pruned=   0 bt=265 cap= 3 | C4 pool=  8 got= 6 short=0 | 4.4s
[ 55] size=15 budget=  426 C1 valid=61 novel= 0 | C2 uniq= 2 | C3 draws=  426 comp=  2 uniq=  2 novel=  0 pruned=   0 bt=363 cap= 5 | C4 pool=  2 got= 2 short=0 | 5.9s
[ 56] size=11 budget=  384 C1 valid=64 novel= 0 | C2 uniq= 1 | C3 draws=  384 comp=  1 uniq=  1 novel=  0 pruned=   0 bt=337 cap= 4 | C4 pool=  1 got= 1 short=0 | 5.3s
[ 57] size=19 budget=  384 C1 valid=62 novel= 0 | C2 uniq= 1 | C3 draws=  384 comp=  1 uniq=  1 novel=  0 pruned=   0 bt=334 cap= 5 | C4 pool=  1 got= 1 short=0 | 5.3s
[ 58] size=15 budget=  411 C1 valid=60 novel= 0 | C2 uniq= 2 | C3 draws=  411 comp=  2 uniq=  2 novel=  0 pruned=   0 bt=355 cap= 5 | C4 pool=  2 got= 2 short=0 | 5.7s
[ 59] size=13 budget=  384 C1 valid=64 novel= 0 | C2 uniq= 1 | C3 draws=  384 comp=  1 uniq=  1 novel=  0 pruned=   0 bt=333 cap= 4 | C4 pool=  1 got= 1 short=0 | 5.3s
[ 60] size=11 budget=  485 C1 valid=64 novel= 0 | C2 uniq= 4 | C3 draws=  485 comp=  3 uniq=  3 novel=  0 pruned=   0 bt=394 cap= 5 | C4 pool=  5 got= 4 short=0 | 7.0s
[ 61] size=19 budget=  320 C1 valid=64 novel= 0 | C2 uniq= 1 | C3 draws=  320 comp=  1 uniq=  1 novel=  0 pruned=   0 bt=274 cap= 4 | C4 pool=  2 got= 1 short=0 | 4.4s
[ 62] size=15 budget=  367 C1 valid=64 novel=10 | C2 uniq= 5 | C3 draws=  367 comp=  4 uniq=  4 novel=  2 pruned=   0 bt=298 cap= 4 | C4 pool=  6 got= 5 short=0 | 5.0s
[ 63] size=17 budget=  847 C1 valid=59 novel=39 | C2 uniq= 9 | C3 draws=  847 comp=  8 uniq=  8 novel=  6 pruned=   0 bt=613 cap= 9 | C4 pool= 24 got= 9 short=0 | 12.3s
[ 64] size=15 budget=  320 C1 valid=64 novel= 0 | C2 uniq= 2 | C3 draws=  320 comp=  2 uniq=  2 novel=  0 pruned=   0 bt=277 cap= 3 | C4 pool=  3 got= 2 short=0 | 4.5s
[ 65] size=13 budget=  823 C1 valid=62 novel=42 | C2 uniq=26 | C3 draws=  823 comp= 44 uniq= 44 novel= 40 pruned=   0 bt=112 cap= 0 | C4 pool=400 got=26 short=0 | 9.4s
[ 66] size=11 budget=  448 C1 valid=64 novel= 0 | C2 uniq= 1 | C3 draws=  448 comp=  1 uniq=  1 novel=  0 pruned=   0 bt=393 cap= 5 | C4 pool=  1 got= 1 short=0 | 6.2s
[ 67] size=17 budget=  320 C1 valid=64 novel= 0 | C2 uniq= 1 | C3 draws=  320 comp=  1 uniq=  1 novel=  0 pruned=   0 bt=273 cap= 4 | C4 pool=  1 got= 1 short=0 | 4.5s
[ 68] size=17 budget=  512 C1 valid=64 novel=64 | C2 uniq= 1 | C3 draws=  512 comp=  1 uniq=  1 novel=  1 pruned=   0 bt=441 cap= 6 | C4 pool=  1 got= 1 short=0 | 7.1s
[ 69] size=15 budget= 1268 C1 valid=38 novel=29 | C2 uniq=22 | C3 draws= 1268 comp= 41 uniq= 41 novel= 37 pruned=   0 bt=361 cap= 3 | C4 pool=400 got=22 short=0 | 16.8s
[ 70] size=13 budget=  640 C1 valid=64 novel=64 | C2 uniq= 1 | C3 draws=  640 comp=  1 uniq=  1 novel=  1 pruned=   0 bt=526 cap= 7 | C4 pool=  1 got= 1 short=0 | 9.5s
[ 71] size=11 budget=  320 C1 valid=64 novel= 0 | C2 uniq= 1 | C3 draws=  320 comp=  1 uniq=  1 novel=  0 pruned=   0 bt=283 cap= 3 | C4 pool=  1 got= 1 short=0 | 4.5s
[ 72] size=15 budget=  671 C1 valid=39 novel=14 | C2 uniq= 6 | C3 draws=  671 comp= 21 uniq= 21 novel= 20 pruned=   0 bt=293 cap= 0 | C4 pool=101 got= 6 short=0 | 8.8s
[ 73] size=11 budget=  381 C1 valid=61 novel= 0 | C2 uniq= 1 | C3 draws=  381 comp=  1 uniq=  1 novel=  0 pruned=   0 bt=335 cap= 4 | C4 pool=  1 got= 1 short=0 | 5.3s
[ 74] size= 9 budget=  320 C1 valid=64 novel= 0 | C2 uniq= 1 | C3 draws=  320 comp=  1 uniq=  1 novel=  0 pruned=   0 bt=279 cap= 3 | C4 pool=  1 got= 1 short=0 | 4.4s
[ 75] size=17 budget=  617 C1 valid=64 novel=14 | C2 uniq=24 | C3 draws=  617 comp= 23 uniq= 23 novel= 12 pruned=   0 bt=263 cap= 3 | C4 pool=400 got=24 short=0 | 8.0s
[ 76] size=19 budget=  803 C1 valid=30 novel=30 | C2 uniq= 3 | C3 draws=  803 comp=  4 uniq=  4 novel=  4 pruned=   0 bt=618 cap= 8 | C4 pool=  9 got= 3 short=0 | 11.8s
[ 77] size=15 budget=  904 C1 valid=30 novel=29 | C2 uniq=14 | C3 draws=  904 comp=  7 uniq=  7 novel=  7 pruned=   0 bt=687 cap=10 | C4 pool=400 got=14 short=0 | 12.9s
[ 78] size=15 budget=  488 C1 valid=64 novel= 0 | C2 uniq= 3 | C3 draws=  488 comp=  3 uniq=  3 novel=  0 pruned=   0 bt=417 cap= 5 | C4 pool=  3 got= 3 short=0 | 6.7s
[ 79] size=15 budget=  384 C1 valid=64 novel= 0 | C2 uniq= 1 | C3 draws=  384 comp=  2 uniq=  2 novel=  0 pruned=   0 bt=330 cap= 4 | C4 pool=  2 got= 1 short=0 | 5.3s
[ 80] size=19 budget=  457 C1 valid=63 novel= 0 | C2 uniq= 1 | C3 draws=  457 comp=  1 uniq=  1 novel=  0 pruned=   0 bt=402 cap= 5 | C4 pool=  1 got= 1 short=0 | 6.5s
[ 81] size= 9 budget=  320 C1 valid=64 novel= 0 | C2 uniq= 1 | C3 draws=  320 comp=  1 uniq=  1 novel=  0 pruned=   0 bt=277 cap= 3 | C4 pool=  1 got= 1 short=0 | 4.5s
[ 82] size=17 budget=  454 C1 valid=61 novel=26 | C2 uniq= 6 | C3 draws=  454 comp=  7 uniq=  7 novel=  4 pruned=   0 bt=341 cap= 5 | C4 pool=  8 got= 6 short=0 | 6.1s
[ 83] size= 9 budget=  320 C1 valid=64 novel= 0 | C2 uniq= 1 | C3 draws=  320 comp=  1 uniq=  1 novel=  0 pruned=   0 bt=279 cap= 3 | C4 pool=  1 got= 1 short=0 | 4.4s
[ 84] size=15 budget=  585 C1 valid=11 novel=11 | C2 uniq= 1 | C3 draws=  585 comp=  1 uniq=  1 novel=  1 pruned=   0 bt=487 cap= 7 | C4 pool=  1 got= 1 short=0 | 8.5s
[ 85] size=13 budget=  391 C1 valid=62 novel= 0 | C2 uniq= 1 | C3 draws=  391 comp=  1 uniq=  1 novel=  0 pruned=   0 bt=342 cap= 4 | C4 pool=  1 got= 1 short=0 | 5.5s
[ 86] size=19 budget=  934 C1 valid=49 novel=49 | C2 uniq=14 | C3 draws=  934 comp= 23 uniq= 23 novel= 23 pruned=   0 bt=445 cap= 4 | C4 pool=400 got=14 short=0 | 12.9s
[ 87] size=15 budget= 1525 C1 valid=45 novel=38 | C2 uniq=30 | C3 draws= 1525 comp= 27 uniq= 27 novel= 26 pruned=   0 bt=610 cap= 9 | C4 pool=400 got=30 short=0 | 22.2s
[ 88] size=17 budget= 1056 C1 valid=59 novel=40 | C2 uniq=23 | C3 draws= 1056 comp= 20 uniq= 20 novel= 17 pruned=   0 bt=556 cap= 6 | C4 pool=284 got=23 short=0 | 15.5s
[ 89] size=19 budget=  459 C1 valid=63 novel=10 | C2 uniq= 7 | C3 draws=  459 comp=  6 uniq=  6 novel=  1 pruned=   0 bt=366 cap= 5 | C4 pool=  8 got= 7 short=0 | 5.9s
[ 90] size=15 budget=  942 C1 valid=61 novel= 0 | C2 uniq= 4 | C3 draws=  942 comp=  4 uniq=  4 novel=  0 pruned=   0 bt=677 cap=11 | C4 pool=  8 got= 4 short=0 | 14.6s
[ 91] size=19 budget=  526 C1 valid=63 novel=38 | C2 uniq= 3 | C3 draws=  526 comp=  3 uniq=  3 novel=  1 pruned=   0 bt=447 cap= 6 | C4 pool=  3 got= 3 short=0 | 7.2s
[ 92] size=11 budget=  981 C1 valid=60 novel=60 | C2 uniq=34 | C3 draws=  981 comp= 52 uniq= 52 novel= 52 pruned=   0 bt=142 cap= 0 | C4 pool=400 got=34 short=0 | 11.2s
[ 93] size=13 budget=  615 C1 valid=63 novel= 0 | C2 uniq= 2 | C3 draws=  615 comp=  2 uniq=  2 novel=  0 pruned=   0 bt=501 cap= 7 | C4 pool=  2 got= 2 short=0 | 9.0s
[ 94] size=13 budget= 1036 C1 valid=64 novel=54 | C2 uniq=49 | C3 draws= 1036 comp= 44 uniq= 44 novel= 42 pruned=   0 bt=258 cap= 3 | C4 pool=400 got=49 short=0 | 12.4s
[ 95] size= 9 budget=  330 C1 valid=64 novel= 0 | C2 uniq= 2 | C3 draws=  330 comp=  2 uniq=  2 novel=  0 pruned=   0 bt=284 cap= 3 | C4 pool=  2 got= 2 short=0 | 4.6s
[ 96] size=17 budget=  444 C1 valid=64 novel= 5 | C2 uniq= 5 | C3 draws=  444 comp=  5 uniq=  5 novel=  1 pruned=   0 bt=354 cap= 5 | C4 pool=  5 got= 5 short=0 | 6.0s
[ 97] size=15 budget=  479 C1 valid=64 novel=25 | C2 uniq=11 | C3 draws=  479 comp=  8 uniq=  8 novel=  4 pruned=   0 bt=368 cap= 4 | C4 pool= 17 got=11 short=0 | 6.5s
[ 98] size=13 budget=  679 C1 valid=64 novel=33 | C2 uniq=32 | C3 draws=  679 comp= 21 uniq= 21 novel= 12 pruned=   0 bt=400 cap= 4 | C4 pool= 36 got=32 short=0 | 9.0s
[ 99] size=17 budget=  707 C1 valid=63 novel=22 | C2 uniq=31 | C3 draws=  707 comp= 28 uniq= 28 novel= 17 pruned=   0 bt=183 cap= 2 | C4 pool=400 got=31 short=0 | 8.8s
[100] size=17 budget=  405 C1 valid=64 novel= 0 | C2 uniq= 2 | C3 draws=  405 comp=  2 uniq=  2 novel=  0 pruned=   0 bt=341 cap= 5 | C4 pool=  2 got= 2 short=0 | 5.5s
[101] size= 9 budget=  512 C1 valid=64 novel= 0 | C2 uniq= 1 | C3 draws=  512 comp=  1 uniq=  1 novel=  0 pruned=   0 bt=443 cap= 5 | C4 pool=  1 got= 1 short=0 | 7.3s
[102] size=13 budget=  320 C1 valid=62 novel= 0 | C2 uniq= 1 | C3 draws=  320 comp=  1 uniq=  1 novel=  0 pruned=   0 bt=279 cap= 3 | C4 pool=  1 got= 1 short=0 | 4.4s
[103] size=13 budget=  602 C1 valid=62 novel= 6 | C2 uniq= 6 | C3 draws=  602 comp=  4 uniq=  4 novel=  1 pruned=   0 bt=460 cap= 6 | C4 pool= 38 got= 6 short=0 | 9.0s
[104] size=11 budget=  413 C1 valid=64 novel= 0 | C2 uniq= 2 | C3 draws=  413 comp=  2 uniq=  2 novel=  0 pruned=   0 bt=359 cap= 4 | C4 pool=  2 got= 2 short=0 | 5.7s
[105] size=15 budget=  384 C1 valid=64 novel= 0 | C2 uniq= 1 | C3 draws=  384 comp=  1 uniq=  1 novel=  0 pruned=   0 bt=338 cap= 4 | C4 pool=  1 got= 1 short=0 | 5.3s
[106] size= 9 budget=  320 C1 valid=64 novel= 0 | C2 uniq= 1 | C3 draws=  320 comp=  2 uniq=  2 novel=  0 pruned=   0 bt=273 cap= 3 | C4 pool=  2 got= 1 short=0 | 4.4s
[107] size=17 budget= 1355 C1 valid=13 novel=13 | C2 uniq=13 | C3 draws= 1355 comp= 13 uniq= 13 novel= 13 pruned=   0 bt=877 cap=12 | C4 pool=400 got=13 short=0 | 20.0s
[108] size=11 budget=  870 C1 valid=63 novel=45 | C2 uniq=18 | C3 draws=  870 comp=  8 uniq=  8 novel=  7 pruned=   0 bt=629 cap= 9 | C4 pool=241 got=18 short=0 | 12.7s
[109] size=15 budget=  951 C1 valid=61 novel=50 | C2 uniq=29 | C3 draws=  951 comp= 20 uniq= 20 novel= 18 pruned=   0 bt=530 cap= 7 | C4 pool=400 got=29 short=0 | 14.2s
[110] size=15 budget=  400 C1 valid=46 novel= 0 | C2 uniq= 2 | C3 draws=  400 comp=  2 uniq=  2 novel=  0 pruned=   0 bt=347 cap= 4 | C4 pool=  2 got= 2 short=0 | 5.5s
[111] size=17 budget=  575 C1 valid=47 novel=22 | C2 uniq= 3 | C3 draws=  575 comp=  2 uniq=  2 novel=  1 pruned=   0 bt=487 cap= 7 | C4 pool=  2 got= 2 short=1 | 8.0s
[112] size=19 budget= 1011 C1 valid=53 novel=53 | C2 uniq=16 | C3 draws= 1011 comp=  9 uniq=  9 novel=  9 pruned=   0 bt=674 cap=11 | C4 pool=400 got=16 short=0 | 14.9s
[113] size=15 budget=  320 C1 valid=64 novel= 0 | C2 uniq= 1 | C3 draws=  320 comp=  1 uniq=  1 novel=  0 pruned=   0 bt=282 cap= 3 | C4 pool=  1 got= 1 short=0 | 4.3s
[114] size=11 budget=  525 C1 valid=63 novel=17 | C2 uniq=12 | C3 draws=  525 comp= 12 uniq= 12 novel=  8 pruned=   0 bt=299 cap= 2 | C4 pool=158 got=12 short=0 | 7.2s
[115] size=11 budget=  681 C1 valid=64 novel= 0 | C2 uniq= 3 | C3 draws=  681 comp=  3 uniq=  3 novel=  0 pruned=   0 bt=549 cap= 7 | C4 pool=  3 got= 3 short=0 | 10.0s
[116] size=13 budget=  320 C1 valid=64 novel= 0 | C2 uniq= 1 | C3 draws=  320 comp=  1 uniq=  1 novel=  0 pruned=   0 bt=279 cap= 3 | C4 pool=  1 got= 1 short=0 | 4.4s
[117] size=13 budget=  667 C1 valid=62 novel=16 | C2 uniq=14 | C3 draws=  667 comp=  5 uniq=  5 novel=  1 pruned=   0 bt=497 cap= 7 | C4 pool=192 got=14 short=0 | 9.7s
[118] size=15 budget=  984 C1 valid=35 novel=35 | C2 uniq=14 | C3 draws=  984 comp= 19 uniq= 19 novel= 19 pruned=   0 bt=597 cap= 6 | C4 pool=400 got=14 short=0 | 13.9s
[119] size=19 budget= 1577 C1 valid=11 novel=11 | C2 uniq= 4 | C3 draws= 1577 comp=  6 uniq=  6 novel=  6 pruned=   0 bt=967 cap=19 | C4 pool= 24 got= 4 short=0 | 25.9s
[120] size=11 budget=  320 C1 valid=64 novel= 0 | C2 uniq= 1 | C3 draws=  320 comp=  2 uniq=  2 novel=  0 pruned=   0 bt=276 cap= 3 | C4 pool=  2 got= 1 short=0 | 4.4s
[121] size=13 budget=  449 C1 valid=63 novel= 0 | C2 uniq= 1 | C3 draws=  449 comp=  1 uniq=  1 novel=  0 pruned=   0 bt=388 cap= 5 | C4 pool=  1 got= 1 short=0 | 6.3s
[122] size=11 budget=  640 C1 valid=64 novel= 0 | C2 uniq= 1 | C3 draws=  640 comp=  1 uniq=  1 novel=  0 pruned=   0 bt=534 cap= 7 | C4 pool=  2 got= 1 short=0 | 9.4s
[123] size=17 budget= 1303 C1 valid=53 novel=53 | C2 uniq=43 | C3 draws= 1303 comp= 30 uniq= 30 novel= 30 pruned=   0 bt=501 cap= 9 | C4 pool=400 got=43 short=0 | 18.2s
[124] size=15 budget=  513 C1 valid=62 novel= 0 | C2 uniq= 1 | C3 draws=  513 comp=  1 uniq=  1 novel=  0 pruned=   0 bt=428 cap= 6 | C4 pool=  1 got= 1 short=0 | 7.5s
[125] size=19 budget= 1120 C1 valid=34 novel=25 | C2 uniq=20 | C3 draws= 1120 comp= 15 uniq= 15 novel= 12 pruned=   0 bt=659 cap=11 | C4 pool=400 got=20 short=0 | 16.7s
[126] size=13 budget=  256 C1 valid=64 novel= 0 | C2 uniq= 1 | C3 draws=  256 comp=  1 uniq=  1 novel=  0 pruned=   0 bt=217 cap= 3 | C4 pool=  1 got= 1 short=0 | 3.6s
[127] size=11 budget=  384 C1 valid=64 novel= 0 | C2 uniq= 1 | C3 draws=  384 comp=  1 uniq=  1 novel=  0 pruned=   0 bt=337 cap= 4 | C4 pool=  1 got= 1 short=0 | 5.3s
[128] size=15 budget=  426 C1 valid=64 novel= 0 | C2 uniq= 2 | C3 draws=  426 comp=  2 uniq=  2 novel=  0 pruned=   0 bt=364 cap= 5 | C4 pool=  2 got= 2 short=0 | 5.9s
[129] size=19 budget=  618 C1 valid=57 novel=43 | C2 uniq= 6 | C3 draws=  618 comp=  7 uniq=  7 novel=  6 pruned=   0 bt=493 cap= 6 | C4 pool=  7 got= 5 short=1 | 8.6s
[130] size=17 budget=  768 C1 valid=64 novel=64 | C2 uniq= 1 | C3 draws=  768 comp=  1 uniq=  1 novel=  1 pruned=   0 bt=605 cap= 9 | C4 pool=  1 got= 1 short=0 | 11.9s
[131] size=13 budget=  574 C1 valid=63 novel=63 | C2 uniq= 1 | C3 draws=  574 comp=  1 uniq=  1 novel=  1 pruned=   0 bt=481 cap= 6 | C4 pool=  1 got= 1 short=0 | 8.5s
[132] size=15 budget=  442 C1 valid=57 novel= 4 | C2 uniq= 5 | C3 draws=  442 comp=  5 uniq=  5 novel=  1 pruned=   0 bt=359 cap= 5 | C4 pool=  7 got= 5 short=0 | 6.0s
[133] size=13 budget= 1105 C1 valid=64 novel=54 | C2 uniq= 6 | C3 draws= 1105 comp=  6 uniq=  6 novel=  5 pruned=   0 bt=764 cap=12 | C4 pool=  6 got= 6 short=0 | 16.8s
[134] size=19 budget=  852 C1 valid=60 novel=60 | C2 uniq= 6 | C3 draws=  852 comp=  4 uniq=  4 novel=  4 pruned=   0 bt=637 cap=10 | C4 pool=  7 got= 6 short=0 | 12.7s
[135] size=11 budget=  540 C1 valid=61 novel=19 | C2 uniq= 3 | C3 draws=  540 comp=  3 uniq=  3 novel=  2 pruned=   0 bt=450 cap= 6 | C4 pool=  3 got= 3 short=0 | 7.6s
[136] size=13 budget=  693 C1 valid=64 novel= 0 | C2 uniq= 2 | C3 draws=  693 comp=  2 uniq=  2 novel=  0 pruned=   0 bt=566 cap= 8 | C4 pool=  2 got= 2 short=0 | 10.1s
[137] size=17 budget=  750 C1 valid=53 novel=28 | C2 uniq=14 | C3 draws=  750 comp= 10 uniq= 10 novel=  6 pruned=   0 bt=492 cap= 7 | C4 pool=400 got=14 short=0 | 10.8s
[138] size=19 budget=  433 C1 valid=53 novel=12 | C2 uniq= 2 | C3 draws=  433 comp=  2 uniq=  2 novel=  1 pruned=   0 bt=346 cap= 5 | C4 pool=  2 got= 2 short=0 | 6.3s
[139] size=19 budget=  491 C1 valid=64 novel= 0 | C2 uniq= 3 | C3 draws=  491 comp=  3 uniq=  3 novel=  0 pruned=   0 bt=411 cap= 6 | C4 pool=  3 got= 3 short=0 | 6.7s
[140] size=17 budget=  423 C1 valid=61 novel= 0 | C2 uniq= 3 | C3 draws=  423 comp=  3 uniq=  3 novel=  0 pruned=   0 bt=350 cap= 5 | C4 pool=  3 got= 3 short=0 | 5.8s
[141] size=13 budget= 1767 C1 valid=19 novel=19 | C2 uniq=19 | C3 draws= 1767 comp= 14 uniq= 14 novel= 14 pruned=   0 bt=970 cap=17 | C4 pool=400 got=19 short=0 | 28.3s
[142] size=19 budget=  603 C1 valid=63 novel=20 | C2 uniq=25 | C3 draws=  603 comp= 12 uniq= 12 novel=  5 pruned=   0 bt=402 cap= 6 | C4 pool= 35 got=25 short=0 | 8.3s
[143] size=19 budget=  448 C1 valid=64 novel= 0 | C2 uniq= 1 | C3 draws=  448 comp=  1 uniq=  1 novel=  0 pruned=   0 bt=393 cap= 5 | C4 pool=  1 got= 1 short=0 | 6.2s
[144] size=19 budget=  832 C1 valid=63 novel=63 | C2 uniq= 3 | C3 draws=  832 comp=  3 uniq=  3 novel=  3 pruned=   0 bt=620 cap=10 | C4 pool=  3 got= 3 short=0 | 12.7s
[145] size=13 budget=  905 C1 valid=57 novel=48 | C2 uniq=11 | C3 draws=  905 comp=  8 uniq=  8 novel=  7 pruned=   0 bt=615 cap= 9 | C4 pool= 60 got=11 short=0 | 13.8s
[146] size=11 budget=  512 C1 valid=64 novel= 0 | C2 uniq= 1 | C3 draws=  512 comp=  1 uniq=  1 novel=  0 pruned=   0 bt=426 cap= 6 | C4 pool=  1 got= 1 short=0 | 7.6s
[147] size=17 budget=  738 C1 valid=64 novel=20 | C2 uniq=12 | C3 draws=  738 comp= 11 uniq= 11 novel=  7 pruned=   0 bt=459 cap= 5 | C4 pool= 58 got=12 short=0 | 11.0s
[148] size=15 budget=  704 C1 valid=64 novel=64 | C2 uniq= 1 | C3 draws=  704 comp=  1 uniq=  1 novel=  1 pruned=   0 bt=585 cap= 8 | C4 pool=  1 got= 1 short=0 | 10.5s
[149] size= 9 budget=  385 C1 valid=63 novel= 0 | C2 uniq= 1 | C3 draws=  385 comp=  1 uniq=  1 novel=  0 pruned=   0 bt=335 cap= 4 | C4 pool=  1 got= 1 short=0 | 5.3s
[150] size= 9 budget=  384 C1 valid=64 novel= 0 | C2 uniq= 1 | C3 draws=  384 comp=  1 uniq=  1 novel=  0 pruned=   0 bt=333 cap= 4 | C4 pool=  1 got= 1 short=0 | 5.3s
[151] size= 9 budget=  320 C1 valid=63 novel= 0 | C2 uniq= 1 | C3 draws=  320 comp=  1 uniq=  1 novel=  0 pruned=   0 bt=279 cap= 3 | C4 pool=  1 got= 1 short=0 | 4.2s
[152] size=15 budget= 1103 C1 valid=35 novel=33 | C2 uniq=20 | C3 draws= 1103 comp= 14 uniq= 14 novel= 11 pruned=   0 bt=750 cap=10 | C4 pool=400 got=20 short=0 | 16.1s
[153] size=13 budget=  448 C1 valid=64 novel= 0 | C2 uniq= 3 | C3 draws=  448 comp=  2 uniq=  2 novel=  0 pruned=   0 bt=380 cap= 5 | C4 pool=  3 got= 3 short=0 | 6.1s
[154] size=17 budget=  384 C1 valid=63 novel= 0 | C2 uniq= 1 | C3 draws=  384 comp=  1 uniq=  1 novel=  0 pruned=   0 bt=334 cap= 4 | C4 pool=  1 got= 1 short=0 | 5.3s
[155] size=11 budget=  892 C1 valid=63 novel= 0 | C2 uniq= 1 | C3 draws=  892 comp=  1 uniq=  1 novel=  0 pruned=   0 bt=701 cap=10 | C4 pool=  1 got= 1 short=0 | 13.7s
[156] size=17 budget= 1276 C1 valid= 2 novel= 2 | C2 uniq= 2 | C3 draws= 1276 comp=  1 uniq=  1 novel=  1 pruned=   0 bt=999 cap=16 | C4 pool=400 got= 2 short=0 | 20.3s
[157] size= 9 budget=  640 C1 valid=64 novel= 0 | C2 uniq= 1 | C3 draws=  640 comp=  1 uniq=  1 novel=  0 pruned=   0 bt=534 cap= 7 | C4 pool=  1 got= 1 short=0 | 9.3s
[158] size= 9 budget=  512 C1 valid=64 novel= 0 | C2 uniq= 1 | C3 draws=  512 comp=  1 uniq=  1 novel=  0 pruned=   0 bt=443 cap= 5 | C4 pool=  1 got= 1 short=0 | 7.4s
[159] size=19 budget=  739 C1 valid=34 novel= 1 | C2 uniq= 3 | C3 draws=  739 comp=  5 uniq=  5 novel=  3 pruned=   0 bt=546 cap= 8 | C4 pool=  8 got= 3 short=0 | 10.9s
[160] size=15 budget=  855 C1 valid=58 novel=33 | C2 uniq=36 | C3 draws=  855 comp= 12 uniq= 12 novel=  9 pruned=   0 bt=588 cap= 8 | C4 pool=400 got=36 short=0 | 11.9s
[161] size=13 budget=  520 C1 valid=56 novel=56 | C2 uniq= 1 | C3 draws=  520 comp=  1 uniq=  1 novel=  1 pruned=   0 bt=426 cap= 6 | C4 pool=  1 got= 1 short=0 | 7.6s
[162] size=19 budget=  629 C1 valid=63 novel=29 | C2 uniq= 9 | C3 draws=  629 comp=  7 uniq=  7 novel=  5 pruned=   0 bt=463 cap= 7 | C4 pool= 90 got= 9 short=0 | 8.9s
[163] size=11 budget=  447 C1 valid=63 novel= 0 | C2 uniq= 1 | C3 draws=  447 comp=  1 uniq=  1 novel=  0 pruned=   0 bt=391 cap= 5 | C4 pool=  1 got= 1 short=0 | 6.2s
[164] size=11 budget=  608 C1 valid=63 novel= 0 | C2 uniq= 2 | C3 draws=  608 comp=  2 uniq=  2 novel=  0 pruned=   0 bt=497 cap= 7 | C4 pool=  2 got= 2 short=0 | 8.9s
[165] size=19 budget=  320 C1 valid=64 novel= 0 | C2 uniq= 1 | C3 draws=  320 comp=  1 uniq=  1 novel=  0 pruned=   0 bt=274 cap= 4 | C4 pool=  1 got= 1 short=0 | 4.5s
[166] size=19 budget=  355 C1 valid=64 novel= 0 | C2 uniq= 2 | C3 draws=  355 comp=  2 uniq=  2 novel=  0 pruned=   0 bt=303 cap= 4 | C4 pool=  2 got= 2 short=0 | 4.9s
[167] size= 5 budget=  256 C1 valid=64 novel= 0 | C2 uniq= 2 | C3 draws=  256 comp=  4 uniq=  4 novel=  0 pruned=   0 bt=211 cap= 2 | C4 pool=  4 got= 2 short=0 | 3.4s
[168] size=17 budget=  865 C1 valid=44 novel=20 | C2 uniq=26 | C3 draws=  865 comp= 14 uniq= 14 novel= 10 pruned=   0 bt=594 cap= 8 | C4 pool=400 got=26 short=0 | 11.8s
[169] size=13 budget=  480 C1 valid=64 novel= 3 | C2 uniq= 6 | C3 draws=  480 comp=  5 uniq=  5 novel=  1 pruned=   0 bt=379 cap= 5 | C4 pool=  7 got= 6 short=0 | 6.8s
[170] size=13 budget=  385 C1 valid=63 novel= 0 | C2 uniq= 1 | C3 draws=  385 comp=  1 uniq=  1 novel=  0 pruned=   0 bt=334 cap= 4 | C4 pool=  1 got= 1 short=0 | 5.4s
[171] size= 7 budget=  256 C1 valid=64 novel= 0 | C2 uniq= 1 | C3 draws=  256 comp=  1 uniq=  1 novel=  0 pruned=   0 bt=231 cap= 2 | C4 pool=  1 got= 1 short=0 | 3.6s
[172] size=11 budget=  256 C1 valid=63 novel= 0 | C2 uniq= 1 | C3 draws=  256 comp=  1 uniq=  1 novel=  0 pruned=   0 bt=225 cap= 3 | C4 pool=  1 got= 1 short=0 | 3.6s
[173] size=13 budget=  320 C1 valid=64 novel= 0 | C2 uniq= 1 | C3 draws=  320 comp=  1 uniq=  1 novel=  0 pruned=   0 bt=279 cap= 3 | C4 pool=  1 got= 1 short=0 | 4.5s
[174] size=17 budget=  384 C1 valid=64 novel= 0 | C2 uniq= 1 | C3 draws=  384 comp=  1 uniq=  1 novel=  0 pruned=   0 bt=334 cap= 4 | C4 pool=  2 got= 1 short=0 | 5.3s
[175] size= 9 budget=  569 C1 valid=64 novel=16 | C2 uniq= 3 | C3 draws=  569 comp=  2 uniq=  2 novel=  1 pruned=   0 bt=481 cap= 6 | C4 pool=  3 got= 3 short=0 | 8.1s
[176] size=19 budget=  499 C1 valid=64 novel=19 | C2 uniq= 9 | C3 draws=  499 comp=  6 uniq=  6 novel=  1 pruned=   0 bt=388 cap= 5 | C4 pool=  9 got= 9 short=0 | 7.0s
[177] size=17 budget=  384 C1 valid=64 novel= 0 | C2 uniq= 1 | C3 draws=  384 comp=  1 uniq=  1 novel=  0 pruned=   0 bt=334 cap= 4 | C4 pool=  1 got= 1 short=0 | 5.3s
[178] size= 7 budget=  531 C1 valid=63 novel= 0 | C2 uniq= 5 | C3 draws=  531 comp=  2 uniq=  2 novel=  0 pruned=   0 bt=434 cap= 5 | C4 pool=  9 got= 5 short=0 | 8.1s
[179] size=19 budget= 1136 C1 valid=41 novel=36 | C2 uniq=36 | C3 draws= 1136 comp= 36 uniq= 36 novel= 35 pruned=   0 bt=378 cap= 4 | C4 pool=400 got=36 short=0 | 14.8s
[180] size=15 budget=  762 C1 valid=46 novel= 8 | C2 uniq= 7 | C3 draws=  762 comp=  2 uniq=  2 novel=  1 pruned=   0 bt=606 cap= 9 | C4 pool=165 got= 7 short=0 | 11.6s
[181] size=15 budget= 1045 C1 valid=18 novel=18 | C2 uniq= 9 | C3 draws= 1045 comp= 12 uniq= 12 novel= 12 pruned=   0 bt=710 cap= 6 | C4 pool=400 got= 9 short=0 | 15.9s
[182] size=13 budget= 1134 C1 valid=36 novel=36 | C2 uniq=20 | C3 draws= 1134 comp= 24 uniq= 24 novel= 24 pruned=   0 bt=561 cap= 7 | C4 pool=400 got=20 short=0 | 16.3s
[183] size=19 budget=  944 C1 valid=13 novel=13 | C2 uniq= 2 | C3 draws=  944 comp=  2 uniq=  2 novel=  2 pruned=   0 bt=789 cap=11 | C4 pool=  2 got= 2 short=0 | 14.0s
[184] size=17 budget=  640 C1 valid=64 novel=64 | C2 uniq= 2 | C3 draws=  640 comp=  2 uniq=  2 novel=  2 pruned=   0 bt=512 cap= 8 | C4 pool=  2 got= 2 short=0 | 9.5s
[185] size=15 budget=  320 C1 valid=64 novel= 0 | C2 uniq= 1 | C3 draws=  320 comp=  1 uniq=  1 novel=  0 pruned=   0 bt=282 cap= 3 | C4 pool=  1 got= 1 short=0 | 4.5s
[186] size=13 budget=  428 C1 valid=64 novel= 0 | C2 uniq= 3 | C3 draws=  428 comp=  3 uniq=  3 novel=  0 pruned=   0 bt=360 cap= 5 | C4 pool=  3 got= 3 short=0 | 5.9s
[187] size=13 budget=  384 C1 valid=64 novel= 0 | C2 uniq= 1 | C3 draws=  384 comp=  1 uniq=  1 novel=  0 pruned=   0 bt=333 cap= 4 | C4 pool=  1 got= 1 short=0 | 5.4s
[188] size=13 budget=  466 C1 valid=63 novel=11 | C2 uniq= 5 | C3 draws=  466 comp=  4 uniq=  4 novel=  1 pruned=   0 bt=376 cap= 5 | C4 pool=  5 got= 5 short=0 | 6.5s
[189] size=13 budget=  431 C1 valid=63 novel= 0 | C2 uniq= 3 | C3 draws=  431 comp=  3 uniq=  3 novel=  0 pruned=   0 bt=360 cap= 5 | C4 pool=  3 got= 3 short=0 | 5.9s
[190] size=19 budget=  453 C1 valid=64 novel= 5 | C2 uniq= 9 | C3 draws=  453 comp=  6 uniq=  6 novel=  2 pruned=   0 bt=345 cap= 5 | C4 pool= 12 got= 9 short=0 | 6.2s
[191] size=13 budget=  256 C1 valid=64 novel= 0 | C2 uniq= 1 | C3 draws=  256 comp=  1 uniq=  1 novel=  0 pruned=   0 bt=217 cap= 3 | C4 pool=  1 got= 1 short=0 | 3.5s
[192] size=17 budget=  256 C1 valid=64 novel= 0 | C2 uniq= 1 | C3 draws=  256 comp=  1 uniq=  1 novel=  0 pruned=   0 bt=218 cap= 3 | C4 pool=  1 got= 1 short=0 | 3.5s
[193] size=13 budget=  836 C1 valid=60 novel=26 | C2 uniq=15 | C3 draws=  836 comp= 11 uniq= 11 novel=  8 pruned=   0 bt=486 cap= 7 | C4 pool=400 got=15 short=0 | 12.9s
[194] size=11 budget=  717 C1 valid=56 novel=31 | C2 uniq=29 | C3 draws=  717 comp= 15 uniq= 15 novel= 11 pruned=   0 bt=452 cap= 6 | C4 pool=400 got=29 short=0 | 10.0s
[195] size=11 budget=  412 C1 valid=59 novel= 0 | C2 uniq= 1 | C3 draws=  412 comp=  1 uniq=  1 novel=  0 pruned=   0 bt=367 cap= 4 | C4 pool=  2 got= 1 short=0 | 5.8s
[196] size=15 budget= 1369 C1 valid=47 novel=43 | C2 uniq=36 | C3 draws= 1369 comp= 35 uniq= 35 novel= 34 pruned=   0 bt=427 cap= 7 | C4 pool=400 got=36 short=0 | 18.1s
[197] size=17 budget= 1381 C1 valid=25 novel=25 | C2 uniq=17 | C3 draws= 1381 comp= 22 uniq= 22 novel= 22 pruned=   0 bt=604 cap=11 | C4 pool=400 got=17 short=0 | 21.3s
[198] size=19 budget=  701 C1 valid=58 novel=27 | C2 uniq= 5 | C3 draws=  701 comp=  5 uniq=  5 novel=  4 pruned=   0 bt=539 cap= 8 | C4 pool= 15 got= 5 short=0 | 9.7s
[199] size=11 budget=  448 C1 valid=64 novel= 0 | C2 uniq= 1 | C3 draws=  448 comp=  1 uniq=  1 novel=  0 pruned=   0 bt=381 cap= 5 | C4 pool=  1 got= 1 short=0 | 6.2s
[200] size=19 budget=  448 C1 valid=64 novel=20 | C2 uniq= 3 | C3 draws=  448 comp=  3 uniq=  3 novel=  1 pruned=   0 bt=364 cap= 5 | C4 pool= 10 got= 3 short=0 | 6.4s
[201] size= 7 budget=  320 C1 valid=64 novel= 0 | C2 uniq= 1 | C3 draws=  320 comp=  1 uniq=  1 novel=  0 pruned=   0 bt=288 cap= 3 | C4 pool=  1 got= 1 short=0 | 4.4s
[202] size=13 budget=  448 C1 valid=64 novel= 0 | C2 uniq= 1 | C3 draws=  448 comp=  1 uniq=  1 novel=  0 pruned=   0 bt=387 cap= 5 | C4 pool=  1 got= 1 short=0 | 6.0s
[203] size=19 budget= 1160 C1 valid=16 novel=11 | C2 uniq= 9 | C3 draws= 1160 comp= 13 uniq= 13 novel= 12 pruned=   0 bt=738 cap=11 | C4 pool=400 got= 9 short=0 | 17.8s
[204] size=19 budget=  389 C1 valid=63 novel= 0 | C2 uniq= 1 | C3 draws=  389 comp=  1 uniq=  1 novel=  0 pruned=   0 bt=336 cap= 5 | C4 pool=  1 got= 1 short=0 | 5.4s
[205] size=19 budget= 1169 C1 valid=20 novel=19 | C2 uniq=13 | C3 draws= 1169 comp= 40 uniq= 40 novel= 39 pruned=   0 bt=350 cap= 3 | C4 pool=106 got=13 short=0 | 15.0s
[206] size=13 budget=  320 C1 valid=64 novel= 0 | C2 uniq= 1 | C3 draws=  320 comp=  1 uniq=  1 novel=  0 pruned=   0 bt=279 cap= 3 | C4 pool=  1 got= 1 short=0 | 4.5s
[207] size=13 budget=  384 C1 valid=64 novel= 0 | C2 uniq= 1 | C3 draws=  384 comp=  1 uniq=  1 novel=  0 pruned=   0 bt=333 cap= 4 | C4 pool=  1 got= 1 short=0 | 5.3s
[208] size=11 budget=  357 C1 valid=64 novel= 0 | C2 uniq= 8 | C3 draws=  357 comp=  2 uniq=  2 novel=  0 pruned=   0 bt=306 cap= 4 | C4 pool= 10 got= 8 short=0 | 4.7s
[209] size= 9 budget=  905 C1 valid=63 novel=22 | C2 uniq=20 | C3 draws=  905 comp=  8 uniq=  8 novel=  5 pruned=   0 bt=664 cap= 9 | C4 pool=400 got=20 short=0 | 13.4s
[210] size=17 budget=  641 C1 valid=58 novel=58 | C2 uniq= 1 | C3 draws=  641 comp=  1 uniq=  1 novel=  1 pruned=   0 bt=539 cap= 8 | C4 pool=  1 got= 1 short=0 | 9.5s
[211] size=15 budget=  405 C1 valid=63 novel= 0 | C2 uniq= 3 | C3 draws=  405 comp=  3 uniq=  3 novel=  0 pruned=   0 bt=344 cap= 4 | C4 pool=  4 got= 3 short=0 | 5.6s
[212] size=19 budget=  384 C1 valid=63 novel= 0 | C2 uniq= 1 | C3 draws=  384 comp=  1 uniq=  1 novel=  0 pruned=   0 bt=335 cap= 5 | C4 pool=  1 got= 1 short=0 | 5.4s
[213] size=17 budget=  473 C1 valid=64 novel= 4 | C2 uniq=11 | C3 draws=  473 comp= 12 uniq= 12 novel=  3 pruned=   0 bt=267 cap= 1 | C4 pool=400 got=11 short=0 | 7.8s
[214] size=15 budget=  448 C1 valid=64 novel= 0 | C2 uniq= 1 | C3 draws=  448 comp=  1 uniq=  1 novel=  0 pruned=   0 bt=392 cap= 5 | C4 pool=  1 got= 1 short=0 | 6.2s
[215] size=15 budget=  748 C1 valid=64 novel=64 | C2 uniq= 3 | C3 draws=  748 comp=  4 uniq=  4 novel=  4 pruned=   0 bt=619 cap= 8 | C4 pool=  3 got= 3 short=0 | 10.9s
[216] size=17 budget=  818 C1 valid=49 novel=23 | C2 uniq= 7 | C3 draws=  818 comp=  8 uniq=  8 novel=  4 pruned=   0 bt=604 cap= 8 | C4 pool=  9 got= 7 short=0 | 11.8s
[217] size=19 budget=  480 C1 valid=64 novel= 0 | C2 uniq= 2 | C3 draws=  480 comp=  2 uniq=  2 novel=  0 pruned=   0 bt=399 cap= 6 | C4 pool=  3 got= 2 short=0 | 6.7s
[218] size=11 budget=  547 C1 valid=64 novel=64 | C2 uniq= 2 | C3 draws=  547 comp=  2 uniq=  2 novel=  2 pruned=   0 bt=448 cap= 6 | C4 pool=  2 got= 2 short=0 | 8.0s
[219] size=13 budget=  556 C1 valid=48 novel= 0 | C2 uniq= 1 | C3 draws=  556 comp=  1 uniq=  1 novel=  0 pruned=   0 bt=485 cap= 6 | C4 pool=  1 got= 1 short=0 | 7.9s
[220] size=11 budget=  448 C1 valid=64 novel= 0 | C2 uniq= 1 | C3 draws=  448 comp=  1 uniq=  1 novel=  0 pruned=   0 bt=393 cap= 5 | C4 pool=  1 got= 1 short=0 | 6.1s
[221] size=11 budget=  384 C1 valid=64 novel= 0 | C2 uniq= 1 | C3 draws=  384 comp=  1 uniq=  1 novel=  0 pruned=   0 bt=337 cap= 4 | C4 pool=  1 got= 1 short=0 | 5.3s
[222] size=13 budget=  418 C1 valid=64 novel= 0 | C2 uniq= 3 | C3 draws=  418 comp=  2 uniq=  2 novel=  0 pruned=   0 bt=360 cap= 4 | C4 pool=  3 got= 3 short=0 | 5.8s
[223] size=19 budget=  518 C1 valid=63 novel=10 | C2 uniq=11 | C3 draws=  518 comp= 18 uniq= 18 novel= 12 pruned=   0 bt=192 cap= 1 | C4 pool=400 got=11 short=0 | 6.9s
[224] size=17 budget=  876 C1 valid=43 novel=30 | C2 uniq=20 | C3 draws=  876 comp= 30 uniq= 30 novel= 28 pruned=   0 bt=322 cap= 1 | C4 pool=400 got=20 short=0 | 11.7s
[225] size=19 budget=  647 C1 valid=60 novel=35 | C2 uniq= 4 | C3 draws=  647 comp=  9 uniq=  9 novel=  8 pruned=   0 bt=323 cap= 5 | C4 pool= 20 got= 4 short=0 | 9.7s
[226] size=13 budget=  448 C1 valid=64 novel= 0 | C2 uniq= 1 | C3 draws=  448 comp=  1 uniq=  1 novel=  0 pruned=   0 bt=387 cap= 5 | C4 pool=  1 got= 1 short=0 | 6.2s
[227] size=15 budget=  512 C1 valid=64 novel=24 | C2 uniq= 2 | C3 draws=  512 comp=  2 uniq=  2 novel=  1 pruned=   0 bt=416 cap= 6 | C4 pool=  2 got= 2 short=0 | 7.5s
[228] size=19 budget=  603 C1 valid=64 novel=64 | C2 uniq= 2 | C3 draws=  603 comp=  2 uniq=  2 novel=  2 pruned=   0 bt=483 cap= 7 | C4 pool=  2 got= 2 short=0 | 8.9s
[229] size=19 budget=  487 C1 valid=64 novel=16 | C2 uniq= 4 | C3 draws=  487 comp=  4 uniq=  4 novel=  2 pruned=   0 bt=402 cap= 6 | C4 pool=  7 got= 4 short=0 | 6.7s
[230] size=13 budget=  608 C1 valid=64 novel= 7 | C2 uniq=13 | C3 draws=  608 comp=  5 uniq=  5 novel=  0 pruned=   0 bt=489 cap= 6 | C4 pool= 14 got=13 short=0 | 8.5s
[231] size=17 budget=  446 C1 valid=62 novel= 0 | C2 uniq= 1 | C3 draws=  446 comp=  1 uniq=  1 novel=  0 pruned=   0 bt=385 cap= 5 | C4 pool=  1 got= 1 short=0 | 6.2s
[232] size=13 budget=  485 C1 valid=64 novel= 4 | C2 uniq=12 | C3 draws=  485 comp= 14 uniq= 14 novel=  7 pruned=   0 bt=214 cap= 1 | C4 pool= 65 got=12 short=0 | 6.6s
[233] size=13 budget=  710 C1 valid=62 novel=62 | C2 uniq=16 | C3 draws=  710 comp= 12 uniq= 12 novel= 12 pruned=   0 bt=518 cap= 4 | C4 pool= 18 got=16 short=0 | 10.0s
[234] size=17 budget=  384 C1 valid=64 novel= 0 | C2 uniq= 1 | C3 draws=  384 comp=  1 uniq=  1 novel=  0 pruned=   0 bt=334 cap= 4 | C4 pool=  1 got= 1 short=0 | 5.4s
[235] size=19 budget=  810 C1 valid=28 novel= 0 | C2 uniq= 3 | C3 draws=  810 comp=  1 uniq=  1 novel=  0 pruned=   0 bt=699 cap=10 | C4 pool=  3 got= 3 short=0 | 12.1s
[236] size=11 budget=  435 C1 valid=64 novel=10 | C2 uniq= 9 | C3 draws=  435 comp=  5 uniq=  5 novel=  1 pruned=   0 bt=360 cap= 4 | C4 pool= 13 got= 9 short=0 | 6.1s
[237] size=13 budget=  696 C1 valid=60 novel=19 | C2 uniq=29 | C3 draws=  696 comp= 39 uniq= 39 novel= 29 pruned=   0 bt= 30 cap= 0 | C4 pool=400 got=29 short=0 | 7.7s
[238] size=11 budget=  384 C1 valid=64 novel= 0 | C2 uniq= 1 | C3 draws=  384 comp=  1 uniq=  1 novel=  0 pruned=   0 bt=337 cap= 4 | C4 pool=  1 got= 1 short=0 | 5.4s
[239] size=19 budget=  623 C1 valid=60 novel=15 | C2 uniq= 6 | C3 draws=  623 comp=  5 uniq=  5 novel=  1 pruned=   0 bt=505 cap= 7 | C4 pool= 10 got= 6 short=0 | 8.6s
[240] size=17 budget=  512 C1 valid=64 novel=64 | C2 uniq= 1 | C3 draws=  512 comp=  1 uniq=  1 novel=  1 pruned=   0 bt=441 cap= 6 | C4 pool=  1 got= 1 short=0 | 7.1s
[241] size=19 budget=  556 C1 valid=63 novel=19 | C2 uniq= 2 | C3 draws=  556 comp=  2 uniq=  2 novel=  1 pruned=   0 bt=451 cap= 7 | C4 pool=  2 got= 2 short=0 | 7.9s
[242] size=11 budget=  356 C1 valid=64 novel= 0 | C2 uniq= 5 | C3 draws=  356 comp=  4 uniq=  4 novel=  0 pruned=   0 bt=297 cap= 3 | C4 pool=  5 got= 5 short=0 | 4.9s
[243] size= 9 budget=  320 C1 valid=64 novel= 0 | C2 uniq= 1 | C3 draws=  320 comp=  1 uniq=  1 novel=  0 pruned=   0 bt=279 cap= 3 | C4 pool=  1 got= 1 short=0 | 4.5s
[244] size=13 budget=  555 C1 valid=52 novel= 0 | C2 uniq= 1 | C3 draws=  555 comp=  2 uniq=  2 novel=  0 pruned=   0 bt=448 cap= 6 | C4 pool=  2 got= 1 short=0 | 8.3s
[245] size=11 budget=  256 C1 valid=64 novel= 0 | C2 uniq= 1 | C3 draws=  256 comp=  1 uniq=  1 novel=  0 pruned=   0 bt=225 cap= 3 | C4 pool=  1 got= 1 short=0 | 3.5s
[246] size= 7 budget=  320 C1 valid=64 novel= 0 | C2 uniq= 1 | C3 draws=  320 comp=  1 uniq=  1 novel=  0 pruned=   0 bt=288 cap= 3 | C4 pool=  2 got= 1 short=0 | 4.4s
[247] size=11 budget=  576 C1 valid=64 novel= 0 | C2 uniq= 1 | C3 draws=  576 comp=  1 uniq=  1 novel=  0 pruned=   0 bt=484 cap= 6 | C4 pool=  1 got= 1 short=0 | 8.3s
[248] size=17 budget=  638 C1 valid= 3 novel= 3 | C2 uniq= 1 | C3 draws=  638 comp=  4 uniq=  4 novel=  4 pruned=   0 bt=493 cap= 6 | C4 pool=  2 got= 1 short=0 | 8.8s
[249] size=17 budget= 1846 C1 valid= 2 novel= 2 | C2 uniq= 2 | C3 draws= 1846 comp= 15 uniq= 15 novel= 15 pruned=   0 bt=940 cap=16 | C4 pool=400 got= 2 short=0 | 29.8s
[250] size=11 budget=  531 C1 valid=64 novel=20 | C2 uniq= 5 | C3 draws=  531 comp=  4 uniq=  4 novel=  2 pruned=   0 bt=424 cap= 5 | C4 pool=  5 got= 5 short=0 | 7.7s
[251] size=19 budget=  384 C1 valid=64 novel= 0 | C2 uniq= 1 | C3 draws=  384 comp=  1 uniq=  1 novel=  0 pruned=   0 bt=335 cap= 5 | C4 pool=  1 got= 1 short=0 | 5.3s
[252] size= 9 budget=  320 C1 valid=64 novel= 0 | C2 uniq= 1 | C3 draws=  320 comp=  1 uniq=  1 novel=  0 pruned=   0 bt=279 cap= 3 | C4 pool=  1 got= 1 short=0 | 4.4s
[253] size=19 budget= 1381 C1 valid= 0 novel= 0 | C2 uniq= 0 | C3 draws= 1381 comp=  3 uniq=  3 novel=  3 pruned=   0 bt=893 cap=17 | C4 pool=  2 got= 0 short=0 | 22.1s
[254] size=15 budget=  330 C1 valid=63 novel= 0 | C2 uniq= 1 | C3 draws=  330 comp=  1 uniq=  1 novel=  0 pruned=   0 bt=281 cap= 4 | C4 pool=  1 got= 1 short=0 | 4.8s
[255] size= 7 budget=  256 C1 valid=64 novel= 0 | C2 uniq= 1 | C3 draws=  256 comp=  1 uniq=  1 novel=  0 pruned=   0 bt=231 cap= 2 | C4 pool=  1 got= 1 short=0 | 3.6s
[256] size= 9 budget=  360 C1 valid=64 novel= 0 | C2 uniq= 3 | C3 draws=  360 comp=  3 uniq=  3 novel=  0 pruned=   0 bt=304 cap= 4 | C4 pool=  3 got= 3 short=0 | 4.9s
[257] size=15 budget=  448 C1 valid=64 novel= 0 | C2 uniq= 2 | C3 draws=  448 comp=  2 uniq=  2 novel=  0 pruned=   0 bt=386 cap= 5 | C4 pool=  2 got= 2 short=0 | 6.1s
[258] size=11 budget=  576 C1 valid=64 novel= 0 | C2 uniq= 1 | C3 draws=  576 comp=  2 uniq=  2 novel=  1 pruned=   0 bt=471 cap= 6 | C4 pool=  2 got= 1 short=0 | 8.5s
[259] size=11 budget=  599 C1 valid=64 novel=14 | C2 uniq=18 | C3 draws=  599 comp=  7 uniq=  7 novel=  4 pruned=   0 bt=434 cap= 5 | C4 pool=254 got=18 short=0 | 8.4s
[260] size=13 budget=  847 C1 valid=57 novel=57 | C2 uniq= 4 | C3 draws=  847 comp=  5 uniq=  5 novel=  5 pruned=   0 bt=591 cap= 9 | C4 pool=  4 got= 4 short=0 | 12.7s
[261] size=15 budget= 1656 C1 valid= 6 novel= 6 | C2 uniq= 4 | C3 draws= 1656 comp=  4 uniq=  4 novel=  4 pruned=   0 bt=1149 cap=19 | C4 pool= 21 got= 4 short=0 | 26.6s
[262] size=15 budget=  569 C1 valid=63 novel=31 | C2 uniq= 2 | C3 draws=  569 comp=  2 uniq=  2 novel=  1 pruned=   0 bt=486 cap= 6 | C4 pool=  2 got= 2 short=0 | 8.1s
[263] size=11 budget=  576 C1 valid=64 novel= 0 | C2 uniq= 1 | C3 draws=  576 comp=  1 uniq=  1 novel=  0 pruned=   0 bt=490 cap= 6 | C4 pool=  1 got= 1 short=0 | 8.3s
[264] size=19 budget=  459 C1 valid=63 novel= 0 | C2 uniq= 1 | C3 draws=  459 comp=  1 uniq=  1 novel=  0 pruned=   0 bt=402 cap= 6 | C4 pool=  1 got= 1 short=0 | 6.5s
[265] size=17 budget=  384 C1 valid=64 novel= 0 | C2 uniq= 1 | C3 draws=  384 comp=  1 uniq=  1 novel=  0 pruned=   0 bt=334 cap= 4 | C4 pool=  1 got= 1 short=0 | 5.3s
[266] size=11 budget=  320 C1 valid=64 novel= 0 | C2 uniq= 1 | C3 draws=  320 comp=  1 uniq=  1 novel=  0 pruned=   0 bt=283 cap= 3 | C4 pool=  2 got= 1 short=0 | 4.5s
[267] size=15 budget=  362 C1 valid=64 novel= 0 | C2 uniq= 3 | C3 draws=  362 comp=  3 uniq=  3 novel=  0 pruned=   0 bt=304 cap= 4 | C4 pool=  3 got= 3 short=0 | 5.0s
[268] size=15 budget=  448 C1 valid=64 novel= 0 | C2 uniq= 1 | C3 draws=  448 comp=  1 uniq=  1 novel=  0 pruned=   0 bt=392 cap= 5 | C4 pool=  1 got= 1 short=0 | 6.2s
[269] size=19 budget= 1080 C1 valid=49 novel= 7 | C2 uniq=18 | C3 draws= 1080 comp= 10 uniq= 10 novel=  3 pruned=   0 bt=749 cap=10 | C4 pool=400 got=18 short=0 | 17.5s
[270] size=11 budget=  429 C1 valid=64 novel= 0 | C2 uniq= 3 | C3 draws=  429 comp=  3 uniq=  3 novel=  0 pruned=   0 bt=368 cap= 4 | C4 pool=  3 got= 3 short=0 | 6.0s
[271] size=19 budget=  448 C1 valid=63 novel= 0 | C2 uniq= 1 | C3 draws=  448 comp=  1 uniq=  1 novel=  0 pruned=   0 bt=393 cap= 5 | C4 pool=  1 got= 1 short=0 | 6.2s
[272] size=19 budget= 1572 C1 valid=57 novel=57 | C2 uniq=53 | C3 draws= 1572 comp= 54 uniq= 54 novel= 53 pruned=   0 bt=241 cap= 3 | C4 pool=400 got=53 short=0 | 19.3s
[273] size=17 budget= 1706 C1 valid=45 novel=43 | C2 uniq=37 | C3 draws= 1706 comp= 41 uniq= 41 novel= 40 pruned=   0 bt=454 cap= 7 | C4 pool=400 got=37 short=0 | 22.8s
[274] size=13 budget=  448 C1 valid=64 novel= 0 | C2 uniq= 1 | C3 draws=  448 comp=  1 uniq=  1 novel=  0 pruned=   0 bt=387 cap= 5 | C4 pool=  1 got= 1 short=0 | 6.2s
[275] size=13 budget=  384 C1 valid=64 novel= 0 | C2 uniq= 1 | C3 draws=  384 comp=  1 uniq=  1 novel=  0 pruned=   0 bt=333 cap= 4 | C4 pool=  1 got= 1 short=0 | 5.3s
[276] size=11 budget=  448 C1 valid=64 novel= 0 | C2 uniq= 1 | C3 draws=  448 comp=  1 uniq=  1 novel=  0 pruned=   0 bt=393 cap= 5 | C4 pool=  1 got= 1 short=0 | 6.2s
[277] size= 9 budget=  456 C1 valid=63 novel= 9 | C2 uniq=14 | C3 draws=  456 comp=  8 uniq=  8 novel=  4 pruned=   0 bt=303 cap= 4 | C4 pool=194 got=14 short=0 | 6.4s
[278] size=17 budget=  448 C1 valid=64 novel= 0 | C2 uniq= 1 | C3 draws=  448 comp=  1 uniq=  1 novel=  0 pruned=   0 bt=387 cap= 5 | C4 pool=  1 got= 1 short=0 | 6.2s
[279] size=13 budget=  640 C1 valid=64 novel= 0 | C2 uniq= 1 | C3 draws=  640 comp=  1 uniq=  1 novel=  0 pruned=   0 bt=534 cap= 7 | C4 pool=  1 got= 1 short=0 | 9.1s
[280] size=13 budget= 1337 C1 valid=45 novel=45 | C2 uniq=43 | C3 draws= 1337 comp= 26 uniq= 26 novel= 26 pruned=   0 bt=642 cap= 9 | C4 pool=400 got=43 short=0 | 18.5s
[281] size=15 budget= 1294 C1 valid=16 novel=16 | C2 uniq=16 | C3 draws= 1294 comp= 39 uniq= 39 novel= 39 pruned=   0 bt=362 cap= 0 | C4 pool=400 got=16 short=0 | 17.0s
[282] size=19 budget=  364 C1 valid=50 novel= 0 | C2 uniq= 3 | C3 draws=  364 comp=  3 uniq=  3 novel=  0 pruned=   0 bt=306 cap= 4 | C4 pool=  3 got= 3 short=0 | 5.0s
[283] size=17 budget=  712 C1 valid=64 novel=20 | C2 uniq=23 | C3 draws=  712 comp= 22 uniq= 22 novel= 18 pruned=   0 bt=260 cap= 2 | C4 pool=400 got=23 short=0 | 9.7s
[284] size=13 budget=  320 C1 valid=64 novel= 0 | C2 uniq= 1 | C3 draws=  320 comp=  1 uniq=  1 novel=  0 pruned=   0 bt=279 cap= 3 | C4 pool=  1 got= 1 short=0 | 4.5s
[285] size=15 budget=  947 C1 valid=24 novel=12 | C2 uniq= 5 | C3 draws=  947 comp= 10 uniq= 10 novel=  8 pruned=   0 bt=646 cap= 9 | C4 pool= 21 got= 5 short=0 | 14.2s
[286] size= 9 budget=  421 C1 valid=64 novel= 0 | C2 uniq= 3 | C3 draws=  421 comp=  3 uniq=  3 novel=  0 pruned=   0 bt=358 cap= 4 | C4 pool=  3 got= 3 short=0 | 5.8s
[287] size=11 budget=  704 C1 valid=64 novel= 0 | C2 uniq= 4 | C3 draws=  704 comp=  3 uniq=  3 novel=  0 pruned=   0 bt=568 cap= 8 | C4 pool=  4 got= 4 short=0 | 10.3s
[288] size=19 budget=  384 C1 valid=64 novel= 0 | C2 uniq= 1 | C3 draws=  384 comp=  1 uniq=  1 novel=  0 pruned=   0 bt=335 cap= 5 | C4 pool=  1 got= 1 short=0 | 5.4s
[289] size=17 budget= 1103 C1 valid=59 novel=59 | C2 uniq=19 | C3 draws= 1103 comp=  7 uniq=  7 novel=  7 pruned=   0 bt=821 cap=12 | C4 pool=400 got=19 short=0 | 17.4s
[290] size=11 budget=  443 C1 valid=62 novel= 0 | C2 uniq= 1 | C3 draws=  443 comp=  1 uniq=  1 novel=  0 pruned=   0 bt=389 cap= 5 | C4 pool=  1 got= 1 short=0 | 6.2s
[291] size=17 budget=  663 C1 valid=60 novel=36 | C2 uniq=22 | C3 draws=  663 comp= 20 uniq= 20 novel= 17 pruned=   0 bt=368 cap= 4 | C4 pool=400 got=22 short=0 | 8.6s
[292] size=17 budget=  512 C1 valid=64 novel= 0 | C2 uniq= 1 | C3 draws=  512 comp=  1 uniq=  1 novel=  0 pruned=   0 bt=441 cap= 6 | C4 pool=  1 got= 1 short=0 | 7.1s
[293] size=11 budget=  384 C1 valid=64 novel= 0 | C2 uniq= 1 | C3 draws=  384 comp=  1 uniq=  1 novel=  0 pruned=   0 bt=337 cap= 4 | C4 pool=  1 got= 1 short=0 | 5.3s
[294] size=17 budget=  463 C1 valid=63 novel= 0 | C2 uniq= 2 | C3 draws=  463 comp=  2 uniq=  2 novel=  0 pruned=   0 bt=395 cap= 5 | C4 pool=  2 got= 2 short=0 | 6.4s
[295] size=11 budget=  384 C1 valid=64 novel= 0 | C2 uniq= 1 | C3 draws=  384 comp=  1 uniq=  1 novel=  0 pruned=   0 bt=337 cap= 4 | C4 pool=  1 got= 1 short=0 | 5.3s
[296] size=15 budget=  320 C1 valid=64 novel= 0 | C2 uniq= 1 | C3 draws=  320 comp=  1 uniq=  1 novel=  0 pruned=   0 bt=282 cap= 3 | C4 pool=  1 got= 1 short=0 | 4.5s
[297] size=17 budget=  470 C1 valid=64 novel=20 | C2 uniq= 3 | C3 draws=  470 comp=  4 uniq=  4 novel=  2 pruned=   0 bt=384 cap= 5 | C4 pool=  4 got= 3 short=0 | 6.3s
[298] size=17 budget=  381 C1 valid=64 novel= 8 | C2 uniq= 9 | C3 draws=  381 comp=  3 uniq=  3 novel=  0 pruned=   0 bt=321 cap= 4 | C4 pool= 20 got= 9 short=0 | 5.3s
[299] size=11 budget=  384 C1 valid=64 novel= 0 | C2 uniq= 1 | C3 draws=  384 comp=  1 uniq=  1 novel=  0 pruned=   0 bt=337 cap= 4 | C4 pool=  1 got= 1 short=0 | 5.3s
[300] size=17 budget=  468 C1 valid=54 novel=12 | C2 uniq= 9 | C3 draws=  468 comp=  1 uniq=  1 novel=  0 pruned=   0 bt=402 cap= 6 | C4 pool= 30 got= 9 short=0 | 6.8s
[301] size=11 budget=  256 C1 valid=64 novel= 0 | C2 uniq= 1 | C3 draws=  256 comp=  1 uniq=  1 novel=  0 pruned=   0 bt=225 cap= 3 | C4 pool=  1 got= 1 short=0 | 3.5s
[302] size=13 budget=  448 C1 valid=64 novel= 0 | C2 uniq= 1 | C3 draws=  448 comp=  1 uniq=  1 novel=  0 pruned=   0 bt=387 cap= 5 | C4 pool=  1 got= 1 short=0 | 6.2s
[303] size=11 budget=  395 C1 valid=63 novel=15 | C2 uniq= 5 | C3 draws=  395 comp=  4 uniq=  4 novel=  1 pruned=   0 bt=325 cap= 4 | C4 pool=  6 got= 5 short=0 | 5.4s
[304] size= 7 budget=  256 C1 valid=64 novel= 0 | C2 uniq= 1 | C3 draws=  256 comp=  1 uniq=  1 novel=  0 pruned=   0 bt=231 cap= 2 | C4 pool=  1 got= 1 short=0 | 3.5s
[305] size=13 budget=  448 C1 valid=64 novel= 0 | C2 uniq= 1 | C3 draws=  448 comp=  1 uniq=  1 novel=  0 pruned=   0 bt=387 cap= 5 | C4 pool=  2 got= 1 short=0 | 6.2s
[306] size=15 budget=  610 C1 valid=63 novel=23 | C2 uniq=25 | C3 draws=  610 comp= 11 uniq= 11 novel=  7 pruned=   0 bt=410 cap= 6 | C4 pool=187 got=25 short=0 | 8.5s
[307] size= 9 budget=  600 C1 valid=63 novel= 0 | C2 uniq= 5 | C3 draws=  600 comp=  4 uniq=  4 novel=  0 pruned=   0 bt=461 cap= 6 | C4 pool=  9 got= 5 short=0 | 8.7s
[308] size=11 budget=  320 C1 valid=64 novel= 0 | C2 uniq= 1 | C3 draws=  320 comp=  1 uniq=  1 novel=  0 pruned=   0 bt=283 cap= 3 | C4 pool=  1 got= 1 short=0 | 4.5s
[309] size=13 budget=  336 C1 valid=64 novel= 0 | C2 uniq= 4 | C3 draws=  336 comp=  3 uniq=  3 novel=  0 pruned=   0 bt=284 cap= 3 | C4 pool=  6 got= 4 short=0 | 4.6s
[310] size=15 budget=  384 C1 valid=64 novel= 0 | C2 uniq= 2 | C3 draws=  384 comp=  2 uniq=  2 novel=  0 pruned=   0 bt=327 cap= 4 | C4 pool=  2 got= 2 short=0 | 5.3s
[311] size=13 budget= 1503 C1 valid=16 novel=16 | C2 uniq=16 | C3 draws= 1503 comp= 15 uniq= 15 novel= 15 pruned=   0 bt=867 cap=12 | C4 pool=400 got=16 short=0 | 22.6s
[312] size= 9 budget=  317 C1 valid=63 novel= 0 | C2 uniq= 2 | C3 draws=  317 comp=  2 uniq=  2 novel=  0 pruned=   0 bt=271 cap= 3 | C4 pool=  2 got= 2 short=0 | 4.4s
[313] size=19 budget=  751 C1 valid=63 novel=19 | C2 uniq=13 | C3 draws=  751 comp= 12 uniq= 12 novel= 10 pruned=   0 bt=485 cap= 6 | C4 pool=242 got=13 short=0 | 10.4s
[314] size= 9 budget=  576 C1 valid=64 novel=20 | C2 uniq= 2 | C3 draws=  576 comp=  2 uniq=  2 novel=  1 pruned=   0 bt=481 cap= 6 | C4 pool=  2 got= 2 short=0 | 8.2s
[315] size=11 budget=  544 C1 valid=64 novel=17 | C2 uniq= 7 | C3 draws=  544 comp=  9 uniq=  9 novel=  5 pruned=   0 bt=396 cap= 5 | C4 pool=  6 got= 6 short=1 | 7.3s
[316] size=11 budget=  391 C1 valid=64 novel= 0 | C2 uniq= 3 | C3 draws=  391 comp=  3 uniq=  3 novel=  0 pruned=   0 bt=332 cap= 4 | C4 pool=  3 got= 3 short=0 | 5.4s
[317] size=13 budget=  384 C1 valid=64 novel= 0 | C2 uniq= 2 | C3 draws=  384 comp=  2 uniq=  2 novel=  0 pruned=   0 bt=327 cap= 4 | C4 pool=  2 got= 2 short=0 | 5.3s
[318] size= 9 budget=  411 C1 valid=64 novel= 5 | C2 uniq= 3 | C3 draws=  411 comp=  3 uniq=  3 novel=  1 pruned=   0 bt=334 cap= 4 | C4 pool=  3 got= 3 short=0 | 5.7s
[319] size=15 budget=  808 C1 valid=64 novel=63 | C2 uniq=15 | C3 draws=  808 comp= 38 uniq= 38 novel= 37 pruned=   0 bt=178 cap= 0 | C4 pool=400 got=15 short=0 | 9.4s
[320] size=13 budget=  384 C1 valid=64 novel= 0 | C2 uniq= 1 | C3 draws=  384 comp=  2 uniq=  2 novel=  0 pruned=   0 bt=326 cap= 4 | C4 pool=  2 got= 1 short=0 | 5.3s
[321] size=11 budget=  640 C1 valid=64 novel=64 | C2 uniq= 1 | C3 draws=  640 comp=  1 uniq=  1 novel=  1 pruned=   0 bt=533 cap= 7 | C4 pool=  1 got= 1 short=0 | 9.5s
[322] size=17 budget=  630 C1 valid=58 novel=27 | C2 uniq=17 | C3 draws=  630 comp= 32 uniq= 32 novel= 28 pruned=   0 bt=139 cap= 0 | C4 pool= 51 got=17 short=0 | 7.4s
[323] size=13 budget=  432 C1 valid=41 novel= 0 | C2 uniq= 1 | C3 draws=  432 comp=  1 uniq=  1 novel=  0 pruned=   0 bt=366 cap= 5 | C4 pool=  1 got= 1 short=0 | 6.2s
[324] size=11 budget=  732 C1 valid=61 novel=28 | C2 uniq=15 | C3 draws=  732 comp= 10 uniq= 10 novel=  7 pruned=   0 bt=499 cap= 7 | C4 pool=192 got=15 short=0 | 10.3s
[325] size= 9 budget=  354 C1 valid=64 novel= 0 | C2 uniq= 2 | C3 draws=  354 comp=  2 uniq=  2 novel=  0 pruned=   0 bt=304 cap= 4 | C4 pool=  2 got= 2 short=0 | 4.9s
[326] size= 9 budget=  640 C1 valid=64 novel=27 | C2 uniq= 4 | C3 draws=  640 comp=  3 uniq=  3 novel=  1 pruned=   0 bt=514 cap= 7 | C4 pool=  4 got= 4 short=0 | 9.0s
[327] size=15 budget=  847 C1 valid=12 novel= 0 | C2 uniq= 1 | C3 draws=  847 comp=  1 uniq=  1 novel=  0 pruned=   0 bt=731 cap=10 | C4 pool=  1 got= 1 short=0 | 12.3s
[328] size= 9 budget=  572 C1 valid=64 novel= 0 | C2 uniq= 5 | C3 draws=  572 comp=  3 uniq=  3 novel=  0 pruned=   0 bt=462 cap= 6 | C4 pool=  9 got= 5 short=0 | 8.2s
[329] size=11 budget=  256 C1 valid=64 novel= 0 | C2 uniq= 1 | C3 draws=  256 comp=  1 uniq=  1 novel=  0 pruned=   0 bt=225 cap= 3 | C4 pool=  1 got= 1 short=0 | 3.6s
[330] size= 9 budget=  320 C1 valid=64 novel= 0 | C2 uniq= 1 | C3 draws=  320 comp=  1 uniq=  1 novel=  0 pruned=   0 bt=279 cap= 3 | C4 pool=  1 got= 1 short=0 | 4.4s
[331] size=19 budget= 1097 C1 valid=41 novel=21 | C2 uniq=19 | C3 draws= 1097 comp= 26 uniq= 26 novel= 21 pruned=   0 bt=494 cap= 6 | C4 pool=400 got=19 short=0 | 15.3s
[332] size=17 budget= 1108 C1 valid=57 novel=36 | C2 uniq=36 | C3 draws= 1108 comp= 32 uniq= 32 novel= 22 pruned=   0 bt=358 cap= 5 | C4 pool=400 got=36 short=0 | 15.6s
[333] size=13 budget=  433 C1 valid=64 novel= 9 | C2 uniq= 5 | C3 draws=  433 comp=  5 uniq=  5 novel=  1 pruned=   0 bt=347 cap= 4 | C4 pool=  5 got= 5 short=0 | 6.1s
[334] size= 9 budget=  512 C1 valid=64 novel= 0 | C2 uniq= 4 | C3 draws=  512 comp=  3 uniq=  3 novel=  0 pruned=   0 bt=429 cap= 5 | C4 pool=  4 got= 4 short=0 | 7.4s
[335] size=17 budget=  512 C1 valid=64 novel= 0 | C2 uniq= 1 | C3 draws=  512 comp=  1 uniq=  1 novel=  0 pruned=   0 bt=433 cap= 6 | C4 pool=  1 got= 1 short=0 | 7.4s
[336] size=15 budget=  718 C1 valid=64 novel=57 | C2 uniq=13 | C3 draws=  718 comp= 12 uniq= 12 novel= 10 pruned=   0 bt=504 cap= 6 | C4 pool= 14 got=13 short=0 | 10.0s
[337] size=19 budget= 1063 C1 valid=50 novel=41 | C2 uniq=27 | C3 draws= 1063 comp= 21 uniq= 21 novel= 20 pruned=   0 bt=558 cap= 9 | C4 pool=400 got=27 short=0 | 14.6s
[338] size=11 budget=  571 C1 valid=55 novel=20 | C2 uniq= 2 | C3 draws=  571 comp=  2 uniq=  2 novel=  1 pruned=   0 bt=451 cap= 6 | C4 pool=  4 got= 2 short=0 | 8.5s
[339] size=17 budget=  879 C1 valid=58 novel=31 | C2 uniq= 7 | C3 draws=  879 comp=  5 uniq=  5 novel=  4 pruned=   0 bt=657 cap= 9 | C4 pool= 10 got= 7 short=0 | 13.3s
[340] size=13 budget=  320 C1 valid=64 novel= 0 | C2 uniq= 1 | C3 draws=  320 comp=  1 uniq=  1 novel=  0 pruned=   0 bt=279 cap= 3 | C4 pool=  1 got= 1 short=0 | 4.5s
[341] size=13 budget=  602 C1 valid=60 novel=19 | C2 uniq=19 | C3 draws=  602 comp=  7 uniq=  7 novel=  5 pruned=   0 bt=442 cap= 6 | C4 pool=103 got=19 short=0 | 8.3s
[342] size=11 budget=  383 C1 valid=64 novel= 8 | C2 uniq= 6 | C3 draws=  383 comp=  3 uniq=  3 novel=  1 pruned=   0 bt=323 cap= 4 | C4 pool=  6 got= 6 short=0 | 5.2s
[343] size= 9 budget=  384 C1 valid=64 novel= 0 | C2 uniq= 1 | C3 draws=  384 comp=  1 uniq=  1 novel=  0 pruned=   0 bt=333 cap= 4 | C4 pool=  1 got= 1 short=0 | 5.3s
[344] size=19 budget=  924 C1 valid= 0 novel= 0 | C2 uniq= 0 | C3 draws=  924 comp=  2 uniq=  2 novel=  2 pruned=   0 bt=654 cap=10 | C4 pool=  2 got= 0 short=0 | 13.8s
[345] size=11 budget=  488 C1 valid=63 novel=26 | C2 uniq= 3 | C3 draws=  488 comp=  3 uniq=  3 novel=  2 pruned=   0 bt=395 cap= 5 | C4 pool=  3 got= 3 short=0 | 7.0s
[346] size=17 budget=  256 C1 valid=64 novel= 0 | C2 uniq= 1 | C3 draws=  256 comp=  1 uniq=  1 novel=  0 pruned=   0 bt=218 cap= 3 | C4 pool=  1 got= 1 short=0 | 3.6s
[347] size=13 budget=  428 C1 valid=64 novel= 0 | C2 uniq= 3 | C3 draws=  428 comp=  2 uniq=  2 novel=  0 pruned=   0 bt=361 cap= 5 | C4 pool=  3 got= 3 short=0 | 5.9s
[348] size=19 budget=  697 C1 valid=58 novel=21 | C2 uniq= 8 | C3 draws=  697 comp=  6 uniq=  6 novel=  3 pruned=   0 bt=521 cap= 8 | C4 pool= 87 got= 8 short=0 | 9.9s
[349] size=17 budget=  448 C1 valid=64 novel= 0 | C2 uniq= 1 | C3 draws=  448 comp=  1 uniq=  1 novel=  0 pruned=   0 bt=387 cap= 5 | C4 pool=  1 got= 1 short=0 | 6.2s
[350] size= 9 budget=  917 C1 valid=59 novel=27 | C2 uniq=30 | C3 draws=  917 comp= 31 uniq= 31 novel= 22 pruned=   0 bt=259 cap= 2 | C4 pool=400 got=30 short=0 | 12.2s
[351] size=19 budget= 1389 C1 valid= 1 novel= 1 | C2 uniq= 1 | C3 draws= 1389 comp=  0 uniq=  0 novel=  0 pruned=   0 bt=964 cap=18 | C4 pool= 77 got= 1 short=0 | 22.8s
[352] size=13 budget=  475 C1 valid=56 novel= 0 | C2 uniq= 1 | C3 draws=  475 comp=  1 uniq=  1 novel=  0 pruned=   0 bt=417 cap= 5 | C4 pool=  1 got= 1 short=0 | 7.0s
[353] size=17 budget=  384 C1 valid=64 novel= 0 | C2 uniq= 1 | C3 draws=  384 comp=  1 uniq=  1 novel=  0 pruned=   0 bt=334 cap= 4 | C4 pool=  1 got= 1 short=0 | 5.3s
[354] size=17 budget=  506 C1 valid=64 novel= 3 | C2 uniq=10 | C3 draws=  506 comp= 15 uniq= 15 novel=  5 pruned=   0 bt=236 cap= 2 | C4 pool= 23 got=10 short=0 | 6.6s
[355] size= 7 budget=  320 C1 valid=64 novel= 0 | C2 uniq= 1 | C3 draws=  320 comp=  1 uniq=  1 novel=  0 pruned=   0 bt=288 cap= 3 | C4 pool=  1 got= 1 short=0 | 4.5s
[356] size=19 budget=  426 C1 valid=64 novel=13 | C2 uniq= 3 | C3 draws=  426 comp=  3 uniq=  3 novel=  1 pruned=   0 bt=345 cap= 5 | C4 pool=  4 got= 3 short=0 | 6.0s
[357] size=19 budget=  346 C1 valid=64 novel= 0 | C2 uniq= 2 | C3 draws=  346 comp=  2 uniq=  2 novel=  0 pruned=   0 bt=295 cap= 4 | C4 pool=  2 got= 2 short=0 | 4.8s
[358] size=17 budget=  256 C1 valid=64 novel= 0 | C2 uniq= 1 | C3 draws=  256 comp=  1 uniq=  1 novel=  0 pruned=   0 bt=218 cap= 3 | C4 pool=  1 got= 1 short=0 | 3.6s
[359] size=11 budget=  374 C1 valid=64 novel= 0 | C2 uniq= 5 | C3 draws=  374 comp=  5 uniq=  5 novel=  0 pruned=   0 bt=302 cap= 4 | C4 pool=  5 got= 5 short=0 | 5.1s
[360] size=13 budget=  357 C1 valid=62 novel=11 | C2 uniq= 3 | C3 draws=  357 comp=  4 uniq=  4 novel=  3 pruned=   0 bt=271 cap= 3 | C4 pool= 13 got= 3 short=0 | 5.1s
[361] size=15 budget=  512 C1 valid=64 novel=64 | C2 uniq= 1 | C3 draws=  512 comp=  1 uniq=  1 novel=  1 pruned=   0 bt=448 cap= 6 | C4 pool=  1 got= 1 short=0 | 7.1s
[362] size=15 budget=  385 C1 valid=63 novel= 0 | C2 uniq= 2 | C3 draws=  385 comp=  2 uniq=  2 novel=  0 pruned=   0 bt=333 cap= 4 | C4 pool=  2 got= 2 short=0 | 5.3s
[363] size=17 budget=  636 C1 valid=63 novel= 3 | C2 uniq=14 | C3 draws=  636 comp= 19 uniq= 19 novel=  8 pruned=   0 bt=271 cap= 2 | C4 pool=400 got=14 short=0 | 8.9s
[364] size=13 budget=  581 C1 valid=59 novel= 9 | C2 uniq= 3 | C3 draws=  581 comp=  2 uniq=  2 novel=  1 pruned=   0 bt=490 cap= 6 | C4 pool=  4 got= 3 short=0 | 8.3s
[365] size=15 budget=  937 C1 valid=31 novel=17 | C2 uniq=16 | C3 draws=  937 comp= 29 uniq= 29 novel= 27 pruned=   0 bt=322 cap= 4 | C4 pool=400 got=16 short=0 | 11.7s
[366] size=11 budget=  384 C1 valid=64 novel= 0 | C2 uniq= 1 | C3 draws=  384 comp=  1 uniq=  1 novel=  0 pruned=   0 bt=337 cap= 4 | C4 pool=  1 got= 1 short=0 | 5.3s
[367] size=19 budget=  662 C1 valid=52 novel= 8 | C2 uniq= 5 | C3 draws=  662 comp=  4 uniq=  4 novel=  2 pruned=   0 bt=521 cap= 8 | C4 pool= 29 got= 5 short=0 | 9.5s
[368] size=19 budget=  423 C1 valid=62 novel= 0 | C2 uniq= 3 | C3 draws=  423 comp=  3 uniq=  3 novel=  0 pruned=   0 bt=353 cap= 5 | C4 pool=  3 got= 3 short=0 | 5.9s
[369] size=19 budget=  632 C1 valid=53 novel=53 | C2 uniq= 2 | C3 draws=  632 comp=  2 uniq=  2 novel=  2 pruned=   0 bt=537 cap= 8 | C4 pool=  2 got= 2 short=0 | 9.2s
[370] size=17 budget=  337 C1 valid=64 novel= 0 | C2 uniq= 4 | C3 draws=  337 comp=  4 uniq=  4 novel=  0 pruned=   0 bt=273 cap= 4 | C4 pool=  5 got= 4 short=0 | 4.6s
[371] size=19 budget=  557 C1 valid=64 novel= 2 | C2 uniq=14 | C3 draws=  557 comp= 15 uniq= 15 novel=  5 pruned=   0 bt=279 cap= 2 | C4 pool= 65 got=14 short=0 | 8.3s
[372] size=15 budget=  845 C1 valid=63 novel=51 | C2 uniq= 6 | C3 draws=  845 comp=  6 uniq=  6 novel=  5 pruned=   0 bt=638 cap= 8 | C4 pool= 31 got= 6 short=0 | 12.4s
[373] size=11 budget=  448 C1 valid=64 novel= 0 | C2 uniq= 1 | C3 draws=  448 comp=  1 uniq=  1 novel=  0 pruned=   0 bt=393 cap= 5 | C4 pool=  1 got= 1 short=0 | 6.2s
[374] size= 9 budget=  840 C1 valid=58 novel=58 | C2 uniq=21 | C3 draws=  840 comp= 44 uniq= 44 novel= 43 pruned=   0 bt= 29 cap= 0 | C4 pool=400 got=21 short=0 | 9.3s
[375] size=17 budget=  673 C1 valid=31 novel= 2 | C2 uniq= 2 | C3 draws=  673 comp= 11 uniq= 11 novel= 10 pruned=   0 bt=408 cap= 4 | C4 pool=  4 got= 2 short=0 | 9.6s
[376] size=11 budget=  693 C1 valid=62 novel=25 | C2 uniq=30 | C3 draws=  693 comp=  9 uniq=  9 novel=  5 pruned=   0 bt=518 cap= 6 | C4 pool=400 got=30 short=0 | 9.7s
[377] size= 9 budget=  320 C1 valid=64 novel= 0 | C2 uniq= 1 | C3 draws=  320 comp=  1 uniq=  1 novel=  0 pruned=   0 bt=279 cap= 3 | C4 pool=  1 got= 1 short=0 | 4.4s
[378] size=19 budget=  320 C1 valid=64 novel= 0 | C2 uniq= 2 | C3 draws=  320 comp=  2 uniq=  2 novel=  0 pruned=   0 bt=269 cap= 4 | C4 pool=  2 got= 2 short=0 | 4.4s
[379] size=13 budget= 1041 C1 valid=63 novel=43 | C2 uniq=20 | C3 draws= 1041 comp= 15 uniq= 15 novel= 13 pruned=   0 bt=623 cap= 8 | C4 pool=180 got=20 short=0 | 14.7s
[380] size=13 budget=  715 C1 valid=47 novel=12 | C2 uniq= 8 | C3 draws=  715 comp=  4 uniq=  4 novel=  2 pruned=   0 bt=546 cap= 8 | C4 pool=  8 got= 8 short=0 | 10.6s
[381] size=15 budget=  835 C1 valid=63 novel=63 | C2 uniq= 2 | C3 draws=  835 comp=  2 uniq=  2 novel=  2 pruned=   0 bt=697 cap= 9 | C4 pool=  2 got= 2 short=0 | 12.3s
[382] size=15 budget=  701 C1 valid=63 novel=11 | C2 uniq=13 | C3 draws=  701 comp=  6 uniq=  6 novel=  1 pruned=   0 bt=519 cap= 8 | C4 pool= 14 got=13 short=0 | 9.6s
[383] size=15 budget=  836 C1 valid=60 novel=29 | C2 uniq= 9 | C3 draws=  836 comp=  4 uniq=  4 novel=  3 pruned=   0 bt=625 cap= 9 | C4 pool= 16 got= 9 short=0 | 12.5s
[384] size= 9 budget=  320 C1 valid=64 novel= 0 | C2 uniq= 1 | C3 draws=  320 comp=  1 uniq=  1 novel=  0 pruned=   0 bt=279 cap= 3 | C4 pool=  1 got= 1 short=0 | 4.5s
[385] size=17 budget=  384 C1 valid=64 novel= 0 | C2 uniq= 1 | C3 draws=  384 comp=  1 uniq=  1 novel=  0 pruned=   0 bt=334 cap= 4 | C4 pool=  1 got= 1 short=0 | 5.4s
[386] size=13 budget=  384 C1 valid=64 novel= 0 | C2 uniq= 1 | C3 draws=  384 comp=  1 uniq=  1 novel=  0 pruned=   0 bt=333 cap= 4 | C4 pool=  1 got= 1 short=0 | 5.3s
[387] size=19 budget=  749 C1 valid=49 novel= 9 | C2 uniq= 8 | C3 draws=  749 comp=  2 uniq=  2 novel=  1 pruned=   0 bt=615 cap= 9 | C4 pool=400 got= 8 short=0 | 13.5s
[388] size=15 budget= 1006 C1 valid=59 novel=49 | C2 uniq=20 | C3 draws= 1006 comp=  9 uniq=  9 novel=  8 pruned=   0 bt=652 cap=10 | C4 pool=400 got=20 short=0 | 15.4s
[389] size=11 budget=  374 C1 valid=64 novel= 0 | C2 uniq= 2 | C3 draws=  374 comp=  2 uniq=  2 novel=  0 pruned=   0 bt=322 cap= 4 | C4 pool=  2 got= 2 short=0 | 5.1s
[390] size=17 budget=  917 C1 valid=54 novel=38 | C2 uniq=33 | C3 draws=  917 comp= 19 uniq= 19 novel= 18 pruned=   0 bt=511 cap= 6 | C4 pool=400 got=33 short=0 | 12.4s
[391] size=13 budget=  384 C1 valid=64 novel= 0 | C2 uniq= 1 | C3 draws=  384 comp=  1 uniq=  1 novel=  0 pruned=   0 bt=333 cap= 4 | C4 pool=  1 got= 1 short=0 | 5.2s
[392] size=17 budget=  492 C1 valid=59 novel= 3 | C2 uniq= 2 | C3 draws=  492 comp=  1 uniq=  1 novel=  0 pruned=   0 bt=422 cap= 6 | C4 pool=  2 got= 2 short=0 | 6.8s
[393] size=19 budget= 1272 C1 valid=62 novel=62 | C2 uniq= 5 | C3 draws= 1272 comp=  3 uniq=  3 novel=  3 pruned=   0 bt=842 cap=16 | C4 pool=  6 got= 5 short=0 | 20.2s
[394] size=11 budget= 1597 C1 valid= 5 novel= 5 | C2 uniq= 5 | C3 draws= 1597 comp= 22 uniq= 22 novel= 22 pruned=   0 bt=882 cap= 8 | C4 pool=400 got= 5 short=0 | 23.4s
[395] size=15 budget=  756 C1 valid=63 novel=29 | C2 uniq= 3 | C3 draws=  756 comp=  4 uniq=  4 novel=  3 pruned=   0 bt=571 cap= 8 | C4 pool=  9 got= 3 short=0 | 11.3s
[396] size=17 budget=  712 C1 valid=37 novel=37 | C2 uniq= 1 | C3 draws=  712 comp=  1 uniq=  1 novel=  1 pruned=   0 bt=599 cap= 9 | C4 pool=  1 got= 1 short=0 | 10.5s
[397] size=19 budget=  640 C1 valid=64 novel= 0 | C2 uniq= 1 | C3 draws=  640 comp=  1 uniq=  1 novel=  0 pruned=   0 bt=522 cap= 8 | C4 pool=  1 got= 1 short=0 | 9.4s
[398] size=19 budget=  536 C1 valid=30 novel= 2 | C2 uniq= 5 | C3 draws=  536 comp=  8 uniq=  8 novel=  5 pruned=   0 bt=364 cap= 5 | C4 pool= 43 got= 5 short=0 | 7.5s
[399] size=13 budget=  320 C1 valid=64 novel= 0 | C2 uniq= 2 | C3 draws=  320 comp=  2 uniq=  2 novel=  0 pruned=   0 bt=275 cap= 3 | C4 pool=  2 got= 2 short=0 | 4.4s
[400] size=13 budget=  384 C1 valid=64 novel= 0 | C2 uniq= 1 | C3 draws=  384 comp=  1 uniq=  1 novel=  0 pruned=   0 bt=333 cap= 4 | C4 pool=  1 got= 1 short=0 | 5.3s
[401] size= 9 budget=  360 C1 valid=64 novel= 0 | C2 uniq= 3 | C3 draws=  360 comp=  2 uniq=  2 novel=  0 pruned=   0 bt=306 cap= 4 | C4 pool=  4 got= 3 short=0 | 5.0s
[402] size=19 budget=  387 C1 valid=60 novel=15 | C2 uniq= 3 | C3 draws=  387 comp=  2 uniq=  2 novel=  1 pruned=   0 bt=324 cap= 4 | C4 pool=  3 got= 3 short=0 | 5.5s
[403] size=19 budget=  510 C1 valid=64 novel= 9 | C2 uniq= 6 | C3 draws=  510 comp=  6 uniq=  6 novel=  3 pruned=   0 bt=390 cap= 5 | C4 pool=  7 got= 6 short=0 | 7.2s
[404] size=19 budget=  448 C1 valid=64 novel= 0 | C2 uniq= 1 | C3 draws=  448 comp=  1 uniq=  1 novel=  0 pruned=   0 bt=393 cap= 5 | C4 pool=  1 got= 1 short=0 | 6.2s
[405] size=19 budget=  774 C1 valid=64 novel=45 | C2 uniq=11 | C3 draws=  774 comp=  8 uniq=  8 novel=  4 pruned=   0 bt=559 cap= 9 | C4 pool= 21 got=11 short=0 | 11.1s
[406] size=13 budget=  448 C1 valid=64 novel= 0 | C2 uniq= 1 | C3 draws=  448 comp=  1 uniq=  1 novel=  0 pruned=   0 bt=382 cap= 5 | C4 pool=  1 got= 1 short=0 | 6.4s
[407] size=17 budget=  320 C1 valid=64 novel= 0 | C2 uniq= 1 | C3 draws=  320 comp=  2 uniq=  2 novel=  0 pruned=   0 bt=273 cap= 3 | C4 pool=  2 got= 1 short=0 | 4.4s
[408] size=15 budget=  652 C1 valid=64 novel= 0 | C2 uniq= 5 | C3 draws=  652 comp=  4 uniq=  4 novel=  0 pruned=   0 bt=534 cap= 7 | C4 pool=  9 got= 5 short=0 | 9.1s
[409] size=11 budget=  286 C1 valid=64 novel= 0 | C2 uniq= 2 | C3 draws=  286 comp=  2 uniq=  2 novel=  0 pruned=   0 bt=244 cap= 3 | C4 pool=  2 got= 2 short=0 | 3.9s
[410] size=15 budget=  982 C1 valid=16 novel= 5 | C2 uniq= 8 | C3 draws=  982 comp= 14 uniq= 14 novel= 12 pruned=   0 bt=528 cap= 8 | C4 pool=400 got= 8 short=0 | 14.7s
[411] size=11 budget=  549 C1 valid=63 novel=25 | C2 uniq=13 | C3 draws=  549 comp=  5 uniq=  5 novel=  4 pruned=   0 bt=445 cap= 6 | C4 pool=400 got=13 short=0 | 7.8s
[412] size=19 budget= 1050 C1 valid=38 novel=31 | C2 uniq=19 | C3 draws= 1050 comp= 32 uniq= 32 novel= 29 pruned=   0 bt=474 cap= 5 | C4 pool=400 got=19 short=0 | 14.0s
[413] size=19 budget=  513 C1 valid=64 novel=18 | C2 uniq= 5 | C3 draws=  513 comp=  4 uniq=  4 novel=  1 pruned=   0 bt=397 cap= 6 | C4 pool=  6 got= 5 short=0 | 7.5s
[414] size=17 budget=  447 C1 valid=62 novel= 0 | C2 uniq= 2 | C3 draws=  447 comp=  3 uniq=  3 novel=  1 pruned=   0 bt=381 cap= 4 | C4 pool=  3 got= 2 short=0 | 6.1s
[415] size=15 budget=  490 C1 valid=64 novel= 0 | C2 uniq= 3 | C3 draws=  490 comp=  3 uniq=  3 novel=  0 pruned=   0 bt=407 cap= 5 | C4 pool=  3 got= 3 short=0 | 6.8s
[416] size=11 budget= 1316 C1 valid=51 novel=51 | C2 uniq=41 | C3 draws= 1316 comp= 42 uniq= 42 novel= 42 pruned=   0 bt=302 cap= 3 | C4 pool=400 got=41 short=0 | 17.4s
[417] size=19 budget=  472 C1 valid=60 novel=25 | C2 uniq= 6 | C3 draws=  472 comp=  6 uniq=  6 novel=  4 pruned=   0 bt=361 cap= 5 | C4 pool= 13 got= 6 short=0 | 6.4s
[418] size=19 budget=  448 C1 valid=64 novel= 0 | C2 uniq= 1 | C3 draws=  448 comp=  1 uniq=  1 novel=  0 pruned=   0 bt=393 cap= 5 | C4 pool=  1 got= 1 short=0 | 6.2s
[419] size= 9 budget=  512 C1 valid=64 novel= 0 | C2 uniq= 2 | C3 draws=  512 comp=  4 uniq=  4 novel=  0 pruned=   0 bt=408 cap= 5 | C4 pool=  4 got= 2 short=0 | 7.3s
[420] size=13 budget=  320 C1 valid=64 novel= 0 | C2 uniq= 1 | C3 draws=  320 comp=  1 uniq=  1 novel=  0 pruned=   0 bt=279 cap= 3 | C4 pool=  1 got= 1 short=0 | 4.5s
[421] size=11 budget=  320 C1 valid=64 novel= 0 | C2 uniq= 1 | C3 draws=  320 comp=  1 uniq=  1 novel=  0 pruned=   0 bt=283 cap= 3 | C4 pool=  1 got= 1 short=0 | 4.4s
[422] size=13 budget=  384 C1 valid=63 novel= 0 | C2 uniq= 1 | C3 draws=  384 comp=  1 uniq=  1 novel=  0 pruned=   0 bt=333 cap= 4 | C4 pool=  1 got= 1 short=0 | 5.3s
[423] size= 9 budget=  576 C1 valid=64 novel= 0 | C2 uniq= 2 | C3 draws=  576 comp=  2 uniq=  2 novel=  0 pruned=   0 bt=481 cap= 6 | C4 pool=  2 got= 2 short=0 | 8.3s
[424] size=13 budget=  384 C1 valid=64 novel= 0 | C2 uniq= 1 | C3 draws=  384 comp=  1 uniq=  1 novel=  0 pruned=   0 bt=333 cap= 4 | C4 pool=  1 got= 1 short=0 | 5.3s
[425] size=15 budget= 1083 C1 valid=10 novel= 6 | C2 uniq= 6 | C3 draws= 1083 comp=  2 uniq=  2 novel=  2 pruned=   0 bt=834 cap=13 | C4 pool=165 got= 6 short=0 | 16.7s
[426] size=11 budget=  256 C1 valid=64 novel= 0 | C2 uniq= 1 | C3 draws=  256 comp=  1 uniq=  1 novel=  0 pruned=   0 bt=225 cap= 3 | C4 pool=  1 got= 1 short=0 | 3.6s
[427] size=13 budget=  471 C1 valid=52 novel= 0 | C2 uniq= 3 | C3 draws=  471 comp=  3 uniq=  3 novel=  0 pruned=   0 bt=408 cap= 5 | C4 pool=  3 got= 3 short=0 | 6.4s
[428] size=17 budget=  523 C1 valid=63 novel=63 | C2 uniq= 1 | C3 draws=  523 comp=  1 uniq=  1 novel=  1 pruned=   0 bt=444 cap= 6 | C4 pool=  1 got= 1 short=0 | 7.7s
[429] size=17 budget=  730 C1 valid=61 novel=35 | C2 uniq= 3 | C3 draws=  730 comp=  5 uniq=  5 novel=  4 pruned=   0 bt=572 cap= 7 | C4 pool= 10 got= 3 short=0 | 10.5s
[430] size= 9 budget=  448 C1 valid=64 novel= 0 | C2 uniq= 1 | C3 draws=  448 comp=  2 uniq=  2 novel=  0 pruned=   0 bt=373 cap= 5 | C4 pool=  2 got= 1 short=0 | 6.4s
[431] size=11 budget=  384 C1 valid=64 novel= 0 | C2 uniq= 1 | C3 draws=  384 comp=  1 uniq=  1 novel=  0 pruned=   0 bt=337 cap= 4 | C4 pool=  1 got= 1 short=0 | 5.3s
[432] size=17 budget=  320 C1 valid=64 novel= 0 | C2 uniq= 1 | C3 draws=  320 comp=  1 uniq=  1 novel=  0 pruned=   0 bt=273 cap= 4 | C4 pool=  2 got= 1 short=0 | 4.4s
[433] size= 9 budget=  620 C1 valid=64 novel= 0 | C2 uniq= 5 | C3 draws=  620 comp=  3 uniq=  3 novel=  0 pruned=   0 bt=501 cap= 6 | C4 pool=  9 got= 5 short=0 | 9.1s
[434] size=17 budget=  627 C1 valid= 1 novel= 1 | C2 uniq= 1 | C3 draws=  627 comp=  1 uniq=  1 novel=  1 pruned=   0 bt=536 cap= 8 | C4 pool=  1 got= 1 short=0 | 9.1s
[435] size=11 budget=  384 C1 valid=64 novel= 0 | C2 uniq= 1 | C3 draws=  384 comp=  1 uniq=  1 novel=  0 pruned=   0 bt=337 cap= 4 | C4 pool=  1 got= 1 short=0 | 5.4s
[436] size=13 budget= 1258 C1 valid=64 novel=64 | C2 uniq= 3 | C3 draws= 1258 comp=  4 uniq=  4 novel=  4 pruned=   0 bt=907 cap=13 | C4 pool=  3 got= 3 short=0 | 19.8s
[437] size=11 budget=  320 C1 valid=64 novel= 0 | C2 uniq= 1 | C3 draws=  320 comp=  2 uniq=  2 novel=  0 pruned=   0 bt=274 cap= 3 | C4 pool=  2 got= 1 short=0 | 4.4s
[438] size=17 budget=  320 C1 valid=64 novel= 0 | C2 uniq= 1 | C3 draws=  320 comp=  1 uniq=  1 novel=  0 pruned=   0 bt=273 cap= 4 | C4 pool=  1 got= 1 short=0 | 4.4s
[439] size=13 budget=  512 C1 valid=64 novel= 0 | C2 uniq= 1 | C3 draws=  512 comp=  1 uniq=  1 novel=  0 pruned=   0 bt=441 cap= 6 | C4 pool=  1 got= 1 short=0 | 7.0s
[440] size=15 budget=  606 C1 valid=60 novel=29 | C2 uniq=15 | C3 draws=  606 comp=  7 uniq=  7 novel=  6 pruned=   0 bt=430 cap= 6 | C4 pool= 98 got=15 short=0 | 8.7s
[441] size=11 budget=  448 C1 valid=63 novel= 0 | C2 uniq= 1 | C3 draws=  448 comp=  1 uniq=  1 novel=  0 pruned=   0 bt=393 cap= 5 | C4 pool=  1 got= 1 short=0 | 6.2s
[442] size=11 budget=  320 C1 valid=64 novel= 0 | C2 uniq= 1 | C3 draws=  320 comp=  1 uniq=  1 novel=  0 pruned=   0 bt=283 cap= 3 | C4 pool=  1 got= 1 short=0 | 4.5s
[443] size=15 budget=  320 C1 valid=64 novel= 0 | C2 uniq= 1 | C3 draws=  320 comp=  1 uniq=  1 novel=  0 pruned=   0 bt=282 cap= 3 | C4 pool=  1 got= 1 short=0 | 4.5s
[444] size=19 budget= 1225 C1 valid=31 novel=31 | C2 uniq= 9 | C3 draws= 1225 comp=  8 uniq=  8 novel=  8 pruned=   0 bt=806 cap=13 | C4 pool= 61 got= 9 short=0 | 19.0s
[445] size=13 budget=  949 C1 valid=61 novel=55 | C2 uniq=49 | C3 draws=  949 comp= 39 uniq= 39 novel= 38 pruned=   0 bt=275 cap= 4 | C4 pool=400 got=49 short=0 | 11.7s
[446] size= 9 budget=  345 C1 valid=63 novel= 0 | C2 uniq= 3 | C3 draws=  345 comp=  3 uniq=  3 novel=  0 pruned=   0 bt=292 cap= 3 | C4 pool=  3 got= 3 short=0 | 4.7s
[447] size= 9 budget=  276 C1 valid=63 novel= 0 | C2 uniq= 1 | C3 draws=  276 comp=  1 uniq=  1 novel=  0 pruned=   0 bt=237 cap= 3 | C4 pool=  1 got= 1 short=0 | 4.5s
[448] size=17 budget=  393 C1 valid=54 novel= 0 | C2 uniq= 1 | C3 draws=  393 comp=  1 uniq=  1 novel=  0 pruned=   0 bt=341 cap= 5 | C4 pool=  2 got= 1 short=0 | 5.6s
[449] size=13 budget=  480 C1 valid= 3 novel= 0 | C2 uniq= 1 | C3 draws=  480 comp=  0 uniq=  0 novel=  0 pruned=   0 bt=426 cap= 5 | C4 pool=  1 got= 1 short=0 | 6.7s
[450] size=11 budget=  617 C1 valid=63 novel=20 | C2 uniq= 3 | C3 draws=  617 comp=  3 uniq=  3 novel=  1 pruned=   0 bt=497 cap= 7 | C4 pool=  3 got= 3 short=0 | 9.1s
[451] size=11 budget=  608 C1 valid=64 novel=32 | C2 uniq= 2 | C3 draws=  608 comp=  2 uniq=  2 novel=  1 pruned=   0 bt=510 cap= 7 | C4 pool=  6 got= 2 short=0 | 8.8s
[452] size=13 budget=  384 C1 valid=64 novel= 0 | C2 uniq= 1 | C3 draws=  384 comp=  1 uniq=  1 novel=  0 pruned=   0 bt=333 cap= 4 | C4 pool=  1 got= 1 short=0 | 5.3s
[453] size=15 budget=  611 C1 valid=64 novel=30 | C2 uniq= 4 | C3 draws=  611 comp=  4 uniq=  4 novel=  1 pruned=   0 bt=496 cap= 7 | C4 pool=  4 got= 4 short=0 | 8.7s
[454] size=15 budget=  322 C1 valid=62 novel= 0 | C2 uniq= 2 | C3 draws=  322 comp=  3 uniq=  3 novel=  0 pruned=   0 bt=273 cap= 3 | C4 pool=  4 got= 2 short=0 | 4.5s
[455] size=11 budget=  613 C1 valid=62 novel=34 | C2 uniq= 8 | C3 draws=  613 comp= 11 uniq= 11 novel=  8 pruned=   0 bt=431 cap= 5 | C4 pool=  9 got= 8 short=0 | 8.2s
[456] size=13 budget=  716 C1 valid=59 novel=18 | C2 uniq= 2 | C3 draws=  716 comp=  2 uniq=  2 novel=  1 pruned=   0 bt=600 cap= 8 | C4 pool=  2 got= 2 short=0 | 10.0s
[457] size=13 budget=  320 C1 valid=64 novel= 0 | C2 uniq= 1 | C3 draws=  320 comp=  1 uniq=  1 novel=  0 pruned=   0 bt=279 cap= 3 | C4 pool=  1 got= 1 short=0 | 4.4s
[458] size=13 budget=  648 C1 valid=61 novel=22 | C2 uniq= 4 | C3 draws=  648 comp=  4 uniq=  4 novel=  2 pruned=   0 bt=523 cap= 7 | C4 pool=  4 got= 4 short=0 | 8.9s
[459] size=17 budget=  429 C1 valid=45 novel= 0 | C2 uniq= 2 | C3 draws=  429 comp=  2 uniq=  2 novel=  0 pruned=   0 bt=362 cap= 5 | C4 pool=  2 got= 2 short=0 | 5.8s
[460] size=11 budget=  420 C1 valid=63 novel=35 | C2 uniq= 2 | C3 draws=  420 comp=  2 uniq=  2 novel=  1 pruned=   0 bt=367 cap= 4 | C4 pool=  2 got= 2 short=0 | 5.8s
[461] size=13 budget=  421 C1 valid=63 novel=17 | C2 uniq= 7 | C3 draws=  421 comp=  9 uniq=  9 novel=  8 pruned=   0 bt=247 cap= 3 | C4 pool= 13 got= 7 short=0 | 5.0s
[462] size=19 budget=  777 C1 valid=53 novel=53 | C2 uniq= 2 | C3 draws=  777 comp=  2 uniq=  2 novel=  2 pruned=   0 bt=615 cap=10 | C4 pool=  2 got= 2 short=0 | 8.7s
[463] size=17 budget= 2112 C1 valid= 9 novel= 9 | C2 uniq= 8 | C3 draws= 2112 comp= 34 uniq= 34 novel= 34 pruned=   0 bt=697 cap= 8 | C4 pool=400 got= 8 short=0 | 76.0s
[464] size=13 budget= 1251 C1 valid=53 novel=53 | C2 uniq=38 | C3 draws= 1251 comp= 51 uniq= 51 novel= 51 pruned=   0 bt= 71 cap= 1 | C4 pool=400 got=38 short=0 | 14.8s
[465] size=19 budget=  958 C1 valid=54 novel=41 | C2 uniq=25 | C3 draws=  958 comp= 14 uniq= 14 novel= 12 pruned=   0 bt=669 cap= 6 | C4 pool=400 got=25 short=0 | 13.4s
[466] size=13 budget=  448 C1 valid=63 novel= 0 | C2 uniq= 1 | C3 draws=  448 comp=  1 uniq=  1 novel=  0 pruned=   0 bt=382 cap= 5 | C4 pool=  2 got= 1 short=0 | 6.4s
[467] size=17 budget= 1096 C1 valid=58 novel=58 | C2 uniq= 1 | C3 draws= 1096 comp=  1 uniq=  1 novel=  1 pruned=   0 bt=812 cap=14 | C4 pool=  1 got= 1 short=0 | 17.4s
[468] size=15 budget= 1114 C1 valid=59 novel=59 | C2 uniq= 4 | C3 draws= 1114 comp=  3 uniq=  3 novel=  3 pruned=   0 bt=773 cap=13 | C4 pool=  2 got= 2 short=2 | 17.4s
[469] size=13 budget=  384 C1 valid=64 novel= 0 | C2 uniq= 1 | C3 draws=  384 comp=  1 uniq=  1 novel=  0 pruned=   0 bt=333 cap= 4 | C4 pool=  1 got= 1 short=0 | 5.3s
[470] size= 7 budget=  448 C1 valid=64 novel= 0 | C2 uniq= 1 | C3 draws=  448 comp=  1 uniq=  1 novel=  0 pruned=   0 bt=385 cap= 5 | C4 pool=  2 got= 1 short=0 | 6.4s
[471] size=17 budget=  448 C1 valid=64 novel= 0 | C2 uniq= 1 | C3 draws=  448 comp=  1 uniq=  1 novel=  0 pruned=   0 bt=387 cap= 5 | C4 pool=  1 got= 1 short=0 | 6.2s
[472] size=19 budget=  934 C1 valid=63 novel=63 | C2 uniq= 4 | C3 draws=  934 comp=  3 uniq=  3 novel=  3 pruned=   0 bt=731 cap=11 | C4 pool= 16 got= 4 short=0 | 13.8s
[473] size=11 budget=  619 C1 valid=61 novel=12 | C2 uniq=21 | C3 draws=  619 comp=  8 uniq=  8 novel=  1 pruned=   0 bt=464 cap= 6 | C4 pool=400 got=21 short=0 | 8.9s
[474] size=15 budget=  576 C1 valid=57 novel=13 | C2 uniq= 4 | C3 draws=  576 comp=  2 uniq=  2 novel=  0 pruned=   0 bt=497 cap= 7 | C4 pool=  7 got= 4 short=0 | 8.0s
[475] size=19 budget=  805 C1 valid=62 novel=54 | C2 uniq=21 | C3 draws=  805 comp= 14 uniq= 14 novel= 13 pruned=   0 bt=506 cap= 8 | C4 pool=400 got=21 short=0 | 11.3s
[476] size=15 budget=  609 C1 valid=58 novel=16 | C2 uniq= 5 | C3 draws=  609 comp=  3 uniq=  3 novel=  2 pruned=   0 bt=504 cap= 7 | C4 pool= 35 got= 5 short=0 | 8.5s
[477] size=19 budget=  742 C1 valid=64 novel=50 | C2 uniq= 9 | C3 draws=  742 comp= 13 uniq= 13 novel= 12 pruned=   0 bt=462 cap= 5 | C4 pool= 39 got= 9 short=0 | 10.5s
[478] size= 9 budget=  320 C1 valid=64 novel= 0 | C2 uniq= 1 | C3 draws=  320 comp=  1 uniq=  1 novel=  0 pruned=   0 bt=279 cap= 3 | C4 pool=  1 got= 1 short=0 | 4.4s
[479] size=13 budget=  448 C1 valid=64 novel= 0 | C2 uniq= 1 | C3 draws=  448 comp=  1 uniq=  1 novel=  0 pruned=   0 bt=387 cap= 5 | C4 pool=  1 got= 1 short=0 | 6.2s
[480] size=13 budget=  320 C1 valid=64 novel= 0 | C2 uniq= 1 | C3 draws=  320 comp=  1 uniq=  1 novel=  0 pruned=   0 bt=279 cap= 3 | C4 pool=  1 got= 1 short=0 | 4.4s
[481] size=19 budget=  704 C1 valid=58 novel=58 | C2 uniq= 1 | C3 draws=  704 comp=  1 uniq=  1 novel=  1 pruned=   0 bt=571 cap= 9 | C4 pool=  1 got= 1 short=0 | 10.5s
[482] size=15 budget=  384 C1 valid=64 novel= 0 | C2 uniq= 1 | C3 draws=  384 comp=  1 uniq=  1 novel=  0 pruned=   0 bt=338 cap= 4 | C4 pool=  1 got= 1 short=0 | 5.3s
[483] size=15 budget=  665 C1 valid=63 novel=16 | C2 uniq= 9 | C3 draws=  665 comp=  4 uniq=  4 novel=  1 pruned=   0 bt=547 cap= 7 | C4 pool=400 got= 9 short=0 | 9.5s
[484] size=13 budget= 1338 C1 valid=51 novel=39 | C2 uniq=35 | C3 draws= 1338 comp= 24 uniq= 24 novel= 20 pruned=   0 bt=664 cap= 7 | C4 pool=400 got=35 short=0 | 18.3s
[485] size=11 budget=  384 C1 valid=64 novel= 0 | C2 uniq= 2 | C3 draws=  384 comp=  2 uniq=  2 novel=  0 pruned=   0 bt=331 cap= 4 | C4 pool=  2 got= 2 short=0 | 5.3s
[486] size=19 budget= 1129 C1 valid=41 novel=16 | C2 uniq= 6 | C3 draws= 1129 comp=  6 uniq=  6 novel=  4 pruned=   0 bt=752 cap=13 | C4 pool=339 got= 6 short=0 | 20.6s
[487] size=17 budget=  665 C1 valid=63 novel=30 | C2 uniq=14 | C3 draws=  665 comp= 11 uniq= 11 novel=  7 pruned=   0 bt=457 cap= 7 | C4 pool= 15 got=14 short=0 | 9.3s
[488] size=15 budget= 1054 C1 valid=53 novel=35 | C2 uniq=28 | C3 draws= 1054 comp= 17 uniq= 17 novel= 14 pruned=   0 bt=660 cap= 8 | C4 pool=400 got=28 short=0 | 15.0s
[489] size=19 budget=  930 C1 valid=54 novel=37 | C2 uniq=30 | C3 draws=  930 comp= 10 uniq= 10 novel=  8 pruned=   0 bt=612 cap=10 | C4 pool=400 got=30 short=0 | 13.6s
[490] size=19 budget=  767 C1 valid=53 novel=35 | C2 uniq=12 | C3 draws=  767 comp= 18 uniq= 18 novel= 16 pruned=   0 bt=409 cap= 5 | C4 pool=101 got=12 short=0 | 10.4s
[491] size=15 budget=  320 C1 valid=64 novel= 0 | C2 uniq= 1 | C3 draws=  320 comp=  1 uniq=  1 novel=  0 pruned=   0 bt=282 cap= 3 | C4 pool=  1 got= 1 short=0 | 4.5s
[492] size=17 budget=  320 C1 valid=64 novel= 0 | C2 uniq= 1 | C3 draws=  320 comp=  1 uniq=  1 novel=  0 pruned=   0 bt=273 cap= 4 | C4 pool=  1 got= 1 short=0 | 4.5s
[493] size=11 budget=  256 C1 valid=64 novel= 0 | C2 uniq= 1 | C3 draws=  256 comp=  1 uniq=  1 novel=  0 pruned=   0 bt=225 cap= 3 | C4 pool=  1 got= 1 short=0 | 3.6s
[494] size= 9 budget=  976 C1 valid=61 novel=49 | C2 uniq=43 | C3 draws=  976 comp= 25 uniq= 25 novel= 24 pruned=   0 bt=438 cap= 6 | C4 pool=400 got=43 short=0 | 13.0s
[495] size= 9 budget=  320 C1 valid=64 novel= 0 | C2 uniq= 1 | C3 draws=  320 comp=  1 uniq=  1 novel=  0 pruned=   0 bt=279 cap= 3 | C4 pool=  1 got= 1 short=0 | 4.4s
[496] size= 9 budget=  384 C1 valid=64 novel= 0 | C2 uniq= 2 | C3 draws=  384 comp=  1 uniq=  1 novel=  0 pruned=   0 bt=333 cap= 4 | C4 pool=  2 got= 2 short=0 | 5.3s
[497] size=15 budget=  430 C1 valid=63 novel= 4 | C2 uniq=11 | C3 draws=  430 comp= 16 uniq= 16 novel=  8 pruned=   0 bt=167 cap= 2 | C4 pool= 59 got=11 short=0 | 5.6s
[498] size=15 budget=  470 C1 valid=56 novel= 2 | C2 uniq=12 | C3 draws=  470 comp=  6 uniq=  6 novel=  1 pruned=   0 bt=335 cap= 5 | C4 pool=164 got=12 short=0 | 7.0s
[499] size=19 budget=  455 C1 valid=61 novel= 0 | C2 uniq= 2 | C3 draws=  455 comp=  2 uniq=  2 novel=  0 pruned=   0 bt=393 cap= 5 | C4 pool=  2 got= 2 short=0 | 6.4s
[500] size=15 budget=  639 C1 valid=61 novel=61 | C2 uniq= 1 | C3 draws=  639 comp=  1 uniq=  1 novel=  1 pruned=   0 bt=550 cap= 7 | C4 pool=  1 got= 1 short=0 | 9.2s
[501] size= 9 budget=  320 C1 valid=64 novel= 0 | C2 uniq= 2 | C3 draws=  320 comp=  2 uniq=  2 novel=  0 pruned=   0 bt=274 cap= 3 | C4 pool=  2 got= 2 short=0 | 4.4s
[502] size=15 budget=  492 C1 valid=64 novel=10 | C2 uniq= 4 | C3 draws=  492 comp=  4 uniq=  4 novel=  1 pruned=   0 bt=411 cap= 5 | C4 pool=  4 got= 4 short=0 | 6.7s
[503] size=17 budget= 1050 C1 valid=57 novel=57 | C2 uniq= 2 | C3 draws= 1050 comp=  2 uniq=  2 novel=  2 pruned=   0 bt=777 cap=13 | C4 pool=  3 got= 2 short=0 | 16.2s
[504] size=17 budget= 1100 C1 valid=46 novel=26 | C2 uniq=28 | C3 draws= 1100 comp= 51 uniq= 51 novel= 45 pruned=   0 bt=123 cap= 1 | C4 pool=400 got=28 short=0 | 13.0s
[505] size=11 budget=  384 C1 valid=64 novel= 0 | C2 uniq= 1 | C3 draws=  384 comp=  1 uniq=  1 novel=  0 pruned=   0 bt=337 cap= 4 | C4 pool=  1 got= 1 short=0 | 5.3s
[506] size=13 budget=  575 C1 valid=57 novel=16 | C2 uniq=19 | C3 draws=  575 comp= 16 uniq= 16 novel= 10 pruned=   0 bt=241 cap= 4 | C4 pool=400 got=19 short=0 | 8.2s
[507] size=17 budget= 1044 C1 valid=33 novel=33 | C2 uniq=19 | C3 draws= 1044 comp=  9 uniq=  9 novel=  9 pruned=   0 bt=702 cap=11 | C4 pool=400 got=19 short=0 | 15.9s
[508] size=13 budget= 1018 C1 valid=63 novel=52 | C2 uniq=10 | C3 draws= 1018 comp= 14 uniq= 14 novel= 13 pruned=   0 bt=666 cap= 5 | C4 pool= 99 got=10 short=0 | 14.9s
[509] size=15 budget=  486 C1 valid=64 novel=14 | C2 uniq= 7 | C3 draws=  486 comp=  5 uniq=  5 novel=  1 pruned=   0 bt=396 cap= 5 | C4 pool=  8 got= 7 short=0 | 6.6s
[510] size= 9 budget=  576 C1 valid=64 novel= 0 | C2 uniq= 1 | C3 draws=  576 comp=  1 uniq=  1 novel=  0 pruned=   0 bt=477 cap= 6 | C4 pool=  2 got= 1 short=0 | 8.5s
[511] size=17 budget= 1009 C1 valid=52 novel=23 | C2 uniq=19 | C3 draws= 1009 comp= 31 uniq= 31 novel= 24 pruned=   0 bt=328 cap= 3 | C4 pool=400 got=19 short=0 | 15.0s
[512] size=17 budget=  398 C1 valid=64 novel= 0 | C2 uniq= 6 | C3 draws=  398 comp=  4 uniq=  4 novel=  0 pruned=   0 bt=323 cap= 4 | C4 pool=  6 got= 6 short=0 | 5.4s
[513] size=11 budget=  664 C1 valid=64 novel=20 | C2 uniq= 2 | C3 draws=  664 comp=  2 uniq=  2 novel=  1 pruned=   0 bt=552 cap= 7 | C4 pool=  2 got= 2 short=0 | 9.6s
[514] size= 9 budget=  364 C1 valid=64 novel= 0 | C2 uniq= 5 | C3 draws=  364 comp=  4 uniq=  4 novel=  0 pruned=   0 bt=300 cap= 4 | C4 pool=  5 got= 5 short=0 | 5.2s
[515] size=17 budget=  606 C1 valid=25 novel=19 | C2 uniq= 8 | C3 draws=  606 comp=  6 uniq=  6 novel=  5 pruned=   0 bt=478 cap= 5 | C4 pool=106 got= 8 short=0 | 8.5s
[516] size=13 budget=  508 C1 valid=60 novel=12 | C2 uniq=14 | C3 draws=  508 comp=  5 uniq=  5 novel=  3 pruned=   0 bt=402 cap= 5 | C4 pool=400 got=14 short=0 | 7.2s
[517] size=19 budget=  784 C1 valid=61 novel=31 | C2 uniq=22 | C3 draws=  784 comp= 45 uniq= 45 novel= 41 pruned=   0 bt= 53 cap= 0 | C4 pool=400 got=22 short=0 | 8.6s
[518] size=13 budget= 1086 C1 valid=59 novel=28 | C2 uniq=34 | C3 draws= 1086 comp= 48 uniq= 48 novel= 36 pruned=   0 bt= 71 cap= 0 | C4 pool=400 got=34 short=0 | 12.8s
[519] size=13 budget=  514 C1 valid=63 novel=63 | C2 uniq= 1 | C3 draws=  514 comp=  1 uniq=  1 novel=  1 pruned=   0 bt=443 cap= 6 | C4 pool=  1 got= 1 short=0 | 7.2s
[520] size=19 budget= 1209 C1 valid=40 novel=31 | C2 uniq=22 | C3 draws= 1209 comp= 32 uniq= 32 novel= 29 pruned=   0 bt=504 cap= 8 | C4 pool=400 got=22 short=0 | 16.3s
[521] size=19 budget=  460 C1 valid=63 novel=16 | C2 uniq= 6 | C3 draws=  460 comp=  5 uniq=  5 novel=  2 pruned=   0 bt=370 cap= 5 | C4 pool=  6 got= 6 short=0 | 6.3s
[522] size=19 budget=  499 C1 valid=54 novel= 0 | C2 uniq= 2 | C3 draws=  499 comp=  2 uniq=  2 novel=  0 pruned=   0 bt=421 cap= 6 | C4 pool=  2 got= 2 short=0 | 7.2s
[523] size=15 budget=  512 C1 valid=64 novel= 0 | C2 uniq= 1 | C3 draws=  512 comp=  1 uniq=  1 novel=  0 pruned=   0 bt=448 cap= 6 | C4 pool=  1 got= 1 short=0 | 7.2s
[524] size=19 budget= 1065 C1 valid=61 novel=49 | C2 uniq=43 | C3 draws= 1065 comp= 37 uniq= 37 novel= 32 pruned=   0 bt=393 cap= 3 | C4 pool=179 got=43 short=0 | 13.6s
[525] size=15 budget=  512 C1 valid=64 novel= 0 | C2 uniq= 1 | C3 draws=  512 comp=  1 uniq=  1 novel=  0 pruned=   0 bt=427 cap= 6 | C4 pool=  1 got= 1 short=0 | 7.4s
[526] size=17 budget=  642 C1 valid=63 novel=15 | C2 uniq=19 | C3 draws=  642 comp=  8 uniq=  8 novel=  5 pruned=   0 bt=464 cap= 6 | C4 pool=400 got=19 short=0 | 8.9s
[527] size=15 budget=  454 C1 valid=63 novel= 0 | C2 uniq= 4 | C3 draws=  454 comp=  3 uniq=  3 novel=  0 pruned=   0 bt=392 cap= 4 | C4 pool=  4 got= 4 short=0 | 6.2s
[528] size=11 budget=  384 C1 valid=64 novel= 0 | C2 uniq= 1 | C3 draws=  384 comp=  2 uniq=  2 novel=  0 pruned=   0 bt=328 cap= 4 | C4 pool=  2 got= 1 short=0 | 5.3s
[529] size= 9 budget=  712 C1 valid=64 novel=25 | C2 uniq=17 | C3 draws=  712 comp= 13 uniq= 13 novel= 10 pruned=   0 bt=460 cap= 6 | C4 pool=400 got=17 short=0 | 9.6s
[530] size=13 budget=  421 C1 valid=64 novel= 7 | C2 uniq= 5 | C3 draws=  421 comp=  4 uniq=  4 novel=  0 pruned=   0 bt=345 cap= 4 | C4 pool=  7 got= 5 short=0 | 5.8s
[531] size=19 budget=  921 C1 valid=30 novel= 9 | C2 uniq=15 | C3 draws=  921 comp= 11 uniq= 11 novel=  9 pruned=   0 bt=627 cap= 9 | C4 pool=400 got=15 short=0 | 13.3s
[532] size=11 budget=  385 C1 valid=63 novel= 0 | C2 uniq= 1 | C3 draws=  385 comp=  1 uniq=  1 novel=  0 pruned=   0 bt=341 cap= 4 | C4 pool=  1 got= 1 short=0 | 5.3s
[533] size=19 budget= 1096 C1 valid=59 novel=38 | C2 uniq=18 | C3 draws= 1096 comp= 15 uniq= 15 novel= 13 pruned=   0 bt=584 cap= 9 | C4 pool=227 got=18 short=0 | 17.0s
[534] size=15 budget=  451 C1 valid=64 novel=13 | C2 uniq= 5 | C3 draws=  451 comp=  5 uniq=  5 novel=  2 pruned=   0 bt=357 cap= 5 | C4 pool=  5 got= 5 short=0 | 6.2s
[535] size=17 budget=  747 C1 valid=47 novel=31 | C2 uniq=21 | C3 draws=  747 comp= 17 uniq= 17 novel= 15 pruned=   0 bt=444 cap= 5 | C4 pool=400 got=21 short=0 | 10.3s
[536] size=13 budget=  448 C1 valid=64 novel= 0 | C2 uniq= 1 | C3 draws=  448 comp=  1 uniq=  1 novel=  0 pruned=   0 bt=387 cap= 5 | C4 pool=  1 got= 1 short=0 | 6.2s
[537] size=15 budget=  256 C1 valid=64 novel= 0 | C2 uniq= 1 | C3 draws=  256 comp=  1 uniq=  1 novel=  0 pruned=   0 bt=219 cap= 3 | C4 pool=  1 got= 1 short=0 | 3.6s
[538] size=15 budget= 1287 C1 valid=62 novel=62 | C2 uniq=13 | C3 draws= 1287 comp= 13 uniq= 13 novel= 13 pruned=   0 bt=752 cap=10 | C4 pool=400 got=13 short=0 | 20.9s
[539] size=13 budget=  959 C1 valid=63 novel=44 | C2 uniq=21 | C3 draws=  959 comp= 17 uniq= 17 novel= 15 pruned=   0 bt=543 cap= 8 | C4 pool=400 got=21 short=0 | 13.5s
[540] size=13 budget=  576 C1 valid=64 novel=64 | C2 uniq= 1 | C3 draws=  576 comp=  1 uniq=  1 novel=  1 pruned=   0 bt=504 cap= 6 | C4 pool=  1 got= 1 short=0 | 8.0s
[541] size=13 budget=  630 C1 valid=64 novel= 0 | C2 uniq= 3 | C3 draws=  630 comp=  3 uniq=  3 novel=  0 pruned=   0 bt=500 cap= 7 | C4 pool=  3 got= 3 short=0 | 9.2s
[542] size=13 budget=  384 C1 valid=64 novel= 0 | C2 uniq= 1 | C3 draws=  384 comp=  1 uniq=  1 novel=  0 pruned=   0 bt=333 cap= 4 | C4 pool=  1 got= 1 short=0 | 5.4s
[543] size=11 budget=  384 C1 valid=64 novel= 0 | C2 uniq= 1 | C3 draws=  384 comp=  1 uniq=  1 novel=  0 pruned=   0 bt=337 cap= 4 | C4 pool=  1 got= 1 short=0 | 5.3s
[544] size=11 budget=  320 C1 valid=64 novel= 0 | C2 uniq= 1 | C3 draws=  320 comp=  1 uniq=  1 novel=  0 pruned=   0 bt=283 cap= 3 | C4 pool=  1 got= 1 short=0 | 4.5s
[545] size= 9 budget=  616 C1 valid=64 novel=21 | C2 uniq=19 | C3 draws=  616 comp=  4 uniq=  4 novel=  2 pruned=   0 bt=512 cap= 6 | C4 pool=400 got=19 short=0 | 8.7s
[546] size=13 budget=  384 C1 valid=64 novel= 0 | C2 uniq= 1 | C3 draws=  384 comp=  1 uniq=  1 novel=  0 pruned=   0 bt=333 cap= 4 | C4 pool=  1 got= 1 short=0 | 5.3s
[547] size=15 budget=  433 C1 valid=64 novel= 0 | C2 uniq= 3 | C3 draws=  433 comp=  3 uniq=  3 novel=  0 pruned=   0 bt=364 cap= 5 | C4 pool=  3 got= 3 short=0 | 6.0s
[548] size=11 budget=  721 C1 valid=64 novel=34 | C2 uniq=13 | C3 draws=  721 comp= 18 uniq= 18 novel= 17 pruned=   0 bt=319 cap= 3 | C4 pool=197 got=13 short=0 | 10.0s
[549] size=17 budget=  349 C1 valid=62 novel= 0 | C2 uniq= 2 | C3 draws=  349 comp=  2 uniq=  2 novel=  0 pruned=   0 bt=294 cap= 4 | C4 pool=  2 got= 2 short=0 | 4.9s
[550] size=15 budget=  584 C1 valid=55 novel=55 | C2 uniq= 1 | C3 draws=  584 comp=  1 uniq=  1 novel=  1 pruned=   0 bt=497 cap= 7 | C4 pool=  1 got= 1 short=0 | 8.3s
[551] size=17 budget=  450 C1 valid=59 novel= 0 | C2 uniq= 1 | C3 draws=  450 comp=  1 uniq=  1 novel=  0 pruned=   0 bt=389 cap= 5 | C4 pool=  1 got= 1 short=0 | 6.1s
[552] size=15 budget=  640 C1 valid=64 novel= 0 | C2 uniq= 1 | C3 draws=  640 comp=  1 uniq=  1 novel=  0 pruned=   0 bt=533 cap= 7 | C4 pool=  2 got= 1 short=0 | 9.4s
[553] size=13 budget=  434 C1 valid=64 novel= 8 | C2 uniq=10 | C3 draws=  434 comp=  2 uniq=  2 novel=  1 pruned=   0 bt=361 cap= 5 | C4 pool=400 got=10 short=0 | 6.2s
[554] size=19 budget=  576 C1 valid=64 novel= 0 | C2 uniq= 1 | C3 draws=  576 comp=  1 uniq=  1 novel=  0 pruned=   0 bt=479 cap= 7 | C4 pool=  1 got= 1 short=0 | 8.4s
[555] size=17 budget=  516 C1 valid=63 novel= 0 | C2 uniq= 1 | C3 draws=  516 comp=  1 uniq=  1 novel=  0 pruned=   0 bt=445 cap= 6 | C4 pool=  1 got= 1 short=0 | 7.2s
[556] size=11 budget=  418 C1 valid=63 novel= 0 | C2 uniq= 2 | C3 draws=  418 comp=  2 uniq=  2 novel=  0 pruned=   0 bt=364 cap= 4 | C4 pool=  2 got= 2 short=0 | 5.8s
[557] size=11 budget=  384 C1 valid=64 novel= 0 | C2 uniq= 1 | C3 draws=  384 comp=  1 uniq=  1 novel=  0 pruned=   0 bt=337 cap= 4 | C4 pool=  1 got= 1 short=0 | 5.4s
[558] size=13 budget=  626 C1 valid=45 novel= 3 | C2 uniq= 5 | C3 draws=  626 comp= 21 uniq= 21 novel= 17 pruned=   0 bt=148 cap= 1 | C4 pool=400 got= 5 short=0 | 8.4s
[559] size=19 budget=  256 C1 valid=64 novel= 0 | C2 uniq= 1 | C3 draws=  256 comp=  1 uniq=  1 novel=  0 pruned=   0 bt=219 cap= 3 | C4 pool=  1 got= 1 short=0 | 3.6s
[560] size=15 budget= 1332 C1 valid=48 novel=48 | C2 uniq=43 | C3 draws= 1332 comp= 38 uniq= 38 novel= 38 pruned=   0 bt=354 cap= 6 | C4 pool=400 got=43 short=0 | 18.1s
[561] size=13 budget=  329 C1 valid=64 novel= 6 | C2 uniq= 7 | C3 draws=  329 comp=  4 uniq=  4 novel=  0 pruned=   0 bt=271 cap= 3 | C4 pool=  9 got= 7 short=0 | 4.4s
[562] size=17 budget=  604 C1 valid=52 novel=11 | C2 uniq= 6 | C3 draws=  604 comp=  5 uniq=  5 novel=  3 pruned=   0 bt=480 cap= 6 | C4 pool=  8 got= 6 short=0 | 8.3s
[563] size= 9 budget=  384 C1 valid=64 novel= 0 | C2 uniq= 1 | C3 draws=  384 comp=  1 uniq=  1 novel=  0 pruned=   0 bt=333 cap= 4 | C4 pool=  2 got= 1 short=0 | 5.2s
[564] size=15 budget=  384 C1 valid=64 novel= 0 | C2 uniq= 1 | C3 draws=  384 comp=  1 uniq=  1 novel=  0 pruned=   0 bt=338 cap= 4 | C4 pool=  1 got= 1 short=0 | 5.3s
[565] size=19 budget=  320 C1 valid=64 novel= 0 | C2 uniq= 1 | C3 draws=  320 comp=  1 uniq=  1 novel=  0 pruned=   0 bt=274 cap= 4 | C4 pool=  1 got= 1 short=0 | 4.5s
[566] size=13 budget= 1281 C1 valid=50 novel=50 | C2 uniq=48 | C3 draws= 1281 comp= 64 uniq= 64 novel= 62 pruned=   0 bt= 81 cap= 1 | C4 pool=400 got=48 short=0 | 14.9s
[567] size= 9 budget=  774 C1 valid=56 novel=35 | C2 uniq=23 | C3 draws=  774 comp= 42 uniq= 42 novel= 41 pruned=   0 bt= 90 cap= 0 | C4 pool=400 got=23 short=0 | 8.9s
[568] size= 9 budget= 1300 C1 valid=14 novel=14 | C2 uniq=10 | C3 draws= 1300 comp= 25 uniq= 25 novel= 25 pruned=   0 bt=586 cap= 6 | C4 pool=400 got=10 short=0 | 18.9s
[569] size=13 budget=  320 C1 valid=64 novel= 0 | C2 uniq= 1 | C3 draws=  320 comp=  1 uniq=  1 novel=  0 pruned=   0 bt=279 cap= 3 | C4 pool=  1 got= 1 short=0 | 4.5s
[570] size= 9 budget=  285 C1 valid=62 novel= 0 | C2 uniq= 2 | C3 draws=  285 comp=  2 uniq=  2 novel=  0 pruned=   0 bt=242 cap= 3 | C4 pool=  2 got= 2 short=0 | 3.9s
[571] size=17 budget=  436 C1 valid=64 novel= 0 | C2 uniq= 2 | C3 draws=  436 comp=  2 uniq=  2 novel=  0 pruned=   0 bt=368 cap= 5 | C4 pool=  2 got= 2 short=0 | 6.0s
[572] size=19 budget=  743 C1 valid=63 novel=31 | C2 uniq= 2 | C3 draws=  743 comp=  2 uniq=  2 novel=  1 pruned=   0 bt=590 cap= 9 | C4 pool=  2 got= 2 short=0 | 10.9s
[573] size=11 budget=  575 C1 valid=63 novel= 0 | C2 uniq= 2 | C3 draws=  575 comp=  2 uniq=  2 novel=  0 pruned=   0 bt=472 cap= 6 | C4 pool=  2 got= 2 short=0 | 8.4s
[574] size=17 budget= 1035 C1 valid=27 novel=27 | C2 uniq= 4 | C3 draws= 1035 comp= 14 uniq= 14 novel= 12 pruned=   0 bt=719 cap= 9 | C4 pool=  8 got= 4 short=0 | 14.4s
[575] size=13 budget=  448 C1 valid=64 novel= 0 | C2 uniq= 2 | C3 draws=  448 comp=  2 uniq=  2 novel=  0 pruned=   0 bt=380 cap= 5 | C4 pool=  2 got= 2 short=0 | 6.1s
[576] size=13 budget=  812 C1 valid=62 novel=34 | C2 uniq= 4 | C3 draws=  812 comp=  4 uniq=  4 novel=  3 pruned=   0 bt=621 cap= 9 | C4 pool=  4 got= 4 short=0 | 11.9s
[577] size=19 budget= 1445 C1 valid=29 novel=29 | C2 uniq= 8 | C3 draws= 1445 comp=  7 uniq=  7 novel=  7 pruned=   0 bt=912 cap=17 | C4 pool= 10 got= 8 short=0 | 22.5s
[578] size= 9 budget=  320 C1 valid=63 novel= 0 | C2 uniq= 1 | C3 draws=  320 comp=  1 uniq=  1 novel=  0 pruned=   0 bt=279 cap= 3 | C4 pool=  1 got= 1 short=0 | 4.5s
[579] size=19 budget=  830 C1 valid=60 novel=60 | C2 uniq= 1 | C3 draws=  830 comp=  1 uniq=  1 novel=  1 pruned=   0 bt=674 cap=10 | C4 pool=  2 got= 1 short=0 | 12.4s
[580] size=17 budget=  649 C1 valid=38 novel= 0 | C2 uniq= 1 | C3 draws=  649 comp=  1 uniq=  1 novel=  0 pruned=   0 bt=562 cap= 8 | C4 pool=  1 got= 1 short=0 | 9.2s
[581] size=17 budget= 1233 C1 valid=11 novel=11 | C2 uniq= 5 | C3 draws= 1233 comp= 12 uniq= 12 novel= 12 pruned=   0 bt=766 cap=10 | C4 pool= 63 got= 5 short=0 | 18.3s
[582] size=15 budget= 1082 C1 valid=54 novel=38 | C2 uniq=32 | C3 draws= 1082 comp= 17 uniq= 17 novel= 15 pruned=   0 bt=591 cap= 9 | C4 pool=400 got=32 short=0 | 15.3s
[583] size=13 budget=  320 C1 valid=63 novel= 0 | C2 uniq= 1 | C3 draws=  320 comp=  1 uniq=  1 novel=  0 pruned=   0 bt=277 cap= 3 | C4 pool=  1 got= 1 short=0 | 4.5s
[584] size=17 budget=  451 C1 valid=63 novel= 0 | C2 uniq= 1 | C3 draws=  451 comp=  1 uniq=  1 novel=  0 pruned=   0 bt=390 cap= 5 | C4 pool=  1 got= 1 short=0 | 6.3s
[585] size=11 budget=  320 C1 valid=64 novel= 0 | C2 uniq= 1 | C3 draws=  320 comp=  1 uniq=  1 novel=  0 pruned=   0 bt=283 cap= 3 | C4 pool=  1 got= 1 short=0 | 4.5s
[586] size=19 budget=  710 C1 valid=59 novel= 8 | C2 uniq=10 | C3 draws=  710 comp= 10 uniq= 10 novel=  5 pruned=   0 bt=492 cap= 7 | C4 pool=400 got=10 short=0 | 10.3s
[587] size= 9 budget=  512 C1 valid=64 novel= 0 | C2 uniq= 1 | C3 draws=  512 comp=  1 uniq=  1 novel=  0 pruned=   0 bt=427 cap= 5 | C4 pool=  1 got= 1 short=0 | 7.5s
[588] size=17 budget=  483 C1 valid=64 novel=17 | C2 uniq= 7 | C3 draws=  483 comp=  3 uniq=  3 novel=  1 pruned=   0 bt=389 cap= 5 | C4 pool=  7 got= 7 short=0 | 6.9s
[589] size=15 budget=  564 C1 valid=61 novel=28 | C2 uniq=14 | C3 draws=  564 comp= 18 uniq= 18 novel= 17 pruned=   0 bt=264 cap= 1 | C4 pool=194 got=14 short=0 | 7.3s
[590] size=11 budget=  384 C1 valid=64 novel= 0 | C2 uniq= 1 | C3 draws=  384 comp=  1 uniq=  1 novel=  0 pruned=   0 bt=337 cap= 4 | C4 pool=  1 got= 1 short=0 | 5.3s
[591] size=11 budget=  614 C1 valid=63 novel= 1 | C2 uniq=14 | C3 draws=  614 comp=  3 uniq=  3 novel=  0 pruned=   0 bt=517 cap= 7 | C4 pool=400 got=14 short=0 | 9.3s
[592] size=19 budget=  774 C1 valid=58 novel=14 | C2 uniq=16 | C3 draws=  774 comp=  9 uniq=  9 novel=  5 pruned=   0 bt=536 cap= 8 | C4 pool=400 got=16 short=0 | 12.8s
[593] size=19 budget= 1674 C1 valid=28 novel=28 | C2 uniq=23 | C3 draws= 1674 comp= 29 uniq= 29 novel= 29 pruned=   0 bt=606 cap=12 | C4 pool=400 got=23 short=0 | 24.4s
[594] size=17 budget=  444 C1 valid= 4 novel= 0 | C2 uniq= 1 | C3 draws=  444 comp=  0 uniq=  0 novel=  0 pruned=   0 bt=390 cap= 5 | C4 pool=  1 got= 1 short=0 | 6.3s
[595] size=15 budget=  772 C1 valid=54 novel=24 | C2 uniq= 5 | C3 draws=  772 comp=  4 uniq=  4 novel=  3 pruned=   0 bt=636 cap= 8 | C4 pool= 81 got= 5 short=0 | 10.9s
[596] size=11 budget=  482 C1 valid=64 novel=26 | C2 uniq= 3 | C3 draws=  482 comp=  2 uniq=  2 novel=  1 pruned=   0 bt=405 cap= 5 | C4 pool=  3 got= 3 short=0 | 6.9s
[597] size= 9 budget=  320 C1 valid=64 novel= 0 | C2 uniq= 1 | C3 draws=  320 comp=  1 uniq=  1 novel=  0 pruned=   0 bt=279 cap= 3 | C4 pool=  1 got= 1 short=0 | 4.5s
[598] size=19 budget=  417 C1 valid=63 novel= 0 | C2 uniq= 2 | C3 draws=  417 comp=  2 uniq=  2 novel=  0 pruned=   0 bt=356 cap= 5 | C4 pool=  2 got= 2 short=0 | 5.8s
[599] size=15 budget=  448 C1 valid=64 novel= 0 | C2 uniq= 1 | C3 draws=  448 comp=  1 uniq=  1 novel=  0 pruned=   0 bt=392 cap= 5 | C4 pool=  1 got= 1 short=0 | 6.2s
[600] size= 9 budget=  384 C1 valid=64 novel= 0 | C2 uniq= 1 | C3 draws=  384 comp=  1 uniq=  1 novel=  0 pruned=   0 bt=333 cap= 4 | C4 pool=  1 got= 1 short=0 | 5.3s
[601] size=15 budget=  320 C1 valid=64 novel= 0 | C2 uniq= 1 | C3 draws=  320 comp=  1 uniq=  1 novel=  0 pruned=   0 bt=282 cap= 3 | C4 pool=  1 got= 1 short=0 | 4.5s
[602] size= 9 budget=  320 C1 valid=63 novel= 0 | C2 uniq= 1 | C3 draws=  320 comp=  1 uniq=  1 novel=  0 pruned=   0 bt=279 cap= 3 | C4 pool=  1 got= 1 short=0 | 4.4s
[603] size=17 budget=  384 C1 valid=64 novel= 0 | C2 uniq= 1 | C3 draws=  384 comp=  1 uniq=  1 novel=  0 pruned=   0 bt=334 cap= 4 | C4 pool=  1 got= 1 short=0 | 5.4s
[604] size= 9 budget=  384 C1 valid=64 novel= 0 | C2 uniq= 1 | C3 draws=  384 comp=  1 uniq=  1 novel=  0 pruned=   0 bt=333 cap= 4 | C4 pool=  1 got= 1 short=0 | 5.4s
[605] size=17 budget=  359 C1 valid=62 novel= 5 | C2 uniq=12 | C3 draws=  359 comp=  5 uniq=  5 novel=  3 pruned=   0 bt=272 cap= 4 | C4 pool= 15 got=12 short=0 | 4.9s
[606] size=13 budget=  415 C1 valid=64 novel= 0 | C2 uniq= 3 | C3 draws=  415 comp=  3 uniq=  3 novel=  0 pruned=   0 bt=351 cap= 4 | C4 pool=  3 got= 3 short=0 | 5.7s
[607] size=19 budget=  723 C1 valid=59 novel=29 | C2 uniq= 4 | C3 draws=  723 comp=  3 uniq=  3 novel=  1 pruned=   0 bt=576 cap= 9 | C4 pool=  4 got= 4 short=0 | 10.2s
[608] size= 9 budget= 1012 C1 valid=59 novel=43 | C2 uniq=41 | C3 draws= 1012 comp= 29 uniq= 29 novel= 28 pruned=   0 bt=423 cap= 6 | C4 pool=400 got=41 short=0 | 13.1s
[609] size=19 budget=  384 C1 valid=64 novel= 0 | C2 uniq= 1 | C3 draws=  384 comp=  1 uniq=  1 novel=  0 pruned=   0 bt=335 cap= 5 | C4 pool=  1 got= 1 short=0 | 3.1s
[610] size= 9 budget=  311 C1 valid=64 novel= 2 | C2 uniq= 5 | C3 draws=  311 comp=  5 uniq=  5 novel=  1 pruned=   0 bt=247 cap= 3 | C4 pool=  6 got= 5 short=0 | 2.4s
[611] size=19 budget=  512 C1 valid=63 novel=63 | C2 uniq= 1 | C3 draws=  512 comp=  1 uniq=  1 novel=  1 pruned=   0 bt=447 cap= 6 | C4 pool=  1 got= 1 short=0 | 4.1s
[612] size=15 budget=  448 C1 valid=64 novel= 0 | C2 uniq= 1 | C3 draws=  448 comp=  1 uniq=  1 novel=  0 pruned=   0 bt=392 cap= 5 | C4 pool=  1 got= 1 short=0 | 3.6s
[613] size=19 budget= 1174 C1 valid=46 novel=23 | C2 uniq=27 | C3 draws= 1174 comp= 31 uniq= 31 novel= 27 pruned=   0 bt=371 cap= 5 | C4 pool=400 got=27 short=0 | 9.4s
[614] size=19 budget=  522 C1 valid=62 novel=10 | C2 uniq=13 | C3 draws=  522 comp= 23 uniq= 23 novel= 16 pruned=   0 bt=140 cap= 1 | C4 pool=400 got=13 short=0 | 4.4s
[615] size=19 budget=  586 C1 valid=64 novel= 8 | C2 uniq=12 | C3 draws=  586 comp= 22 uniq= 22 novel= 12 pruned=   0 bt=209 cap= 1 | C4 pool=400 got=12 short=0 | 4.6s
[616] size=19 budget=  394 C1 valid=60 novel=17 | C2 uniq= 2 | C3 draws=  394 comp=  8 uniq=  8 novel=  7 pruned=   0 bt=264 cap= 1 | C4 pool=  3 got= 2 short=0 | 3.1s
[617] size=13 budget=  640 C1 valid=64 novel=64 | C2 uniq= 1 | C3 draws=  640 comp=  1 uniq=  1 novel=  1 pruned=   0 bt=518 cap= 7 | C4 pool=  1 got= 1 short=0 | 5.6s
[618] size= 9 budget=  341 C1 valid=46 novel= 0 | C2 uniq= 1 | C3 draws=  341 comp=  1 uniq=  1 novel=  0 pruned=   0 bt=300 cap= 3 | C4 pool=  1 got= 1 short=0 | 2.7s
[619] size= 9 budget=  320 C1 valid=64 novel= 0 | C2 uniq= 1 | C3 draws=  320 comp=  1 uniq=  1 novel=  0 pruned=   0 bt=279 cap= 3 | C4 pool=  1 got= 1 short=0 | 2.6s
[620] size=11 budget=  734 C1 valid=64 novel=51 | C2 uniq= 4 | C3 draws=  734 comp=  4 uniq=  4 novel=  3 pruned=   0 bt=568 cap= 8 | C4 pool=  8 got= 4 short=0 | 6.3s
[621] size=17 budget=  448 C1 valid=64 novel= 0 | C2 uniq= 1 | C3 draws=  448 comp=  1 uniq=  1 novel=  0 pruned=   0 bt=387 cap= 5 | C4 pool=  1 got= 1 short=0 | 3.6s
[622] size=13 budget=  430 C1 valid=61 novel= 0 | C2 uniq= 4 | C3 draws=  430 comp=  4 uniq=  4 novel=  0 pruned=   0 bt=357 cap= 4 | C4 pool=  4 got= 4 short=0 | 3.4s
[623] size=15 budget=  256 C1 valid=64 novel= 0 | C2 uniq= 1 | C3 draws=  256 comp=  1 uniq=  1 novel=  0 pruned=   0 bt=219 cap= 3 | C4 pool=  1 got= 1 short=0 | 2.1s
[624] size=19 budget=  576 C1 valid=64 novel= 0 | C2 uniq= 1 | C3 draws=  576 comp=  1 uniq=  1 novel=  0 pruned=   0 bt=479 cap= 7 | C4 pool=  1 got= 1 short=0 | 4.8s
[625] size=17 budget=  702 C1 valid=62 novel=62 | C2 uniq= 1 | C3 draws=  702 comp=  3 uniq=  3 novel=  3 pruned=   0 bt=583 cap= 8 | C4 pool=  4 got= 1 short=0 | 5.9s
[626] size=11 budget=  448 C1 valid=64 novel= 0 | C2 uniq= 1 | C3 draws=  448 comp=  1 uniq=  1 novel=  0 pruned=   0 bt=393 cap= 5 | C4 pool=  1 got= 1 short=0 | 3.6s
[627] size=19 budget=  764 C1 valid=42 novel=41 | C2 uniq= 6 | C3 draws=  764 comp=  6 uniq=  6 novel=  5 pruned=   0 bt=560 cap= 9 | C4 pool= 31 got= 6 short=0 | 6.5s
[628] size=17 budget=  352 C1 valid=64 novel= 0 | C2 uniq= 2 | C3 draws=  352 comp=  2 uniq=  2 novel=  0 pruned=   0 bt=296 cap= 4 | C4 pool=  2 got= 2 short=0 | 2.8s
[629] size=17 budget=  578 C1 valid=63 novel=63 | C2 uniq= 1 | C3 draws=  578 comp=  1 uniq=  1 novel=  1 pruned=   0 bt=489 cap= 7 | C4 pool=  1 got= 1 short=0 | 4.8s
[630] size= 9 budget=  320 C1 valid=64 novel= 0 | C2 uniq= 1 | C3 draws=  320 comp=  1 uniq=  1 novel=  0 pruned=   0 bt=279 cap= 3 | C4 pool=  1 got= 1 short=0 | 2.6s
[631] size=17 budget=  577 C1 valid=59 novel=22 | C2 uniq=11 | C3 draws=  577 comp= 12 uniq= 12 novel= 10 pruned=   0 bt=308 cap= 5 | C4 pool=400 got=11 short=0 | 4.8s
[632] size= 9 budget=  384 C1 valid=64 novel= 0 | C2 uniq= 2 | C3 draws=  384 comp=  2 uniq=  2 novel=  0 pruned=   0 bt=327 cap= 4 | C4 pool=  2 got= 2 short=0 | 3.1s
[633] size=15 budget=  742 C1 valid=43 novel=43 | C2 uniq= 8 | C3 draws=  742 comp=  8 uniq=  8 novel=  8 pruned=   0 bt=556 cap= 6 | C4 pool= 15 got= 8 short=0 | 6.2s
[634] size=19 budget=  320 C1 valid=64 novel= 0 | C2 uniq= 1 | C3 draws=  320 comp=  1 uniq=  1 novel=  0 pruned=   0 bt=274 cap= 4 | C4 pool=  1 got= 1 short=0 | 2.6s
[635] size=13 budget=  320 C1 valid=64 novel= 0 | C2 uniq= 1 | C3 draws=  320 comp=  1 uniq=  1 novel=  0 pruned=   0 bt=279 cap= 3 | C4 pool=  1 got= 1 short=0 | 2.6s
[636] size=19 budget= 1488 C1 valid=16 novel=14 | C2 uniq=15 | C3 draws= 1488 comp= 14 uniq= 14 novel= 13 pruned=   0 bt=1050 cap=15 | C4 pool=400 got=15 short=0 | 12.8s
[637] size= 9 budget=  353 C1 valid=64 novel= 0 | C2 uniq= 2 | C3 draws=  353 comp=  2 uniq=  2 novel=  0 pruned=   0 bt=304 cap= 4 | C4 pool=  2 got= 2 short=0 | 2.8s
[638] size=17 budget= 1218 C1 valid=36 novel=36 | C2 uniq=22 | C3 draws= 1218 comp= 34 uniq= 34 novel= 34 pruned=   0 bt=482 cap= 0 | C4 pool=400 got=22 short=0 | 9.5s
[639] size=13 budget=  778 C1 valid=42 novel= 7 | C2 uniq=10 | C3 draws=  778 comp= 10 uniq= 10 novel=  7 pruned=   0 bt=525 cap= 7 | C4 pool=400 got=10 short=0 | 6.2s
[640] size=19 budget=  544 C1 valid=53 novel=16 | C2 uniq= 8 | C3 draws=  544 comp=  3 uniq=  3 novel=  1 pruned=   0 bt=464 cap= 6 | C4 pool=132 got= 8 short=0 | 4.4s
[641] size=15 budget=  384 C1 valid=64 novel= 0 | C2 uniq= 1 | C3 draws=  384 comp=  1 uniq=  1 novel=  0 pruned=   0 bt=338 cap= 4 | C4 pool=  1 got= 1 short=0 | 3.1s
[642] size=13 budget=  320 C1 valid=64 novel= 0 | C2 uniq= 1 | C3 draws=  320 comp=  1 uniq=  1 novel=  0 pruned=   0 bt=279 cap= 3 | C4 pool=  1 got= 1 short=0 | 2.6s
[643] size=17 budget= 1120 C1 valid=40 novel= 0 | C2 uniq= 1 | C3 draws= 1120 comp=  2 uniq=  2 novel=  1 pruned=   0 bt=819 cap=13 | C4 pool=  1 got= 1 short=0 | 10.0s
[644] size= 7 budget=  315 C1 valid=64 novel= 0 | C2 uniq= 5 | C3 draws=  315 comp=  4 uniq=  4 novel=  0 pruned=   0 bt=270 cap= 3 | C4 pool=  5 got= 5 short=0 | 2.5s
[645] size=13 budget=  384 C1 valid=64 novel= 0 | C2 uniq= 1 | C3 draws=  384 comp=  2 uniq=  2 novel=  0 pruned=   0 bt=326 cap= 4 | C4 pool=  2 got= 1 short=0 | 3.1s
[646] size=15 budget=  549 C1 valid=46 novel= 2 | C2 uniq= 3 | C3 draws=  549 comp=  3 uniq=  3 novel=  1 pruned=   0 bt=457 cap= 6 | C4 pool=  2 got= 2 short=1 | 4.4s
[647] size=17 budget=  385 C1 valid=63 novel= 0 | C2 uniq= 1 | C3 draws=  385 comp=  1 uniq=  1 novel=  0 pruned=   0 bt=334 cap= 4 | C4 pool=  1 got= 1 short=0 | 3.2s
[648] size=13 budget=  436 C1 valid=63 novel= 0 | C2 uniq= 6 | C3 draws=  436 comp=  3 uniq=  3 novel=  0 pruned=   0 bt=360 cap= 5 | C4 pool=  6 got= 6 short=0 | 3.5s
[649] size=19 budget=  440 C1 valid=63 novel= 0 | C2 uniq= 3 | C3 draws=  440 comp=  3 uniq=  3 novel=  0 pruned=   0 bt=371 cap= 5 | C4 pool=  3 got= 3 short=0 | 3.5s
[650] size=11 budget=  342 C1 valid=63 novel= 0 | C2 uniq= 2 | C3 draws=  342 comp=  2 uniq=  2 novel=  0 pruned=   0 bt=295 cap= 3 | C4 pool=  2 got= 2 short=0 | 2.7s
[651] size=11 budget=  320 C1 valid=64 novel= 0 | C2 uniq= 1 | C3 draws=  320 comp=  1 uniq=  1 novel=  0 pruned=   0 bt=283 cap= 3 | C4 pool=  1 got= 1 short=0 | 2.6s
[652] size=19 budget=  543 C1 valid=64 novel=64 | C2 uniq= 4 | C3 draws=  543 comp=  4 uniq=  4 novel=  4 pruned=   0 bt=462 cap= 6 | C4 pool=  4 got= 4 short=0 | 4.3s
[653] size=19 budget=  782 C1 valid=63 novel=46 | C2 uniq= 9 | C3 draws=  782 comp=  8 uniq=  8 novel=  7 pruned=   0 bt=560 cap= 8 | C4 pool=  9 got= 9 short=0 | 6.6s
[654] size=17 budget=  320 C1 valid=64 novel= 0 | C2 uniq= 1 | C3 draws=  320 comp=  1 uniq=  1 novel=  0 pruned=   0 bt=273 cap= 4 | C4 pool=  1 got= 1 short=0 | 2.6s
[655] size=13 budget=  739 C1 valid=62 novel=27 | C2 uniq=25 | C3 draws=  739 comp= 12 uniq= 12 novel=  8 pruned=   0 bt=514 cap= 6 | C4 pool=400 got=25 short=0 | 5.8s
[656] size= 9 budget=  320 C1 valid=64 novel= 0 | C2 uniq= 1 | C3 draws=  320 comp=  1 uniq=  1 novel=  0 pruned=   0 bt=279 cap= 3 | C4 pool=  1 got= 1 short=0 | 2.6s
[657] size=17 budget=  960 C1 valid=63 novel= 0 | C2 uniq= 1 | C3 draws=  960 comp=  1 uniq=  1 novel=  0 pruned=   0 bt=711 cap=12 | C4 pool=  2 got= 1 short=0 | 8.7s
[658] size=13 budget=  320 C1 valid=64 novel= 0 | C2 uniq= 1 | C3 draws=  320 comp=  1 uniq=  1 novel=  0 pruned=   0 bt=279 cap= 3 | C4 pool=  1 got= 1 short=0 | 2.6s
[659] size=19 budget=  640 C1 valid=64 novel=64 | C2 uniq= 1 | C3 draws=  640 comp=  1 uniq=  1 novel=  1 pruned=   0 bt=512 cap= 8 | C4 pool=  2 got= 1 short=0 | 5.6s
[660] size=19 budget= 1357 C1 valid=59 novel=59 | C2 uniq=28 | C3 draws= 1357 comp= 26 uniq= 26 novel= 26 pruned=   0 bt=581 cap=10 | C4 pool=400 got=28 short=0 | 11.5s
[661] size=15 budget=  512 C1 valid=64 novel= 0 | C2 uniq= 1 | C3 draws=  512 comp=  1 uniq=  1 novel=  0 pruned=   0 bt=427 cap= 6 | C4 pool=  2 got= 1 short=0 | 4.3s
[662] size=19 budget=  451 C1 valid=64 novel= 1 | C2 uniq= 2 | C3 draws=  451 comp=  1 uniq=  1 novel=  0 pruned=   0 bt=395 cap= 5 | C4 pool=  2 got= 2 short=0 | 3.7s
[663] size=15 budget= 1122 C1 valid=48 novel=33 | C2 uniq=21 | C3 draws= 1122 comp= 13 uniq= 13 novel= 12 pruned=   0 bt=688 cap=10 | C4 pool=400 got=21 short=0 | 9.9s
[664] size=11 budget=  292 C1 valid=61 novel= 0 | C2 uniq= 1 | C3 draws=  292 comp=  1 uniq=  1 novel=  0 pruned=   0 bt=248 cap= 3 | C4 pool=  1 got= 1 short=0 | 2.5s
[665] size=15 budget=  412 C1 valid=64 novel= 0 | C2 uniq= 3 | C3 draws=  412 comp=  3 uniq=  3 novel=  0 pruned=   0 bt=348 cap= 4 | C4 pool=  3 got= 3 short=0 | 3.3s
[666] size=17 budget=  847 C1 valid=59 novel=41 | C2 uniq=17 | C3 draws=  847 comp= 14 uniq= 14 novel= 10 pruned=   0 bt=526 cap= 8 | C4 pool=400 got=17 short=0 | 7.1s
[667] size=13 budget=  384 C1 valid=64 novel= 0 | C2 uniq= 1 | C3 draws=  384 comp=  1 uniq=  1 novel=  0 pruned=   0 bt=333 cap= 4 | C4 pool=  2 got= 1 short=0 | 3.1s
[668] size=19 budget=  835 C1 valid=42 novel=11 | C2 uniq=15 | C3 draws=  835 comp=  7 uniq=  7 novel=  4 pruned=   0 bt=645 cap= 9 | C4 pool=400 got=15 short=0 | 6.7s
[669] size=11 budget=  594 C1 valid=64 novel= 0 | C2 uniq= 2 | C3 draws=  594 comp=  2 uniq=  2 novel=  0 pruned=   0 bt=496 cap= 6 | C4 pool=  2 got= 2 short=0 | 5.0s
[670] size=17 budget= 1181 C1 valid=13 novel=13 | C2 uniq=11 | C3 draws= 1181 comp=  8 uniq=  8 novel=  8 pruned=   0 bt=833 cap=13 | C4 pool=400 got=11 short=0 | 10.3s
[671] size=19 budget=  508 C1 valid=60 novel= 0 | C2 uniq= 1 | C3 draws=  508 comp=  1 uniq=  1 novel=  0 pruned=   0 bt=443 cap= 6 | C4 pool=  1 got= 1 short=0 | 4.1s
[672] size=15 budget=  448 C1 valid=64 novel= 0 | C2 uniq= 1 | C3 draws=  448 comp=  1 uniq=  1 novel=  0 pruned=   0 bt=392 cap= 5 | C4 pool=  1 got= 1 short=0 | 3.6s
[673] size=15 budget=  256 C1 valid=64 novel= 0 | C2 uniq= 1 | C3 draws=  256 comp=  1 uniq=  1 novel=  0 pruned=   0 bt=219 cap= 3 | C4 pool=  1 got= 1 short=0 | 2.1s
[674] size=17 budget=  576 C1 valid=63 novel=63 | C2 uniq= 2 | C3 draws=  576 comp=  2 uniq=  2 novel=  2 pruned=   0 bt=454 cap= 7 | C4 pool=  2 got= 2 short=0 | 4.9s
[675] size=11 budget=  384 C1 valid=64 novel= 0 | C2 uniq= 1 | C3 draws=  384 comp=  1 uniq=  1 novel=  0 pruned=   0 bt=337 cap= 4 | C4 pool=  1 got= 1 short=0 | 3.1s
[676] size=15 budget=  384 C1 valid=64 novel= 0 | C2 uniq= 1 | C3 draws=  384 comp=  1 uniq=  1 novel=  0 pruned=   0 bt=338 cap= 4 | C4 pool=  1 got= 1 short=0 | 3.1s
[677] size=15 budget= 1289 C1 valid=40 novel=40 | C2 uniq=13 | C3 draws= 1289 comp= 12 uniq= 12 novel= 12 pruned=   0 bt=767 cap=12 | C4 pool=400 got=13 short=0 | 11.6s
[678] size=11 budget=  576 C1 valid=64 novel=64 | C2 uniq= 1 | C3 draws=  576 comp=  1 uniq=  1 novel=  1 pruned=   0 bt=490 cap= 6 | C4 pool=  1 got= 1 short=0 | 4.9s
[679] size=13 budget=  581 C1 valid=64 novel=25 | C2 uniq=15 | C3 draws=  581 comp=  6 uniq=  6 novel=  5 pruned=   0 bt=432 cap= 5 | C4 pool=400 got=15 short=0 | 4.7s
[680] size=17 budget=  590 C1 valid=55 novel= 0 | C2 uniq= 1 | C3 draws=  590 comp=  1 uniq=  1 novel=  0 pruned=   0 bt=511 cap= 7 | C4 pool=  1 got= 1 short=0 | 4.9s
[681] size=19 budget=  540 C1 valid=62 novel= 9 | C2 uniq= 5 | C3 draws=  540 comp=  5 uniq=  5 novel=  1 pruned=   0 bt=421 cap= 6 | C4 pool=  6 got= 5 short=0 | 4.4s
[682] size=19 budget=  773 C1 valid=24 novel= 0 | C2 uniq= 1 | C3 draws=  773 comp=  1 uniq=  1 novel=  0 pruned=   0 bt=604 cap=10 | C4 pool=  1 got= 1 short=0 | 7.0s
[683] size= 9 budget=  406 C1 valid=64 novel= 0 | C2 uniq= 3 | C3 draws=  406 comp=  3 uniq=  3 novel=  0 pruned=   0 bt=345 cap= 4 | C4 pool=  4 got= 3 short=0 | 3.3s
[684] size=17 budget= 1284 C1 valid=10 novel=10 | C2 uniq= 8 | C3 draws= 1284 comp=  7 uniq=  7 novel=  7 pruned=   0 bt=836 cap=14 | C4 pool=400 got= 8 short=0 | 12.0s
[685] size=19 budget=  957 C1 valid=63 novel=15 | C2 uniq=21 | C3 draws=  957 comp= 12 uniq= 12 novel=  5 pruned=   0 bt=572 cap= 8 | C4 pool=400 got=21 short=0 | 8.9s
[686] size=15 budget=  522 C1 valid=57 novel= 6 | C2 uniq= 8 | C3 draws=  522 comp= 16 uniq= 16 novel= 11 pruned=   0 bt=174 cap= 2 | C4 pool=118 got= 8 short=0 | 4.2s
[687] size=19 budget=  748 C1 valid=64 novel=44 | C2 uniq= 3 | C3 draws=  748 comp=  3 uniq=  3 novel=  2 pruned=   0 bt=590 cap= 9 | C4 pool=  3 got= 3 short=0 | 6.3s
[688] size=19 budget=  381 C1 valid=64 novel= 3 | C2 uniq= 5 | C3 draws=  381 comp=  2 uniq=  2 novel=  1 pruned=   0 bt=322 cap= 4 | C4 pool= 73 got= 5 short=0 | 3.1s
[689] size=13 budget=  807 C1 valid=64 novel=64 | C2 uniq=21 | C3 draws=  807 comp= 48 uniq= 48 novel= 47 pruned=   0 bt= 72 cap= 0 | C4 pool=400 got=21 short=0 | 5.1s
[690] size=17 budget=  870 C1 valid=61 novel=49 | C2 uniq=18 | C3 draws=  870 comp= 29 uniq= 29 novel= 27 pruned=   0 bt=340 cap= 1 | C4 pool=400 got=18 short=0 | 6.8s
[691] size=11 budget=  399 C1 valid=64 novel= 0 | C2 uniq= 3 | C3 draws=  399 comp=  3 uniq=  3 novel=  0 pruned=   0 bt=337 cap= 4 | C4 pool=  5 got= 3 short=0 | 3.3s
[692] size=11 budget=  325 C1 valid=61 novel= 0 | C2 uniq= 1 | C3 draws=  325 comp=  1 uniq=  1 novel=  0 pruned=   0 bt=287 cap= 3 | C4 pool=  2 got= 1 short=0 | 2.6s
[693] size=19 budget=  384 C1 valid=64 novel= 0 | C2 uniq= 1 | C3 draws=  384 comp=  1 uniq=  1 novel=  0 pruned=   0 bt=335 cap= 5 | C4 pool=  1 got= 1 short=0 | 3.1s
[694] size=19 budget=  384 C1 valid=64 novel= 0 | C2 uniq= 1 | C3 draws=  384 comp=  1 uniq=  1 novel=  0 pruned=   0 bt=335 cap= 5 | C4 pool=  1 got= 1 short=0 | 3.1s
[695] size=19 budget=  669 C1 valid= 3 novel= 3 | C2 uniq= 1 | C3 draws=  669 comp=  0 uniq=  0 novel=  0 pruned=   0 bt=586 cap= 8 | C4 pool=  2 got= 1 short=0 | 5.7s
[696] size=11 budget=  384 C1 valid=63 novel= 0 | C2 uniq= 1 | C3 draws=  384 comp=  1 uniq=  1 novel=  0 pruned=   0 bt=337 cap= 4 | C4 pool=  1 got= 1 short=0 | 3.1s
[697] size=19 budget=  320 C1 valid=64 novel= 0 | C2 uniq= 1 | C3 draws=  320 comp=  1 uniq=  1 novel=  0 pruned=   0 bt=274 cap= 4 | C4 pool=  1 got= 1 short=0 | 2.6s
[698] size=11 budget=  256 C1 valid=64 novel= 0 | C2 uniq= 1 | C3 draws=  256 comp=  1 uniq=  1 novel=  0 pruned=   0 bt=225 cap= 3 | C4 pool=  1 got= 1 short=0 | 2.1s
[699] size=19 budget=  576 C1 valid=62 novel=62 | C2 uniq= 1 | C3 draws=  576 comp=  1 uniq=  1 novel=  1 pruned=   0 bt=501 cap= 7 | C4 pool=  1 got= 1 short=0 | 4.8s
[700] size=17 budget= 1004 C1 valid=62 novel=62 | C2 uniq=23 | C3 draws= 1004 comp= 19 uniq= 19 novel= 19 pruned=   0 bt=607 cap= 5 | C4 pool= 48 got=23 short=0 | 8.4s
[701] size=13 budget=  384 C1 valid=64 novel= 0 | C2 uniq= 1 | C3 draws=  384 comp=  1 uniq=  1 novel=  0 pruned=   0 bt=333 cap= 4 | C4 pool=  1 got= 1 short=0 | 3.1s
[702] size=11 budget=  320 C1 valid=64 novel= 0 | C2 uniq= 1 | C3 draws=  320 comp=  1 uniq=  1 novel=  0 pruned=   0 bt=283 cap= 3 | C4 pool=  1 got= 1 short=0 | 2.6s
[703] size=15 budget=  636 C1 valid=55 novel=21 | C2 uniq=16 | C3 draws=  636 comp=  4 uniq=  4 novel=  3 pruned=   0 bt=519 cap= 7 | C4 pool=400 got=16 short=0 | 5.2s
[704] size=11 budget=  448 C1 valid=64 novel= 0 | C2 uniq= 1 | C3 draws=  448 comp=  1 uniq=  1 novel=  0 pruned=   0 bt=393 cap= 5 | C4 pool=  1 got= 1 short=0 | 3.6s
[705] size=15 budget=  948 C1 valid=63 novel=63 | C2 uniq=23 | C3 draws=  948 comp= 20 uniq= 20 novel= 20 pruned=   0 bt=520 cap= 5 | C4 pool=400 got=23 short=0 | 7.8s
[706] size=13 budget=  576 C1 valid=64 novel= 0 | C2 uniq= 1 | C3 draws=  576 comp=  1 uniq=  1 novel=  0 pruned=   0 bt=476 cap= 6 | C4 pool=  1 got= 1 short=0 | 5.0s
[707] size=19 budget= 1458 C1 valid= 8 novel= 7 | C2 uniq= 8 | C3 draws= 1458 comp= 11 uniq= 11 novel= 10 pruned=   0 bt=1006 cap=15 | C4 pool=400 got= 8 short=0 | 13.3s
[708] size=17 budget=  488 C1 valid=40 novel= 0 | C2 uniq= 1 | C3 draws=  488 comp=  1 uniq=  1 novel=  0 pruned=   0 bt=412 cap= 6 | C4 pool=  1 got= 1 short=0 | 4.1s
[709] size=15 budget= 1035 C1 valid=64 novel=64 | C2 uniq= 3 | C3 draws= 1035 comp=  2 uniq=  2 novel=  2 pruned=   0 bt=793 cap=12 | C4 pool=  1 got= 1 short=2 | 9.2s
[710] size=17 budget=  384 C1 valid=64 novel= 0 | C2 uniq= 1 | C3 draws=  384 comp=  1 uniq=  1 novel=  0 pruned=   0 bt=334 cap= 4 | C4 pool=  1 got= 1 short=0 | 3.1s
[711] size=15 budget=  320 C1 valid=64 novel= 0 | C2 uniq= 1 | C3 draws=  320 comp=  1 uniq=  1 novel=  0 pruned=   0 bt=282 cap= 3 | C4 pool=  2 got= 1 short=0 | 2.6s
[712] size=17 budget=  372 C1 valid=64 novel= 0 | C2 uniq= 4 | C3 draws=  372 comp=  4 uniq=  4 novel=  0 pruned=   0 bt=304 cap= 4 | C4 pool=  4 got= 4 short=0 | 2.9s
[713] size=15 budget=  320 C1 valid=64 novel= 0 | C2 uniq= 1 | C3 draws=  320 comp=  1 uniq=  1 novel=  0 pruned=   0 bt=282 cap= 3 | C4 pool=  1 got= 1 short=0 | 2.6s
[714] size=13 budget=  576 C1 valid=64 novel=64 | C2 uniq= 1 | C3 draws=  576 comp=  1 uniq=  1 novel=  1 pruned=   0 bt=476 cap= 6 | C4 pool=  1 got= 1 short=0 | 5.1s
[715] size=15 budget=  945 C1 valid=58 novel=44 | C2 uniq=17 | C3 draws=  945 comp= 12 uniq= 12 novel= 11 pruned=   0 bt=564 cap= 9 | C4 pool=400 got=17 short=0 | 8.2s
[716] size=15 budget=  454 C1 valid=64 novel=11 | C2 uniq= 5 | C3 draws=  454 comp=  4 uniq=  4 novel=  1 pruned=   0 bt=374 cap= 5 | C4 pool=  6 got= 5 short=0 | 3.6s
[717] size=19 budget=  722 C1 valid=27 novel=14 | C2 uniq=12 | C3 draws=  722 comp=  4 uniq=  4 novel=  0 pruned=   0 bt=564 cap= 8 | C4 pool=159 got=12 short=0 | 6.2s
[718] size=17 budget=  684 C1 valid=56 novel=21 | C2 uniq= 5 | C3 draws=  684 comp=  5 uniq=  5 novel=  3 pruned=   0 bt=514 cap= 8 | C4 pool=  6 got= 5 short=0 | 5.8s
[719] size=11 budget=  618 C1 valid=60 novel= 9 | C2 uniq= 4 | C3 draws=  618 comp=  5 uniq=  5 novel=  4 pruned=   0 bt=495 cap= 6 | C4 pool=  2 got= 2 short=2 | 5.0s
[720] size=13 budget=  384 C1 valid=64 novel= 0 | C2 uniq= 1 | C3 draws=  384 comp=  1 uniq=  1 novel=  0 pruned=   0 bt=333 cap= 4 | C4 pool=  2 got= 1 short=0 | 3.1s
[721] size=19 budget=  447 C1 valid=60 novel= 6 | C2 uniq= 5 | C3 draws=  447 comp=  7 uniq=  7 novel=  4 pruned=   0 bt=324 cap= 4 | C4 pool=  5 got= 5 short=0 | 3.5s
[722] size=17 budget=  525 C1 valid=64 novel= 0 | C2 uniq= 5 | C3 draws=  525 comp=  4 uniq=  4 novel=  0 pruned=   0 bt=413 cap= 6 | C4 pool=  9 got= 5 short=0 | 4.2s
[723] size=13 budget=  512 C1 valid=64 novel= 0 | C2 uniq= 1 | C3 draws=  512 comp=  1 uniq=  1 novel=  0 pruned=   0 bt=433 cap= 6 | C4 pool=  1 got= 1 short=0 | 4.3s
[724] size=11 budget=  384 C1 valid=64 novel= 0 | C2 uniq= 1 | C3 draws=  384 comp=  1 uniq=  1 novel=  0 pruned=   0 bt=337 cap= 4 | C4 pool=  2 got= 1 short=0 | 3.1s
[725] size=13 budget=  475 C1 valid=61 novel=27 | C2 uniq= 5 | C3 draws=  475 comp=  3 uniq=  3 novel=  2 pruned=   0 bt=400 cap= 5 | C4 pool=  5 got= 5 short=0 | 3.9s
[726] size=19 budget= 1239 C1 valid=17 novel=17 | C2 uniq=16 | C3 draws= 1239 comp= 31 uniq= 31 novel= 31 pruned=   0 bt=473 cap= 7 | C4 pool=400 got=16 short=0 | 9.5s
[727] size= 9 budget=  352 C1 valid=64 novel= 7 | C2 uniq= 5 | C3 draws=  352 comp=  4 uniq=  4 novel=  0 pruned=   0 bt=290 cap= 3 | C4 pool=  8 got= 5 short=0 | 2.8s
[728] size=13 budget=  320 C1 valid=64 novel= 0 | C2 uniq= 1 | C3 draws=  320 comp=  1 uniq=  1 novel=  0 pruned=   0 bt=279 cap= 3 | C4 pool=  1 got= 1 short=0 | 2.6s
[729] size=19 budget=  332 C1 valid=60 novel= 0 | C2 uniq= 1 | C3 draws=  332 comp=  1 uniq=  1 novel=  0 pruned=   0 bt=286 cap= 4 | C4 pool=  1 got= 1 short=0 | 2.7s
[730] size=19 budget=  384 C1 valid=64 novel= 0 | C2 uniq= 1 | C3 draws=  384 comp=  1 uniq=  1 novel=  0 pruned=   0 bt=335 cap= 5 | C4 pool=  1 got= 1 short=0 | 3.1s
[731] size=13 budget=  837 C1 valid=62 novel=62 | C2 uniq= 1 | C3 draws=  837 comp=  1 uniq=  1 novel=  1 pruned=   0 bt=671 cap=10 | C4 pool=  2 got= 1 short=0 | 7.4s
[732] size=19 budget=  511 C1 valid=63 novel= 0 | C2 uniq= 1 | C3 draws=  511 comp=  1 uniq=  1 novel=  0 pruned=   0 bt=445 cap= 6 | C4 pool=  1 got= 1 short=0 | 4.3s
[733] size=17 budget=  528 C1 valid=59 novel=16 | C2 uniq=10 | C3 draws=  528 comp=  4 uniq=  4 novel=  2 pruned=   0 bt=426 cap= 6 | C4 pool=176 got=10 short=0 | 4.2s
[734] size=15 budget=  807 C1 valid=61 novel=61 | C2 uniq= 5 | C3 draws=  807 comp= 10 uniq= 10 novel= 10 pruned=   0 bt=585 cap= 4 | C4 pool=237 got= 5 short=0 | 6.8s
[735] size=11 budget=  355 C1 valid=64 novel= 0 | C2 uniq= 2 | C3 draws=  355 comp=  2 uniq=  2 novel=  0 pruned=   0 bt=303 cap= 4 | C4 pool=  2 got= 2 short=0 | 2.9s
[736] size=19 budget=  549 C1 valid=52 novel= 5 | C2 uniq= 9 | C3 draws=  549 comp=  9 uniq=  9 novel=  6 pruned=   0 bt=396 cap= 5 | C4 pool=400 got= 9 short=0 | 4.3s
[737] size=11 budget=  256 C1 valid=64 novel= 0 | C2 uniq= 1 | C3 draws=  256 comp=  1 uniq=  1 novel=  0 pruned=   0 bt=225 cap= 3 | C4 pool=  1 got= 1 short=0 | 2.1s
[738] size= 7 budget=  350 C1 valid=63 novel= 0 | C2 uniq= 6 | C3 draws=  350 comp=  5 uniq=  5 novel=  0 pruned=   0 bt=286 cap= 3 | C4 pool=  6 got= 6 short=0 | 2.7s
[739] size=15 budget=  384 C1 valid=64 novel= 0 | C2 uniq= 1 | C3 draws=  384 comp=  1 uniq=  1 novel=  0 pruned=   0 bt=338 cap= 4 | C4 pool=  1 got= 1 short=0 | 3.1s
[740] size=11 budget=  256 C1 valid=64 novel= 0 | C2 uniq= 1 | C3 draws=  256 comp=  1 uniq=  1 novel=  0 pruned=   0 bt=225 cap= 3 | C4 pool=  1 got= 1 short=0 | 2.1s
[741] size=15 budget=  806 C1 valid=60 novel=47 | C2 uniq=19 | C3 draws=  806 comp=  9 uniq=  9 novel=  7 pruned=   0 bt=568 cap= 8 | C4 pool=261 got=19 short=0 | 6.6s
[742] size=13 budget=  320 C1 valid=64 novel= 0 | C2 uniq= 1 | C3 draws=  320 comp=  1 uniq=  1 novel=  0 pruned=   0 bt=279 cap= 3 | C4 pool=  1 got= 1 short=0 | 2.6s
[743] size=15 budget=  799 C1 valid=64 novel=64 | C2 uniq= 6 | C3 draws=  799 comp=  6 uniq=  6 novel=  6 pruned=   0 bt=630 cap= 8 | C4 pool=  6 got= 6 short=0 | 6.6s
[744] size=15 budget=  636 C1 valid=53 novel=16 | C2 uniq=12 | C3 draws=  636 comp=  8 uniq=  8 novel=  5 pruned=   0 bt=462 cap= 6 | C4 pool=400 got=12 short=0 | 5.2s
[745] size=19 budget= 1015 C1 valid=55 novel=55 | C2 uniq=24 | C3 draws= 1015 comp= 37 uniq= 37 novel= 37 pruned=   0 bt=372 cap= 2 | C4 pool=400 got=24 short=0 | 7.5s
[746] size=17 budget=  464 C1 valid=61 novel= 0 | C2 uniq= 1 | C3 draws=  464 comp=  1 uniq=  1 novel=  0 pruned=   0 bt=402 cap= 5 | C4 pool=  1 got= 1 short=0 | 3.8s
[747] size=11 budget=  448 C1 valid=64 novel= 0 | C2 uniq= 1 | C3 draws=  448 comp=  1 uniq=  1 novel=  0 pruned=   0 bt=393 cap= 5 | C4 pool=  1 got= 1 short=0 | 3.6s
[748] size=19 budget=  734 C1 valid=54 novel= 0 | C2 uniq= 5 | C3 draws=  734 comp=  6 uniq=  6 novel=  2 pruned=   0 bt=555 cap= 8 | C4 pool= 11 got= 5 short=0 | 5.9s
[749] size=11 budget=  619 C1 valid=64 novel=43 | C2 uniq= 3 | C3 draws=  619 comp=  3 uniq=  3 novel=  2 pruned=   0 bt=497 cap= 7 | C4 pool=  3 got= 3 short=0 | 5.2s
[750] size=17 budget=  551 C1 valid=64 novel= 0 | C2 uniq= 3 | C3 draws=  551 comp=  3 uniq=  3 novel=  0 pruned=   0 bt=457 cap= 6 | C4 pool=  3 got= 3 short=0 | 4.6s
[751] size=13 budget=  577 C1 valid=64 novel=34 | C2 uniq=14 | C3 draws=  577 comp= 13 uniq= 13 novel=  7 pruned=   0 bt=396 cap= 5 | C4 pool= 24 got=14 short=0 | 5.1s
[752] size=15 budget=  461 C1 valid=64 novel=11 | C2 uniq= 7 | C3 draws=  461 comp=  4 uniq=  4 novel=  0 pruned=   0 bt=386 cap= 5 | C4 pool=  8 got= 7 short=0 | 3.6s
[753] size=15 budget= 1151 C1 valid=58 novel=58 | C2 uniq=32 | C3 draws= 1151 comp= 17 uniq= 17 novel= 17 pruned=   0 bt=649 cap=10 | C4 pool=400 got=32 short=0 | 9.6s
[754] size= 9 budget=  569 C1 valid=63 novel= 0 | C2 uniq= 3 | C3 draws=  569 comp=  3 uniq=  3 novel=  0 pruned=   0 bt=472 cap= 6 | C4 pool=  3 got= 3 short=0 | 4.7s
[755] size= 9 budget=  466 C1 valid=64 novel= 0 | C2 uniq= 4 | C3 draws=  466 comp=  4 uniq=  4 novel=  0 pruned=   0 bt=375 cap= 5 | C4 pool=  4 got= 4 short=0 | 3.7s
[756] size=15 budget=  576 C1 valid=64 novel=64 | C2 uniq= 1 | C3 draws=  576 comp=  1 uniq=  1 novel=  1 pruned=   0 bt=479 cap= 7 | C4 pool=  1 got= 1 short=0 | 4.8s
[757] size=17 budget=  954 C1 valid=27 novel=22 | C2 uniq=19 | C3 draws=  954 comp=  9 uniq=  9 novel=  8 pruned=   0 bt=642 cap=10 | C4 pool=400 got=19 short=0 | 8.5s
[758] size= 9 budget=  328 C1 valid=64 novel= 9 | C2 uniq= 5 | C3 draws=  328 comp=  3 uniq=  3 novel=  0 pruned=   0 bt=277 cap= 3 | C4 pool=  5 got= 5 short=0 | 2.6s
[759] size=19 budget=  593 C1 valid=35 novel= 0 | C2 uniq= 1 | C3 draws=  593 comp=  1 uniq=  1 novel=  0 pruned=   0 bt=504 cap= 7 | C4 pool=  1 got= 1 short=0 | 4.8s
[760] size=13 budget=  703 C1 valid=63 novel=63 | C2 uniq= 1 | C3 draws=  703 comp=  1 uniq=  1 novel=  1 pruned=   0 bt=590 cap= 8 | C4 pool=  1 got= 1 short=0 | 5.9s
[761] size=11 budget=  384 C1 valid=64 novel= 0 | C2 uniq= 1 | C3 draws=  384 comp=  1 uniq=  1 novel=  0 pruned=   0 bt=337 cap= 4 | C4 pool=  1 got= 1 short=0 | 3.1s
[762] size= 9 budget= 1004 C1 valid=58 novel=46 | C2 uniq=41 | C3 draws= 1004 comp= 57 uniq= 57 novel= 54 pruned=   0 bt= 18 cap= 0 | C4 pool=400 got=41 short=0 | 6.4s
[763] size= 9 budget=  600 C1 valid=62 novel=41 | C2 uniq=10 | C3 draws=  600 comp=  7 uniq=  7 novel=  6 pruned=   0 bt=451 cap= 6 | C4 pool=187 got=10 short=0 | 4.9s
[764] size= 9 budget=  576 C1 valid=64 novel= 0 | C2 uniq= 1 | C3 draws=  576 comp=  1 uniq=  1 novel=  0 pruned=   0 bt=496 cap= 6 | C4 pool=  2 got= 1 short=0 | 4.9s
[765] size=13 budget=  523 C1 valid=60 novel=25 | C2 uniq= 8 | C3 draws=  523 comp=  6 uniq=  6 novel=  4 pruned=   0 bt=391 cap= 5 | C4 pool= 31 got= 8 short=0 | 4.3s
[766] size=15 budget=  596 C1 valid=58 novel=14 | C2 uniq=21 | C3 draws=  596 comp= 13 uniq= 13 novel=  9 pruned=   0 bt=376 cap= 3 | C4 pool=400 got=21 short=0 | 4.7s
[767] size=17 budget=  324 C1 valid=62 novel= 0 | C2 uniq= 1 | C3 draws=  324 comp=  1 uniq=  1 novel=  0 pruned=   0 bt=269 cap= 4 | C4 pool=  1 got= 1 short=0 | 2.7s
[768] size=17 budget=  567 C1 valid=56 novel=17 | C2 uniq= 3 | C3 draws=  567 comp=  6 uniq=  6 novel=  5 pruned=   0 bt=403 cap= 4 | C4 pool=  3 got= 3 short=0 | 4.9s
[769] size=17 budget=  572 C1 valid=31 novel=23 | C2 uniq= 2 | C3 draws=  572 comp=  2 uniq=  2 novel=  1 pruned=   0 bt=490 cap= 7 | C4 pool=  2 got= 2 short=0 | 4.5s
[770] size=17 budget=  441 C1 valid=42 novel= 6 | C2 uniq= 4 | C3 draws=  441 comp=  1 uniq=  1 novel=  0 pruned=   0 bt=382 cap= 5 | C4 pool=  4 got= 4 short=0 | 3.6s
[771] size=19 budget=  448 C1 valid=64 novel= 0 | C2 uniq= 1 | C3 draws=  448 comp=  1 uniq=  1 novel=  0 pruned=   0 bt=393 cap= 5 | C4 pool=  1 got= 1 short=0 | 3.6s
[772] size=15 budget=  256 C1 valid=64 novel= 0 | C2 uniq= 1 | C3 draws=  256 comp=  1 uniq=  1 novel=  0 pruned=   0 bt=219 cap= 3 | C4 pool=  1 got= 1 short=0 | 2.1s
[773] size=15 budget=  665 C1 valid=59 novel=51 | C2 uniq= 5 | C3 draws=  665 comp=  3 uniq=  3 novel=  2 pruned=   0 bt=552 cap= 8 | C4 pool=  9 got= 5 short=0 | 5.8s
[774] size= 9 budget=  320 C1 valid=64 novel= 0 | C2 uniq= 1 | C3 draws=  320 comp=  1 uniq=  1 novel=  0 pruned=   0 bt=279 cap= 3 | C4 pool=  1 got= 1 short=0 | 2.6s
[775] size=17 budget=  576 C1 valid=64 novel= 0 | C2 uniq= 1 | C3 draws=  576 comp=  1 uniq=  1 novel=  0 pruned=   0 bt=487 cap= 7 | C4 pool=  1 got= 1 short=0 | 4.8s
[776] size=11 budget=  502 C1 valid=64 novel= 0 | C2 uniq= 6 | C3 draws=  502 comp=  4 uniq=  4 novel=  0 pruned=   0 bt=405 cap= 5 | C4 pool=  8 got= 6 short=0 | 4.1s
[777] size=19 budget= 1130 C1 valid=57 novel=57 | C2 uniq=15 | C3 draws= 1130 comp= 15 uniq= 15 novel= 15 pruned=   0 bt=662 cap= 8 | C4 pool= 52 got=15 short=0 | 9.7s
[778] size=13 budget=  893 C1 valid=35 novel=33 | C2 uniq=15 | C3 draws=  893 comp=  7 uniq=  7 novel=  7 pruned=   0 bt=653 cap= 9 | C4 pool=400 got=15 short=0 | 7.7s
[779] size=13 budget=  320 C1 valid=64 novel= 0 | C2 uniq= 1 | C3 draws=  320 comp=  1 uniq=  1 novel=  0 pruned=   0 bt=279 cap= 3 | C4 pool=  1 got= 1 short=0 | 2.6s
[780] size=15 budget=  749 C1 valid=46 novel= 9 | C2 uniq= 8 | C3 draws=  749 comp=  7 uniq=  7 novel=  5 pruned=   0 bt=548 cap= 7 | C4 pool= 27 got= 8 short=0 | 5.9s
[781] size=11 budget=  410 C1 valid=64 novel=14 | C2 uniq= 3 | C3 draws=  410 comp=  4 uniq=  4 novel=  1 pruned=   0 bt=333 cap= 4 | C4 pool=  4 got= 3 short=0 | 3.3s
[782] size=19 budget= 1161 C1 valid=53 novel=40 | C2 uniq=35 | C3 draws= 1161 comp= 28 uniq= 28 novel= 27 pruned=   0 bt=439 cap= 6 | C4 pool=400 got=35 short=0 | 9.1s
[783] size=11 budget=  660 C1 valid=61 novel=23 | C2 uniq=13 | C3 draws=  660 comp=  5 uniq=  5 novel=  4 pruned=   0 bt=525 cap= 7 | C4 pool= 87 got=13 short=0 | 5.2s
[784] size=15 budget=  947 C1 valid=52 novel=30 | C2 uniq=30 | C3 draws=  947 comp=  8 uniq=  8 novel=  5 pruned=   0 bt=740 cap= 9 | C4 pool=400 got=30 short=0 | 8.4s
[785] size=11 budget=  959 C1 valid=50 novel=25 | C2 uniq=20 | C3 draws=  959 comp= 16 uniq= 16 novel= 14 pruned=   0 bt=565 cap= 8 | C4 pool=400 got=20 short=0 | 7.9s
[786] size=15 budget=  605 C1 valid=64 novel=23 | C2 uniq=15 | C3 draws=  605 comp=  6 uniq=  6 novel=  4 pruned=   0 bt=477 cap= 6 | C4 pool=400 got=15 short=0 | 4.8s
[787] size=19 budget=  384 C1 valid=64 novel= 0 | C2 uniq= 1 | C3 draws=  384 comp=  1 uniq=  1 novel=  0 pruned=   0 bt=335 cap= 5 | C4 pool=  1 got= 1 short=0 | 3.1s
[788] size=15 budget=  438 C1 valid=64 novel= 7 | C2 uniq= 5 | C3 draws=  438 comp=  3 uniq=  3 novel=  1 pruned=   0 bt=369 cap= 5 | C4 pool=  6 got= 5 short=0 | 3.5s
[789] size= 9 budget=  384 C1 valid=64 novel= 0 | C2 uniq= 1 | C3 draws=  384 comp=  1 uniq=  1 novel=  0 pruned=   0 bt=333 cap= 4 | C4 pool=  2 got= 1 short=0 | 3.1s
[790] size=19 budget=  784 C1 valid=39 novel=31 | C2 uniq= 6 | C3 draws=  784 comp=  7 uniq=  7 novel=  5 pruned=   0 bt=581 cap= 8 | C4 pool=  4 got= 4 short=2 | 6.5s
[791] size=11 budget=  448 C1 valid=64 novel= 0 | C2 uniq= 1 | C3 draws=  448 comp=  1 uniq=  1 novel=  0 pruned=   0 bt=393 cap= 5 | C4 pool=  1 got= 1 short=0 | 3.6s
[792] size=15 budget=  384 C1 valid=64 novel= 0 | C2 uniq= 2 | C3 draws=  384 comp=  2 uniq=  2 novel=  0 pruned=   0 bt=331 cap= 4 | C4 pool=  2 got= 2 short=0 | 3.1s
[793] size=17 budget=  320 C1 valid=64 novel= 0 | C2 uniq= 1 | C3 draws=  320 comp=  1 uniq=  1 novel=  0 pruned=   0 bt=273 cap= 4 | C4 pool=  1 got= 1 short=0 | 2.6s
[794] size=11 budget=  709 C1 valid=54 novel= 1 | C2 uniq= 3 | C3 draws=  709 comp=  2 uniq=  2 novel=  0 pruned=   0 bt=555 cap= 8 | C4 pool=  4 got= 3 short=0 | 6.3s
[795] size=15 budget=  333 C1 valid=63 novel= 0 | C2 uniq= 5 | C3 draws=  333 comp=  3 uniq=  3 novel=  0 pruned=   0 bt=284 cap= 4 | C4 pool=  7 got= 5 short=0 | 2.7s
[796] size=19 budget= 1327 C1 valid=34 novel=29 | C2 uniq=23 | C3 draws= 1327 comp= 28 uniq= 28 novel= 27 pruned=   0 bt=579 cap= 7 | C4 pool=400 got=23 short=0 | 11.2s
[797] size=15 budget= 2017 C1 valid=38 novel=38 | C2 uniq=33 | C3 draws= 2017 comp= 50 uniq= 50 novel= 50 pruned=   0 bt=242 cap= 4 | C4 pool=400 got=33 short=0 | 16.4s
[798] size= 9 budget=  384 C1 valid=64 novel= 0 | C2 uniq= 1 | C3 draws=  384 comp=  1 uniq=  1 novel=  0 pruned=   0 bt=333 cap= 4 | C4 pool=  1 got= 1 short=0 | 3.1s
[799] size=13 budget=  256 C1 valid=64 novel= 0 | C2 uniq= 1 | C3 draws=  256 comp=  1 uniq=  1 novel=  0 pruned=   0 bt=217 cap= 3 | C4 pool=  1 got= 1 short=0 | 2.0s
[800] size= 9 budget=  306 C1 valid=64 novel= 0 | C2 uniq= 2 | C3 draws=  306 comp=  1 uniq=  1 novel=  0 pruned=   0 bt=264 cap= 3 | C4 pool=  2 got= 2 short=0 | 2.4s
[801] size=13 budget=  384 C1 valid=64 novel= 0 | C2 uniq= 1 | C3 draws=  384 comp=  1 uniq=  1 novel=  0 pruned=   0 bt=333 cap= 4 | C4 pool=  1 got= 1 short=0 | 3.1s
[802] size= 9 budget=  320 C1 valid=64 novel= 0 | C2 uniq= 1 | C3 draws=  320 comp=  1 uniq=  1 novel=  0 pruned=   0 bt=279 cap= 3 | C4 pool=  1 got= 1 short=0 | 2.6s
[803] size=19 budget= 1059 C1 valid=45 novel=45 | C2 uniq=19 | C3 draws= 1059 comp= 13 uniq= 13 novel= 13 pruned=   0 bt=650 cap=10 | C4 pool=400 got=19 short=0 | 8.9s
[804] size=15 budget=  572 C1 valid=63 novel=10 | C2 uniq=15 | C3 draws=  572 comp=  3 uniq=  3 novel=  1 pruned=   0 bt=481 cap= 6 | C4 pool=400 got=15 short=0 | 4.9s
[805] size=13 budget=  943 C1 valid=62 novel=50 | C2 uniq=18 | C3 draws=  943 comp= 10 uniq= 10 novel=  8 pruned=   0 bt=644 cap= 9 | C4 pool= 97 got=18 short=0 | 7.9s
[806] size= 9 budget=  371 C1 valid=64 novel= 0 | C2 uniq= 7 | C3 draws=  371 comp=  6 uniq=  6 novel=  0 pruned=   0 bt=299 cap= 3 | C4 pool=  7 got= 7 short=0 | 2.9s
[807] size=19 budget=  972 C1 valid=56 novel=21 | C2 uniq=18 | C3 draws=  972 comp= 11 uniq= 11 novel=  5 pruned=   0 bt=664 cap= 9 | C4 pool=400 got=18 short=0 | 8.6s
[808] size=13 budget=  741 C1 valid=61 novel=25 | C2 uniq= 5 | C3 draws=  741 comp=  4 uniq=  4 novel=  3 pruned=   0 bt=599 cap= 7 | C4 pool=  9 got= 5 short=0 | 6.0s
[809] size=19 budget=  857 C1 valid=57 novel=21 | C2 uniq=18 | C3 draws=  857 comp= 16 uniq= 16 novel= 14 pruned=   0 bt=509 cap= 4 | C4 pool=265 got=18 short=0 | 6.9s
[810] size=19 budget= 1249 C1 valid=59 novel=59 | C2 uniq=20 | C3 draws= 1249 comp= 27 uniq= 27 novel= 27 pruned=   0 bt=617 cap= 2 | C4 pool=400 got=20 short=0 | 10.4s
[811] size=13 budget=  402 C1 valid=61 novel= 0 | C2 uniq= 1 | C3 draws=  402 comp=  1 uniq=  1 novel=  0 pruned=   0 bt=350 cap= 4 | C4 pool=  1 got= 1 short=0 | 3.4s
[812] size=13 budget=  511 C1 valid=63 novel=30 | C2 uniq= 6 | C3 draws=  511 comp= 27 uniq= 27 novel= 25 pruned=   0 bt=146 cap= 0 | C4 pool= 28 got= 6 short=0 | 3.4s
[813] size=15 budget=  904 C1 valid=60 novel=17 | C2 uniq=24 | C3 draws=  904 comp= 19 uniq= 19 novel= 11 pruned=   0 bt=504 cap= 6 | C4 pool=400 got=24 short=0 | 7.2s
[814] size= 9 budget=  384 C1 valid=64 novel= 0 | C2 uniq= 1 | C3 draws=  384 comp=  1 uniq=  1 novel=  0 pruned=   0 bt=333 cap= 4 | C4 pool=  1 got= 1 short=0 | 3.1s
[815] size=19 budget=  320 C1 valid=64 novel= 0 | C2 uniq= 1 | C3 draws=  320 comp=  1 uniq=  1 novel=  0 pruned=   0 bt=274 cap= 4 | C4 pool=  1 got= 1 short=0 | 2.6s
[816] size=19 budget=  512 C1 valid=64 novel=64 | C2 uniq= 1 | C3 draws=  512 comp=  2 uniq=  2 novel=  2 pruned=   0 bt=448 cap= 6 | C4 pool=  2 got= 1 short=0 | 4.1s
[817] size=13 budget=  384 C1 valid=64 novel= 0 | C2 uniq= 1 | C3 draws=  384 comp=  1 uniq=  1 novel=  0 pruned=   0 bt=333 cap= 4 | C4 pool=  1 got= 1 short=0 | 3.1s
[818] size=19 budget=  576 C1 valid=64 novel= 0 | C2 uniq= 1 | C3 draws=  576 comp=  1 uniq=  1 novel=  0 pruned=   0 bt=479 cap= 7 | C4 pool=  1 got= 1 short=0 | 4.8s
[819] size=11 budget=  512 C1 valid=64 novel= 0 | C2 uniq= 1 | C3 draws=  512 comp=  1 uniq=  1 novel=  0 pruned=   0 bt=432 cap= 6 | C4 pool=  1 got= 1 short=0 | 4.3s
[820] size=11 budget=  384 C1 valid=64 novel= 0 | C2 uniq= 1 | C3 draws=  384 comp=  1 uniq=  1 novel=  0 pruned=   0 bt=337 cap= 4 | C4 pool=  1 got= 1 short=0 | 3.1s
[821] size= 9 budget=  384 C1 valid=48 novel= 0 | C2 uniq= 2 | C3 draws=  384 comp=  2 uniq=  2 novel=  0 pruned=   0 bt=327 cap= 4 | C4 pool=  2 got= 2 short=0 | 3.0s
[822] size=17 budget=  442 C1 valid=64 novel= 0 | C2 uniq= 3 | C3 draws=  442 comp=  3 uniq=  3 novel=  0 pruned=   0 bt=367 cap= 5 | C4 pool=  3 got= 3 short=0 | 3.5s
[823] size=15 budget=  410 C1 valid=63 novel= 0 | C2 uniq= 5 | C3 draws=  410 comp=  3 uniq=  3 novel=  0 pruned=   0 bt=351 cap= 4 | C4 pool=  6 got= 5 short=0 | 3.3s
[824] size=15 budget=  597 C1 valid=55 novel=18 | C2 uniq= 4 | C3 draws=  597 comp=  4 uniq=  4 novel=  2 pruned=   0 bt=491 cap= 6 | C4 pool=  5 got= 4 short=0 | 4.8s
[825] size=11 budget=  790 C1 valid=61 novel=36 | C2 uniq=32 | C3 draws=  790 comp= 11 uniq= 11 novel=  7 pruned=   0 bt=560 cap= 7 | C4 pool=400 got=32 short=0 | 6.2s
[826] size=19 budget=  705 C1 valid=62 novel=62 | C2 uniq= 1 | C3 draws=  705 comp=  1 uniq=  1 novel=  1 pruned=   0 bt=563 cap= 9 | C4 pool=  1 got= 1 short=0 | 6.2s
[827] size=19 budget=  870 C1 valid=55 novel=55 | C2 uniq= 2 | C3 draws=  870 comp=  2 uniq=  2 novel=  2 pruned=   0 bt=668 cap=11 | C4 pool=  2 got= 2 short=0 | 7.7s
[828] size=19 budget=  941 C1 valid=43 novel= 0 | C2 uniq= 1 | C3 draws=  941 comp=  1 uniq=  1 novel=  0 pruned=   0 bt=767 cap=12 | C4 pool=  1 got= 1 short=0 | 8.2s
[829] size=17 budget=  861 C1 valid=57 novel=57 | C2 uniq=13 | C3 draws=  861 comp= 14 uniq= 14 novel= 14 pruned=   0 bt=557 cap= 4 | C4 pool=232 got=13 short=0 | 7.2s
[830] size=17 budget=  738 C1 valid= 8 novel= 8 | C2 uniq= 2 | C3 draws=  738 comp=  3 uniq=  3 novel=  3 pruned=   0 bt=605 cap= 8 | C4 pool=  1 got= 1 short=1 | 6.1s
[831] size=19 budget=  388 C1 valid=63 novel= 0 | C2 uniq= 2 | C3 draws=  388 comp=  2 uniq=  2 novel=  0 pruned=   0 bt=335 cap= 5 | C4 pool=  2 got= 2 short=0 | 3.1s
[832] size=11 budget=  534 C1 valid=64 novel=19 | C2 uniq=22 | C3 draws=  534 comp= 11 uniq= 11 novel=  9 pruned=   0 bt=352 cap= 4 | C4 pool=400 got=22 short=0 | 4.2s
[833] size=19 budget= 1023 C1 valid=28 novel=28 | C2 uniq= 8 | C3 draws= 1023 comp= 19 uniq= 19 novel= 19 pruned=   0 bt=597 cap= 8 | C4 pool=400 got= 8 short=0 | 8.1s
[834] size=15 budget=  625 C1 valid=64 novel= 7 | C2 uniq=10 | C3 draws=  625 comp=  4 uniq=  4 novel=  1 pruned=   0 bt=513 cap= 7 | C4 pool=352 got=10 short=0 | 5.8s
[835] size=17 budget=  640 C1 valid=64 novel= 0 | C2 uniq= 1 | C3 draws=  640 comp=  1 uniq=  1 novel=  0 pruned=   0 bt=539 cap= 8 | C4 pool=  1 got= 1 short=0 | 5.3s
[836] size=17 budget=  384 C1 valid=64 novel= 0 | C2 uniq= 1 | C3 draws=  384 comp=  1 uniq=  1 novel=  0 pruned=   0 bt=334 cap= 4 | C4 pool=  1 got= 1 short=0 | 3.1s
[837] size=17 budget=  384 C1 valid=64 novel= 0 | C2 uniq= 1 | C3 draws=  384 comp=  1 uniq=  1 novel=  0 pruned=   0 bt=334 cap= 4 | C4 pool=  2 got= 1 short=0 | 3.1s
[838] size=11 budget= 1056 C1 valid=54 novel=50 | C2 uniq=41 | C3 draws= 1056 comp= 25 uniq= 25 novel= 24 pruned=   0 bt=549 cap= 7 | C4 pool=400 got=41 short=0 | 8.4s
[839] size=15 budget=  704 C1 valid=64 novel=64 | C2 uniq= 1 | C3 draws=  704 comp=  1 uniq=  1 novel=  1 pruned=   0 bt=585 cap= 8 | C4 pool=  2 got= 1 short=0 | 6.0s
[840] size=11 budget=  384 C1 valid=64 novel= 0 | C2 uniq= 1 | C3 draws=  384 comp=  1 uniq=  1 novel=  0 pruned=   0 bt=337 cap= 4 | C4 pool=  1 got= 1 short=0 | 3.1s
[841] size=15 budget=  666 C1 valid=52 novel=19 | C2 uniq=10 | C3 draws=  666 comp=  6 uniq=  6 novel=  5 pruned=   0 bt=496 cap= 7 | C4 pool= 64 got=10 short=0 | 5.4s
[842] size=19 budget=  609 C1 valid=28 novel= 3 | C2 uniq= 3 | C3 draws=  609 comp=  2 uniq=  2 novel=  0 pruned=   0 bt=508 cap= 7 | C4 pool=  6 got= 3 short=0 | 5.1s
[843] size=17 budget=  926 C1 valid=62 novel=19 | C2 uniq=14 | C3 draws=  926 comp=  8 uniq=  8 novel=  4 pruned=   0 bt=668 cap=10 | C4 pool= 87 got=14 short=0 | 7.8s
[844] size=19 budget=  609 C1 valid=59 novel= 0 | C2 uniq= 5 | C3 draws=  609 comp=  4 uniq=  4 novel=  0 pruned=   0 bt=494 cap= 7 | C4 pool= 44 got= 5 short=0 | 5.0s
[845] size=19 budget=  727 C1 valid=63 novel=59 | C2 uniq=17 | C3 draws=  727 comp= 41 uniq= 41 novel= 40 pruned=   0 bt=105 cap= 0 | C4 pool=400 got=17 short=0 | 4.6s
[846] size=13 budget=  568 C1 valid=59 novel= 7 | C2 uniq=15 | C3 draws=  568 comp= 25 uniq= 25 novel= 13 pruned=   0 bt=146 cap= 0 | C4 pool=400 got=15 short=0 | 4.2s
[847] size=15 budget=  578 C1 valid=64 novel=19 | C2 uniq=11 | C3 draws=  578 comp= 10 uniq= 10 novel=  6 pruned=   0 bt=400 cap= 5 | C4 pool= 12 got=11 short=0 | 4.5s
[848] size=11 budget=  434 C1 valid=61 novel= 0 | C2 uniq= 2 | C3 draws=  434 comp=  2 uniq=  2 novel=  0 pruned=   0 bt=375 cap= 5 | C4 pool=  2 got= 2 short=0 | 3.5s
[849] size=11 budget=  320 C1 valid=64 novel= 0 | C2 uniq= 2 | C3 draws=  320 comp=  2 uniq=  2 novel=  0 pruned=   0 bt=279 cap= 3 | C4 pool=  2 got= 2 short=0 | 2.6s
[850] size=11 budget=  256 C1 valid=64 novel= 0 | C2 uniq= 1 | C3 draws=  256 comp=  1 uniq=  1 novel=  0 pruned=   0 bt=225 cap= 3 | C4 pool=  1 got= 1 short=0 | 2.1s
[851] size=11 budget=  320 C1 valid=64 novel= 0 | C2 uniq= 1 | C3 draws=  320 comp=  1 uniq=  1 novel=  0 pruned=   0 bt=283 cap= 3 | C4 pool=  1 got= 1 short=0 | 2.6s
[852] size=13 budget=  320 C1 valid=64 novel= 0 | C2 uniq= 1 | C3 draws=  320 comp=  1 uniq=  1 novel=  0 pruned=   0 bt=279 cap= 3 | C4 pool=  1 got= 1 short=0 | 2.6s
[853] size=15 budget=  488 C1 valid=54 novel=10 | C2 uniq= 5 | C3 draws=  488 comp= 10 uniq= 10 novel=  9 pruned=   0 bt=312 cap= 4 | C4 pool=  7 got= 5 short=0 | 3.8s
[854] size=19 budget=  600 C1 valid=57 novel=23 | C2 uniq= 3 | C3 draws=  600 comp=  2 uniq=  2 novel=  1 pruned=   0 bt=505 cap= 7 | C4 pool=  3 got= 3 short=0 | 4.9s
[855] size=19 budget=  709 C1 valid=46 novel= 6 | C2 uniq=12 | C3 draws=  709 comp= 13 uniq= 13 novel=  8 pruned=   0 bt=477 cap= 6 | C4 pool= 25 got=12 short=0 | 5.6s
[856] size=19 budget=  560 C1 valid=59 novel=12 | C2 uniq= 8 | C3 draws=  560 comp=  9 uniq=  9 novel=  8 pruned=   0 bt=334 cap= 4 | C4 pool=100 got= 8 short=0 | 4.8s
[857] size=15 budget=  398 C1 valid=48 novel= 0 | C2 uniq= 1 | C3 draws=  398 comp=  1 uniq=  1 novel=  0 pruned=   0 bt=347 cap= 4 | C4 pool=  1 got= 1 short=0 | 3.3s
[858] size=15 budget=  255 C1 valid=63 novel= 0 | C2 uniq= 1 | C3 draws=  255 comp=  1 uniq=  1 novel=  0 pruned=   0 bt=218 cap= 3 | C4 pool=  1 got= 1 short=0 | 2.0s
[859] size= 9 budget=  522 C1 valid=64 novel=20 | C2 uniq=17 | C3 draws=  522 comp=  5 uniq=  5 novel=  2 pruned=   0 bt=429 cap= 5 | C4 pool=400 got=17 short=0 | 4.2s
[860] size=19 budget=  512 C1 valid=64 novel= 0 | C2 uniq= 1 | C3 draws=  512 comp=  1 uniq=  1 novel=  0 pruned=   0 bt=447 cap= 6 | C4 pool=  1 got= 1 short=0 | 4.1s
[861] size=17 budget=  337 C1 valid=64 novel= 8 | C2 uniq=11 | C3 draws=  337 comp=  2 uniq=  2 novel=  0 pruned=   0 bt=283 cap= 4 | C4 pool= 16 got=11 short=0 | 2.7s
[862] size=17 budget=  320 C1 valid=64 novel= 0 | C2 uniq= 1 | C3 draws=  320 comp=  1 uniq=  1 novel=  0 pruned=   0 bt=273 cap= 4 | C4 pool=  1 got= 1 short=0 | 2.5s
[863] size=17 budget=  623 C1 valid=62 novel=37 | C2 uniq=11 | C3 draws=  623 comp=  7 uniq=  7 novel=  5 pruned=   0 bt=484 cap= 6 | C4 pool= 11 got=11 short=0 | 4.9s
[864] size=19 budget=  888 C1 valid=63 novel=40 | C2 uniq= 6 | C3 draws=  888 comp=  7 uniq=  7 novel=  5 pruned=   0 bt=652 cap= 9 | C4 pool=  8 got= 6 short=0 | 7.6s
[865] size=13 budget=  449 C1 valid=63 novel= 0 | C2 uniq= 1 | C3 draws=  449 comp=  1 uniq=  1 novel=  0 pruned=   0 bt=388 cap= 5 | C4 pool=  1 got= 1 short=0 | 3.6s
[866] size=11 budget=  748 C1 valid=61 novel=12 | C2 uniq= 8 | C3 draws=  748 comp=  5 uniq=  5 novel=  2 pruned=   0 bt=565 cap= 7 | C4 pool= 23 got= 8 short=0 | 6.5s
[867] size=11 budget=  448 C1 valid=63 novel= 0 | C2 uniq= 1 | C3 draws=  448 comp=  1 uniq=  1 novel=  0 pruned=   0 bt=381 cap= 5 | C4 pool=  1 got= 1 short=0 | 3.7s
[868] size=11 budget=  384 C1 valid=64 novel= 0 | C2 uniq= 1 | C3 draws=  384 comp=  1 uniq=  1 novel=  0 pruned=   0 bt=337 cap= 4 | C4 pool=  1 got= 1 short=0 | 3.1s
[869] size=15 budget=  464 C1 valid=58 novel=11 | C2 uniq= 6 | C3 draws=  464 comp=  5 uniq=  5 novel=  1 pruned=   0 bt=373 cap= 5 | C4 pool=  8 got= 6 short=0 | 3.6s
[870] size=15 budget=  529 C1 valid=64 novel= 0 | C2 uniq= 3 | C3 draws=  529 comp=  3 uniq=  3 novel=  0 pruned=   0 bt=436 cap= 6 | C4 pool=  4 got= 3 short=0 | 4.3s
[871] size=17 budget=  681 C1 valid=59 novel=18 | C2 uniq= 7 | C3 draws=  681 comp=  5 uniq=  5 novel=  2 pruned=   0 bt=520 cap= 8 | C4 pool= 10 got= 7 short=0 | 5.6s
[872] size=19 budget=  526 C1 valid=46 novel= 0 | C2 uniq= 2 | C3 draws=  526 comp=  2 uniq=  2 novel=  0 pruned=   0 bt=454 cap= 6 | C4 pool=  2 got= 2 short=0 | 4.3s
[873] size=11 budget=  772 C1 valid=63 novel=63 | C2 uniq= 6 | C3 draws=  772 comp=  5 uniq=  5 novel=  5 pruned=   0 bt=597 cap= 8 | C4 pool=  6 got= 6 short=0 | 6.6s
[874] size=19 budget=  704 C1 valid=60 novel=60 | C2 uniq= 1 | C3 draws=  704 comp=  1 uniq=  1 novel=  1 pruned=   0 bt=576 cap= 9 | C4 pool=  1 got= 1 short=0 | 6.0s
[875] size=17 budget=  742 C1 valid=60 novel=26 | C2 uniq=11 | C3 draws=  742 comp=  8 uniq=  8 novel=  7 pruned=   0 bt=526 cap= 7 | C4 pool=159 got=11 short=0 | 6.4s
[876] size=11 budget=  320 C1 valid=64 novel= 0 | C2 uniq= 1 | C3 draws=  320 comp=  1 uniq=  1 novel=  0 pruned=   0 bt=283 cap= 3 | C4 pool=  1 got= 1 short=0 | 2.6s
[877] size=19 budget=  256 C1 valid=64 novel= 0 | C2 uniq= 1 | C3 draws=  256 comp=  1 uniq=  1 novel=  0 pruned=   0 bt=219 cap= 3 | C4 pool=  1 got= 1 short=0 | 2.1s
[878] size=15 budget= 1133 C1 valid=26 novel=26 | C2 uniq=19 | C3 draws= 1133 comp= 49 uniq= 49 novel= 49 pruned=   0 bt=115 cap= 1 | C4 pool=400 got=19 short=0 | 8.6s
[879] size=13 budget=  366 C1 valid=63 novel= 0 | C2 uniq= 4 | C3 draws=  366 comp=  3 uniq=  3 novel=  0 pruned=   0 bt=302 cap= 4 | C4 pool=  4 got= 4 short=0 | 2.9s
[880] size=11 budget=  575 C1 valid=63 novel=63 | C2 uniq= 1 | C3 draws=  575 comp=  1 uniq=  1 novel=  1 pruned=   0 bt=481 cap= 6 | C4 pool=  1 got= 1 short=0 | 5.0s
[881] size= 9 budget=  648 C1 valid=51 novel= 8 | C2 uniq=11 | C3 draws=  648 comp=  8 uniq=  8 novel=  5 pruned=   0 bt=464 cap= 6 | C4 pool=400 got=11 short=0 | 5.2s
[882] size=13 budget=  574 C1 valid=63 novel=63 | C2 uniq= 2 | C3 draws=  574 comp=  2 uniq=  2 novel=  2 pruned=   0 bt=481 cap= 6 | C4 pool=  2 got= 2 short=0 | 4.8s
[883] size=19 budget=  478 C1 valid=59 novel= 7 | C2 uniq= 5 | C3 draws=  478 comp=  3 uniq=  3 novel=  1 pruned=   0 bt=402 cap= 6 | C4 pool= 10 got= 5 short=0 | 3.8s
[884] size= 9 budget=  541 C1 valid=63 novel= 0 | C2 uniq= 3 | C3 draws=  541 comp=  2 uniq=  2 novel=  0 pruned=   0 bt=450 cap= 6 | C4 pool=  2 got= 2 short=1 | 4.4s
[885] size=15 budget=  894 C1 valid=54 novel=24 | C2 uniq=28 | C3 draws=  894 comp= 16 uniq= 16 novel= 12 pruned=   0 bt=525 cap= 7 | C4 pool=400 got=28 short=0 | 7.1s
[886] size= 9 budget=  320 C1 valid=63 novel= 0 | C2 uniq= 1 | C3 draws=  320 comp=  1 uniq=  1 novel=  0 pruned=   0 bt=279 cap= 3 | C4 pool=  1 got= 1 short=0 | 2.6s
[887] size=11 budget=  544 C1 valid=64 novel= 0 | C2 uniq= 2 | C3 draws=  544 comp=  2 uniq=  2 novel=  0 pruned=   0 bt=454 cap= 6 | C4 pool=  2 got= 2 short=0 | 4.6s
[888] size= 7 budget=  320 C1 valid=64 novel= 0 | C2 uniq= 2 | C3 draws=  320 comp=  2 uniq=  2 novel=  0 pruned=   0 bt=284 cap= 3 | C4 pool=  2 got= 2 short=0 | 2.6s
[889] size=15 budget=  384 C1 valid=64 novel= 0 | C2 uniq= 1 | C3 draws=  384 comp=  1 uniq=  1 novel=  0 pruned=   0 bt=338 cap= 4 | C4 pool=  1 got= 1 short=0 | 3.1s
[890] size=13 budget=  320 C1 valid=64 novel= 0 | C2 uniq= 1 | C3 draws=  320 comp=  1 uniq=  1 novel=  0 pruned=   0 bt=279 cap= 3 | C4 pool=  1 got= 1 short=0 | 2.6s
[891] size=19 budget=  517 C1 valid=64 novel= 5 | C2 uniq= 7 | C3 draws=  517 comp=  7 uniq=  7 novel=  2 pruned=   0 bt=411 cap= 5 | C4 pool=  9 got= 7 short=0 | 4.0s
[892] size=11 budget=  586 C1 valid=64 novel=35 | C2 uniq= 6 | C3 draws=  586 comp=  4 uniq=  4 novel=  2 pruned=   0 bt=483 cap= 6 | C4 pool= 60 got= 6 short=0 | 4.7s
[893] size=19 budget=  897 C1 valid= 5 novel= 0 | C2 uniq= 1 | C3 draws=  897 comp=  1 uniq=  1 novel=  0 pruned=   0 bt=783 cap=11 | C4 pool=  1 got= 1 short=0 | 7.3s
[894] size= 9 budget=  512 C1 valid=64 novel= 0 | C2 uniq= 2 | C3 draws=  512 comp=  2 uniq=  2 novel=  0 pruned=   0 bt=435 cap= 5 | C4 pool=  4 got= 2 short=0 | 4.3s
[895] size=13 budget=  363 C1 valid=63 novel= 0 | C2 uniq= 5 | C3 draws=  363 comp=  3 uniq=  3 novel=  0 pruned=   0 bt=302 cap= 4 | C4 pool=  6 got= 5 short=0 | 2.9s
[896] size= 9 budget=  364 C1 valid=64 novel= 0 | C2 uniq= 3 | C3 draws=  364 comp=  3 uniq=  3 novel=  0 pruned=   0 bt=305 cap= 4 | C4 pool=  3 got= 3 short=0 | 2.9s
[897] size=11 budget=  640 C1 valid=64 novel= 0 | C2 uniq= 1 | C3 draws=  640 comp=  1 uniq=  1 novel=  0 pruned=   0 bt=534 cap= 7 | C4 pool=  1 got= 1 short=0 | 5.4s
[898] size=13 budget=  591 C1 valid=64 novel=24 | C2 uniq= 4 | C3 draws=  591 comp=  3 uniq=  3 novel=  2 pruned=   0 bt=487 cap= 6 | C4 pool=  6 got= 4 short=0 | 4.8s
[899] size=15 budget=  499 C1 valid=55 novel= 0 | C2 uniq= 1 | C3 draws=  499 comp=  1 uniq=  1 novel=  0 pruned=   0 bt=437 cap= 6 | C4 pool=  1 got= 1 short=0 | 4.1s
[900] size=19 budget=  385 C1 valid=61 novel= 1 | C2 uniq= 4 | C3 draws=  385 comp=  3 uniq=  3 novel=  0 pruned=   0 bt=318 cap= 4 | C4 pool= 92 got= 4 short=0 | 3.2s
[901] size=15 budget=  413 C1 valid=29 novel= 0 | C2 uniq= 2 | C3 draws=  413 comp=  2 uniq=  2 novel=  0 pruned=   0 bt=355 cap= 5 | C4 pool=  2 got= 2 short=0 | 3.3s
[902] size=15 budget=  510 C1 valid=64 novel= 0 | C2 uniq= 2 | C3 draws=  510 comp=  2 uniq=  2 novel=  0 pruned=   0 bt=427 cap= 6 | C4 pool=  2 got= 2 short=0 | 4.1s
[903] size=15 budget=  364 C1 valid=64 novel= 0 | C2 uniq= 3 | C3 draws=  364 comp=  3 uniq=  3 novel=  0 pruned=   0 bt=306 cap= 4 | C4 pool=  3 got= 3 short=0 | 2.9s
[904] size=11 budget=  448 C1 valid=64 novel= 0 | C2 uniq= 1 | C3 draws=  448 comp=  1 uniq=  1 novel=  0 pruned=   0 bt=393 cap= 5 | C4 pool=  1 got= 1 short=0 | 3.6s
[905] size=13 budget=  754 C1 valid=64 novel=17 | C2 uniq= 3 | C3 draws=  754 comp=  3 uniq=  3 novel=  1 pruned=   0 bt=599 cap= 8 | C4 pool=  3 got= 3 short=0 | 6.4s
[906] size=15 budget=  320 C1 valid=64 novel= 0 | C2 uniq= 1 | C3 draws=  320 comp=  1 uniq=  1 novel=  0 pruned=   0 bt=282 cap= 3 | C4 pool=  1 got= 1 short=0 | 2.6s
[907] size=19 budget= 1278 C1 valid=51 novel=51 | C2 uniq= 6 | C3 draws= 1278 comp=  2 uniq=  2 novel=  2 pruned=   0 bt=939 cap=16 | C4 pool=  2 got= 2 short=4 | 11.5s
[908] size=11 budget=  384 C1 valid=64 novel= 0 | C2 uniq= 1 | C3 draws=  384 comp=  1 uniq=  1 novel=  0 pruned=   0 bt=337 cap= 4 | C4 pool=  1 got= 1 short=0 | 3.1s
[909] size=11 budget=  881 C1 valid=40 novel=16 | C2 uniq=17 | C3 draws=  881 comp= 37 uniq= 37 novel= 31 pruned=   0 bt=150 cap= 2 | C4 pool=400 got=17 short=0 | 6.2s
[910] size=17 budget=  701 C1 valid=48 novel=22 | C2 uniq= 2 | C3 draws=  701 comp=  2 uniq=  2 novel=  1 pruned=   0 bt=575 cap= 8 | C4 pool=  2 got= 2 short=0 | 5.9s
[911] size=19 budget=  320 C1 valid=64 novel= 0 | C2 uniq= 1 | C3 draws=  320 comp=  1 uniq=  1 novel=  0 pruned=   0 bt=274 cap= 4 | C4 pool=  1 got= 1 short=0 | 2.6s
[912] size= 9 budget=  546 C1 valid=62 novel=12 | C2 uniq= 9 | C3 draws=  546 comp=  7 uniq=  7 novel=  3 pruned=   0 bt=394 cap= 5 | C4 pool= 87 got= 9 short=0 | 4.3s
[913] size= 7 budget= 1018 C1 valid=64 novel=48 | C2 uniq=49 | C3 draws= 1018 comp= 32 uniq= 32 novel= 25 pruned=   0 bt=399 cap= 5 | C4 pool=400 got=49 short=0 | 7.6s
[914] size=17 budget=  566 C1 valid=64 novel=14 | C2 uniq=16 | C3 draws=  566 comp= 15 uniq= 15 novel= 10 pruned=   0 bt=259 cap= 3 | C4 pool=400 got=16 short=0 | 4.7s
[915] size=19 budget=  723 C1 valid=62 novel=32 | C2 uniq=26 | C3 draws=  723 comp= 13 uniq= 13 novel= 11 pruned=   0 bt=469 cap= 7 | C4 pool=400 got=26 short=0 | 5.6s
[916] size=11 budget= 1184 C1 valid=58 novel=53 | C2 uniq=51 | C3 draws= 1184 comp= 29 uniq= 29 novel= 28 pruned=   0 bt=479 cap= 7 | C4 pool=400 got=51 short=0 | 9.3s
[917] size=15 budget=  531 C1 valid=62 novel=28 | C2 uniq= 2 | C3 draws=  531 comp=  2 uniq=  2 novel=  1 pruned=   0 bt=442 cap= 6 | C4 pool=  2 got= 2 short=0 | 4.4s
[918] size=15 budget= 1159 C1 valid=36 novel=36 | C2 uniq=24 | C3 draws= 1159 comp= 12 uniq= 12 novel= 12 pruned=   0 bt=730 cap= 9 | C4 pool=400 got=24 short=0 | 11.1s
[919] size=17 budget=  639 C1 valid=63 novel=63 | C2 uniq= 2 | C3 draws=  639 comp=  1 uniq=  1 novel=  1 pruned=   0 bt=513 cap= 8 | C4 pool=  2 got= 2 short=0 | 5.5s
[920] size=11 budget=  440 C1 valid=64 novel= 0 | C2 uniq= 4 | C3 draws=  440 comp=  3 uniq=  3 novel=  0 pruned=   0 bt=375 cap= 5 | C4 pool=  4 got= 4 short=0 | 3.5s
[921] size=15 budget=  384 C1 valid=64 novel= 0 | C2 uniq= 1 | C3 draws=  384 comp=  1 uniq=  1 novel=  0 pruned=   0 bt=338 cap= 4 | C4 pool=  1 got= 1 short=0 | 3.1s
[922] size=11 budget=  448 C1 valid=64 novel= 0 | C2 uniq= 1 | C3 draws=  448 comp=  1 uniq=  1 novel=  0 pruned=   0 bt=393 cap= 5 | C4 pool=  1 got= 1 short=0 | 3.6s
[923] size= 9 budget=  927 C1 valid=58 novel=34 | C2 uniq=25 | C3 draws=  927 comp= 29 uniq= 29 novel= 28 pruned=   0 bt=282 cap= 2 | C4 pool=400 got=25 short=0 | 7.5s
[924] size= 9 budget=  543 C1 valid=62 novel= 9 | C2 uniq=17 | C3 draws=  543 comp= 15 uniq= 15 novel=  6 pruned=   0 bt=281 cap= 2 | C4 pool=400 got=17 short=0 | 4.4s
[925] size=15 budget=  760 C1 valid= 3 novel= 0 | C2 uniq= 1 | C3 draws=  760 comp= 12 uniq= 12 novel= 11 pruned=   0 bt=410 cap= 4 | C4 pool= 21 got= 1 short=0 | 6.2s
[926] size=13 budget=  486 C1 valid=64 novel= 0 | C2 uniq= 2 | C3 draws=  486 comp=  2 uniq=  2 novel=  0 pruned=   0 bt=418 cap= 5 | C4 pool=  2 got= 2 short=0 | 3.9s
[927] size=17 budget=  439 C1 valid=64 novel= 0 | C2 uniq= 3 | C3 draws=  439 comp=  3 uniq=  3 novel=  0 pruned=   0 bt=364 cap= 5 | C4 pool=  3 got= 3 short=0 | 3.5s
[928] size=13 budget=  519 C1 valid=64 novel=17 | C2 uniq= 8 | C3 draws=  519 comp=  6 uniq=  6 novel=  2 pruned=   0 bt=416 cap= 5 | C4 pool= 12 got= 8 short=0 | 4.1s
[929] size= 9 budget=  320 C1 valid=63 novel= 0 | C2 uniq= 7 | C3 draws=  320 comp=  4 uniq=  4 novel=  0 pruned=   0 bt=264 cap= 3 | C4 pool=  7 got= 7 short=0 | 2.5s
[930] size=15 budget= 1015 C1 valid=62 novel=39 | C2 uniq=23 | C3 draws= 1015 comp= 16 uniq= 16 novel= 12 pruned=   0 bt=632 cap= 7 | C4 pool=400 got=23 short=0 | 9.0s
[931] size=17 budget= 1191 C1 valid=63 novel=63 | C2 uniq= 2 | C3 draws= 1191 comp=  2 uniq=  2 novel=  2 pruned=   0 bt=868 cap=14 | C4 pool=  2 got= 2 short=0 | 11.0s
[932] size=15 budget=  256 C1 valid=64 novel= 0 | C2 uniq= 1 | C3 draws=  256 comp=  1 uniq=  1 novel=  0 pruned=   0 bt=219 cap= 3 | C4 pool=  1 got= 1 short=0 | 2.1s
[933] size=17 budget=  499 C1 valid=60 novel=10 | C2 uniq= 4 | C3 draws=  499 comp=  4 uniq=  4 novel=  1 pruned=   0 bt=408 cap= 6 | C4 pool=  4 got= 4 short=0 | 3.9s
[934] size=13 budget=  384 C1 valid=64 novel= 0 | C2 uniq= 1 | C3 draws=  384 comp=  1 uniq=  1 novel=  0 pruned=   0 bt=333 cap= 4 | C4 pool=  1 got= 1 short=0 | 3.1s
[935] size=13 budget=  352 C1 valid=64 novel= 0 | C2 uniq= 3 | C3 draws=  352 comp=  2 uniq=  2 novel=  0 pruned=   0 bt=297 cap= 4 | C4 pool=  3 got= 3 short=0 | 2.8s
[936] size=13 budget= 1064 C1 valid=63 novel=33 | C2 uniq=37 | C3 draws= 1064 comp= 33 uniq= 33 novel= 21 pruned=   0 bt=387 cap= 3 | C4 pool=400 got=37 short=0 | 8.4s
[937] size=19 budget=  670 C1 valid=47 novel=19 | C2 uniq=10 | C3 draws=  670 comp= 10 uniq= 10 novel=  5 pruned=   0 bt=476 cap= 7 | C4 pool=400 got=10 short=0 | 5.5s
[938] size=15 budget=  320 C1 valid=64 novel= 0 | C2 uniq= 1 | C3 draws=  320 comp=  1 uniq=  1 novel=  0 pruned=   0 bt=282 cap= 3 | C4 pool=  1 got= 1 short=0 | 2.6s
[939] size=19 budget=  483 C1 valid=64 novel=17 | C2 uniq= 6 | C3 draws=  483 comp=  5 uniq=  5 novel=  2 pruned=   0 bt=391 cap= 5 | C4 pool=  6 got= 6 short=0 | 3.8s
[940] size=13 budget=  720 C1 valid=64 novel=11 | C2 uniq= 5 | C3 draws=  720 comp=  5 uniq=  5 novel=  1 pruned=   0 bt=540 cap= 8 | C4 pool=  5 got= 5 short=0 | 6.1s
[941] size=13 budget=  905 C1 valid=63 novel=51 | C2 uniq=32 | C3 draws=  905 comp= 22 uniq= 22 novel= 21 pruned=   0 bt=488 cap= 5 | C4 pool=400 got=32 short=0 | 7.0s
[942] size=19 budget=  432 C1 valid=64 novel=16 | C2 uniq= 2 | C3 draws=  432 comp=  2 uniq=  2 novel=  1 pruned=   0 bt=368 cap= 5 | C4 pool=  2 got= 2 short=0 | 3.5s
[943] size=19 budget=  448 C1 valid=64 novel= 0 | C2 uniq= 2 | C3 draws=  448 comp=  2 uniq=  2 novel=  0 pruned=   0 bt=385 cap= 5 | C4 pool=  2 got= 2 short=0 | 3.6s
[944] size=17 budget=  320 C1 valid=64 novel= 0 | C2 uniq= 1 | C3 draws=  320 comp=  1 uniq=  1 novel=  0 pruned=   0 bt=273 cap= 4 | C4 pool=  1 got= 1 short=0 | 2.5s
[945] size=19 budget=  320 C1 valid=64 novel= 0 | C2 uniq= 1 | C3 draws=  320 comp=  1 uniq=  1 novel=  0 pruned=   0 bt=274 cap= 4 | C4 pool=  1 got= 1 short=0 | 2.6s
[946] size=17 budget= 1028 C1 valid=60 novel=60 | C2 uniq=20 | C3 draws= 1028 comp= 11 uniq= 11 novel= 11 pruned=   0 bt=660 cap=11 | C4 pool= 28 got=20 short=0 | 8.8s
[947] size=17 budget=  509 C1 valid=62 novel=14 | C2 uniq=11 | C3 draws=  509 comp=  5 uniq=  5 novel=  2 pruned=   0 bt=402 cap= 5 | C4 pool= 31 got=11 short=0 | 4.1s
[948] size=11 budget=  426 C1 valid=64 novel= 0 | C2 uniq= 2 | C3 draws=  426 comp=  2 uniq=  2 novel=  0 pruned=   0 bt=368 cap= 4 | C4 pool=  2 got= 2 short=0 | 3.4s
[949] size=11 budget= 1444 C1 valid=60 novel=60 | C2 uniq=55 | C3 draws= 1444 comp= 71 uniq= 71 novel= 71 pruned=   0 bt= 24 cap= 0 | C4 pool=400 got=55 short=0 | 9.4s
[950] size=17 budget=  256 C1 valid=64 novel= 0 | C2 uniq= 1 | C3 draws=  256 comp=  1 uniq=  1 novel=  0 pruned=   0 bt=196 cap= 3 | C4 pool=  1 got= 1 short=0 | 2.2s
[951] size=13 budget=  256 C1 valid=64 novel= 0 | C2 uniq= 1 | C3 draws=  256 comp=  1 uniq=  1 novel=  0 pruned=   0 bt=217 cap= 3 | C4 pool=  1 got= 1 short=0 | 2.0s
[952] size=11 budget=  384 C1 valid=64 novel= 0 | C2 uniq= 1 | C3 draws=  384 comp=  1 uniq=  1 novel=  0 pruned=   0 bt=337 cap= 4 | C4 pool=  1 got= 1 short=0 | 3.1s
[953] size= 9 budget=  320 C1 valid=64 novel= 0 | C2 uniq= 1 | C3 draws=  320 comp=  1 uniq=  1 novel=  0 pruned=   0 bt=279 cap= 3 | C4 pool=  1 got= 1 short=0 | 2.6s
[954] size=15 budget=  913 C1 valid=54 novel=20 | C2 uniq=13 | C3 draws=  913 comp= 11 uniq= 11 novel=  8 pruned=   0 bt=601 cap= 8 | C4 pool= 73 got=13 short=0 | 7.6s
[955] size= 9 budget=  321 C1 valid=63 novel= 0 | C2 uniq= 1 | C3 draws=  321 comp=  1 uniq=  1 novel=  0 pruned=   0 bt=282 cap= 3 | C4 pool=  1 got= 1 short=0 | 2.6s
[956] size=13 budget=  364 C1 valid=63 novel= 0 | C2 uniq= 2 | C3 draws=  364 comp=  2 uniq=  2 novel=  0 pruned=   0 bt=308 cap= 4 | C4 pool=  2 got= 2 short=0 | 2.9s
[957] size=13 budget=  366 C1 valid=63 novel= 0 | C2 uniq= 2 | C3 draws=  366 comp=  2 uniq=  2 novel=  0 pruned=   0 bt=311 cap= 4 | C4 pool=  2 got= 2 short=0 | 2.9s
[958] size=17 budget= 1050 C1 valid=62 novel=61 | C2 uniq=39 | C3 draws= 1050 comp= 45 uniq= 45 novel= 43 pruned=   0 bt=238 cap= 2 | C4 pool=400 got=39 short=0 | 7.4s
[959] size=13 budget=  320 C1 valid=64 novel= 0 | C2 uniq= 1 | C3 draws=  320 comp=  1 uniq=  1 novel=  0 pruned=   0 bt=279 cap= 3 | C4 pool=  1 got= 1 short=0 | 2.6s
[960] size=17 budget=  629 C1 valid=59 novel=20 | C2 uniq=17 | C3 draws=  629 comp=  5 uniq=  5 novel=  3 pruned=   0 bt=500 cap= 7 | C4 pool=400 got=17 short=0 | 5.7s
[961] size=19 budget=  776 C1 valid=55 novel=22 | C2 uniq=16 | C3 draws=  776 comp= 15 uniq= 15 novel= 11 pruned=   0 bt=471 cap= 7 | C4 pool= 30 got=16 short=0 | 6.3s
[962] size=11 budget=  448 C1 valid=64 novel= 0 | C2 uniq= 1 | C3 draws=  448 comp=  1 uniq=  1 novel=  0 pruned=   0 bt=393 cap= 5 | C4 pool=  1 got= 1 short=0 | 3.6s
[963] size= 9 budget=  640 C1 valid=60 novel=14 | C2 uniq=17 | C3 draws=  640 comp=  8 uniq=  8 novel=  4 pruned=   0 bt=475 cap= 6 | C4 pool=400 got=17 short=0 | 5.2s
[964] size= 9 budget=  384 C1 valid=64 novel= 0 | C2 uniq= 1 | C3 draws=  384 comp=  1 uniq=  1 novel=  0 pruned=   0 bt=333 cap= 4 | C4 pool=  1 got= 1 short=0 | 3.1s
[965] size=11 budget=  420 C1 valid=64 novel= 0 | C2 uniq= 2 | C3 draws=  420 comp=  2 uniq=  2 novel=  0 pruned=   0 bt=365 cap= 4 | C4 pool=  2 got= 2 short=0 | 3.4s
[966] size= 9 budget=  262 C1 valid=61 novel= 0 | C2 uniq= 1 | C3 draws=  262 comp=  1 uniq=  1 novel=  0 pruned=   0 bt=228 cap= 3 | C4 pool=  1 got= 1 short=0 | 2.1s
[967] size= 9 budget=  961 C1 valid=64 novel=48 | C2 uniq=37 | C3 draws=  961 comp= 20 uniq= 20 novel= 17 pruned=   0 bt=547 cap= 7 | C4 pool=400 got=37 short=0 | 7.6s
[968] size=11 budget=  448 C1 valid=64 novel= 0 | C2 uniq= 1 | C3 draws=  448 comp=  1 uniq=  1 novel=  0 pruned=   0 bt=381 cap= 5 | C4 pool=  1 got= 1 short=0 | 3.7s
[969] size=19 budget=  589 C1 valid=62 novel=26 | C2 uniq= 7 | C3 draws=  589 comp=  9 uniq=  9 novel=  7 pruned=   0 bt=423 cap= 5 | C4 pool= 20 got= 7 short=0 | 4.7s
[970] size= 7 budget=  320 C1 valid=63 novel= 0 | C2 uniq= 1 | C3 draws=  320 comp=  1 uniq=  1 novel=  0 pruned=   0 bt=288 cap= 3 | C4 pool=  1 got= 1 short=0 | 2.6s
[971] size=15 budget=  320 C1 valid=64 novel= 0 | C2 uniq= 2 | C3 draws=  320 comp=  2 uniq=  2 novel=  0 pruned=   0 bt=274 cap= 3 | C4 pool=  2 got= 2 short=0 | 2.5s
[972] size=11 budget=  539 C1 valid=64 novel= 4 | C2 uniq=14 | C3 draws=  539 comp=  7 uniq=  7 novel=  3 pruned=   0 bt=401 cap= 5 | C4 pool=347 got=14 short=0 | 4.5s
[973] size=19 budget=  530 C1 valid=47 novel= 6 | C2 uniq= 2 | C3 draws=  530 comp=  2 uniq=  2 novel=  1 pruned=   0 bt=464 cap= 5 | C4 pool=  2 got= 2 short=0 | 4.3s
[974] size=19 budget=  320 C1 valid=64 novel= 0 | C2 uniq= 1 | C3 draws=  320 comp=  1 uniq=  1 novel=  0 pruned=   0 bt=274 cap= 4 | C4 pool=  2 got= 1 short=0 | 2.6s
[975] size=17 budget=  384 C1 valid=64 novel= 0 | C2 uniq= 1 | C3 draws=  384 comp=  1 uniq=  1 novel=  0 pruned=   0 bt=334 cap= 4 | C4 pool=  1 got= 1 short=0 | 3.1s
[976] size=17 budget=  853 C1 valid=63 novel= 2 | C2 uniq=17 | C3 draws=  853 comp= 10 uniq= 10 novel=  0 pruned=   0 bt=540 cap= 8 | C4 pool= 87 got=17 short=0 | 8.1s
[977] size= 7 budget=  853 C1 valid=58 novel=40 | C2 uniq=34 | C3 draws=  853 comp= 54 uniq= 54 novel= 51 pruned=   0 bt= 53 cap= 0 | C4 pool=400 got=34 short=0 | 5.3s
[978] size=17 budget= 1079 C1 valid=57 novel=36 | C2 uniq=30 | C3 draws= 1079 comp= 43 uniq= 43 novel= 41 pruned=   0 bt=174 cap= 0 | C4 pool=400 got=30 short=0 | 7.7s
[979] size=13 budget=  542 C1 valid=64 novel= 4 | C2 uniq= 3 | C3 draws=  542 comp=  3 uniq=  3 novel=  1 pruned=   0 bt=427 cap= 6 | C4 pool=  3 got= 3 short=0 | 4.5s
[980] size=11 budget=  384 C1 valid=64 novel= 0 | C2 uniq= 1 | C3 draws=  384 comp=  1 uniq=  1 novel=  0 pruned=   0 bt=337 cap= 4 | C4 pool=  1 got= 1 short=0 | 3.1s
[981] size=13 budget=  640 C1 valid=64 novel= 0 | C2 uniq= 1 | C3 draws=  640 comp=  1 uniq=  1 novel=  0 pruned=   0 bt=526 cap= 7 | C4 pool=  1 got= 1 short=0 | 5.6s
[982] size=19 budget=  256 C1 valid=64 novel= 0 | C2 uniq= 1 | C3 draws=  256 comp=  1 uniq=  1 novel=  0 pruned=   0 bt=219 cap= 3 | C4 pool=  1 got= 1 short=0 | 2.1s
[983] size=19 budget=  384 C1 valid=64 novel= 0 | C2 uniq= 1 | C3 draws=  384 comp=  1 uniq=  1 novel=  0 pruned=   0 bt=335 cap= 5 | C4 pool=  1 got= 1 short=0 | 3.1s
[984] size=15 budget=  354 C1 valid=63 novel= 0 | C2 uniq= 2 | C3 draws=  354 comp=  2 uniq=  2 novel=  0 pruned=   0 bt=302 cap= 4 | C4 pool=  2 got= 2 short=0 | 2.8s
[985] size=15 budget=  656 C1 valid=61 novel= 0 | C2 uniq= 1 | C3 draws=  656 comp=  1 uniq=  1 novel=  0 pruned=   0 bt=541 cap= 8 | C4 pool=  1 got= 1 short=0 | 5.5s
[986] size=17 budget= 1223 C1 valid=59 novel=48 | C2 uniq=24 | C3 draws= 1223 comp= 20 uniq= 20 novel= 18 pruned=   0 bt=625 cap= 8 | C4 pool=246 got=24 short=0 | 10.8s
[987] size=11 budget=  320 C1 valid=64 novel= 0 | C2 uniq= 1 | C3 draws=  320 comp=  1 uniq=  1 novel=  0 pruned=   0 bt=283 cap= 3 | C4 pool=  1 got= 1 short=0 | 2.6s
[988] size=19 budget=  762 C1 valid=63 novel=14 | C2 uniq=23 | C3 draws=  762 comp=  9 uniq=  9 novel=  4 pruned=   0 bt=523 cap= 7 | C4 pool=400 got=23 short=0 | 8.9s
[989] size= 9 budget=  428 C1 valid=64 novel= 0 | C2 uniq= 3 | C3 draws=  428 comp=  3 uniq=  3 novel=  0 pruned=   0 bt=363 cap= 4 | C4 pool=  3 got= 3 short=0 | 3.4s
[990] size=17 budget=  639 C1 valid=63 novel=63 | C2 uniq= 1 | C3 draws=  639 comp=  1 uniq=  1 novel=  1 pruned=   0 bt=513 cap= 8 | C4 pool=  1 got= 1 short=0 | 5.5s
[991] size=13 budget=  448 C1 valid=64 novel= 0 | C2 uniq= 5 | C3 draws=  448 comp=  4 uniq=  4 novel=  0 pruned=   0 bt=366 cap= 5 | C4 pool=  5 got= 5 short=0 | 3.5s
[992] size=11 budget=  640 C1 valid=63 novel= 0 | C2 uniq= 1 | C3 draws=  640 comp=  1 uniq=  1 novel=  0 pruned=   0 bt=533 cap= 7 | C4 pool=  1 got= 1 short=0 | 5.5s
[993] size= 9 budget=  382 C1 valid=64 novel= 0 | C2 uniq= 3 | C3 draws=  382 comp=  3 uniq=  3 novel=  0 pruned=   0 bt=318 cap= 4 | C4 pool=  3 got= 3 short=0 | 3.0s
[994] size=11 budget=  384 C1 valid=64 novel= 0 | C2 uniq= 1 | C3 draws=  384 comp=  1 uniq=  1 novel=  0 pruned=   0 bt=333 cap= 4 | C4 pool=  1 got= 1 short=0 | 3.2s
[995] size=15 budget= 1094 C1 valid=64 novel=60 | C2 uniq=30 | C3 draws= 1094 comp= 17 uniq= 17 novel= 16 pruned=   0 bt=586 cap=10 | C4 pool= 48 got=30 short=0 | 9.4s
[996] size=15 budget=  320 C1 valid=64 novel= 0 | C2 uniq= 1 | C3 draws=  320 comp=  1 uniq=  1 novel=  0 pruned=   0 bt=282 cap= 3 | C4 pool=  1 got= 1 short=0 | 2.6s
[997] size=15 budget=  304 C1 valid=64 novel= 0 | C2 uniq= 2 | C3 draws=  304 comp=  2 uniq=  2 novel=  0 pruned=   0 bt=260 cap= 3 | C4 pool=  4 got= 2 short=0 | 2.4s
[998] size= 9 budget=  320 C1 valid=60 novel= 0 | C2 uniq= 1 | C3 draws=  320 comp=  1 uniq=  1 novel=  0 pruned=   0 bt=279 cap= 3 | C4 pool=  1 got= 1 short=0 | 2.6s
[999] size=11 budget=  704 C1 valid=63 novel=63 | C2 uniq= 1 | C3 draws=  704 comp=  1 uniq=  1 novel=  1 pruned=   0 bt=558 cap= 8 | C4 pool=  1 got= 1 short=0 | 6.3s
[1000] size=15 budget=  767 C1 valid=62 novel=30 | C2 uniq=16 | C3 draws=  767 comp= 10 uniq= 10 novel=  8 pruned=   0 bt=527 cap= 7 | C4 pool=339 got=16 short=0 | 6.3s
[1001] size=11 budget=  256 C1 valid=64 novel= 0 | C2 uniq= 1 | C3 draws=  256 comp=  1 uniq=  1 novel=  0 pruned=   0 bt=225 cap= 3 | C4 pool=  1 got= 1 short=0 | 2.1s
[1002] size=13 budget=  542 C1 valid=59 novel=17 | C2 uniq=15 | C3 draws=  542 comp=  6 uniq=  6 novel=  4 pruned=   0 bt=411 cap= 5 | C4 pool= 34 got=15 short=0 | 4.4s
[1003] size=15 budget=  320 C1 valid=64 novel= 0 | C2 uniq= 1 | C3 draws=  320 comp=  1 uniq=  1 novel=  0 pruned=   0 bt=282 cap= 3 | C4 pool=  1 got= 1 short=0 | 2.6s
[1004] size=15 budget= 1113 C1 valid=50 novel=38 | C2 uniq=17 | C3 draws= 1113 comp= 16 uniq= 16 novel= 15 pruned=   0 bt=619 cap=10 | C4 pool=400 got=17 short=0 | 9.6s
[1005] size=19 budget=  384 C1 valid=64 novel= 0 | C2 uniq= 1 | C3 draws=  384 comp=  1 uniq=  1 novel=  0 pruned=   0 bt=335 cap= 5 | C4 pool=  1 got= 1 short=0 | 3.1s
[1006] size= 7 budget=  280 C1 valid=63 novel= 0 | C2 uniq= 2 | C3 draws=  280 comp=  2 uniq=  2 novel=  0 pruned=   0 bt=237 cap= 3 | C4 pool=  3 got= 2 short=0 | 2.2s
[1007] size=17 budget=  466 C1 valid=54 novel= 0 | C2 uniq= 2 | C3 draws=  466 comp=  2 uniq=  2 novel=  0 pruned=   0 bt=398 cap= 5 | C4 pool=  2 got= 2 short=0 | 3.8s
[1008] size=13 budget=  679 C1 valid=62 novel=62 | C2 uniq= 4 | C3 draws=  679 comp=  4 uniq=  4 novel=  4 pruned=   0 bt=571 cap= 6 | C4 pool=  3 got= 3 short=1 | 5.5s
[1009] size=13 budget=  550 C1 valid=59 novel=17 | C2 uniq=18 | C3 draws=  550 comp=  7 uniq=  7 novel=  4 pruned=   0 bt=410 cap= 5 | C4 pool=400 got=18 short=0 | 4.3s
[1010] size=11 budget=  705 C1 valid=63 novel=10 | C2 uniq= 7 | C3 draws=  705 comp=  3 uniq=  3 novel=  1 pruned=   0 bt=556 cap= 7 | C4 pool=  2 got= 2 short=5 | 6.1s
[1011] size=13 budget=  320 C1 valid=64 novel= 0 | C2 uniq= 1 | C3 draws=  320 comp=  1 uniq=  1 novel=  0 pruned=   0 bt=279 cap= 3 | C4 pool=  1 got= 1 short=0 | 2.6s
[1012] size=11 budget=  410 C1 valid=63 novel= 0 | C2 uniq= 5 | C3 draws=  410 comp=  4 uniq=  4 novel=  0 pruned=   0 bt=342 cap= 4 | C4 pool=  5 got= 5 short=0 | 3.2s
[1013] size= 9 budget=  320 C1 valid=64 novel= 0 | C2 uniq= 1 | C3 draws=  320 comp=  1 uniq=  1 novel=  0 pruned=   0 bt=279 cap= 3 | C4 pool=  1 got= 1 short=0 | 2.5s
[1014] size=19 budget=  384 C1 valid=64 novel= 0 | C2 uniq= 1 | C3 draws=  384 comp=  1 uniq=  1 novel=  0 pruned=   0 bt=335 cap= 5 | C4 pool=  1 got= 1 short=0 | 3.1s
[1015] size=13 budget=  518 C1 valid=63 novel=13 | C2 uniq=10 | C3 draws=  518 comp=  4 uniq=  4 novel=  1 pruned=   0 bt=411 cap= 5 | C4 pool= 87 got=10 short=0 | 4.3s
[1016] size=13 budget=  881 C1 valid=63 novel= 0 | C2 uniq= 3 | C3 draws=  881 comp=  3 uniq=  3 novel=  0 pruned=   0 bt=700 cap=10 | C4 pool=  3 got= 3 short=0 | 7.7s
[1017] size=15 budget= 1003 C1 valid=63 novel=60 | C2 uniq=33 | C3 draws= 1003 comp= 51 uniq= 51 novel= 51 pruned=   0 bt=100 cap= 0 | C4 pool=400 got=33 short=0 | 6.6s
[1018] size=19 budget=  384 C1 valid=64 novel= 0 | C2 uniq= 1 | C3 draws=  384 comp=  1 uniq=  1 novel=  0 pruned=   0 bt=335 cap= 5 | C4 pool=  1 got= 1 short=0 | 3.1s
[1019] size=17 budget=  256 C1 valid=64 novel= 0 | C2 uniq= 1 | C3 draws=  256 comp=  1 uniq=  1 novel=  0 pruned=   0 bt=218 cap= 3 | C4 pool=  1 got= 1 short=0 | 2.0s
[1020] size=15 budget=  576 C1 valid=64 novel=64 | C2 uniq= 1 | C3 draws=  576 comp=  1 uniq=  1 novel=  1 pruned=   0 bt=479 cap= 7 | C4 pool=  1 got= 1 short=0 | 4.9s
[1021] size=11 budget=  448 C1 valid=64 novel= 0 | C2 uniq= 2 | C3 draws=  448 comp=  2 uniq=  2 novel=  0 pruned=   0 bt=385 cap= 5 | C4 pool=  2 got= 2 short=0 | 3.6s
[1022] size=15 budget=  939 C1 valid=56 novel=56 | C2 uniq=31 | C3 draws=  939 comp= 19 uniq= 19 novel= 19 pruned=   0 bt=562 cap= 6 | C4 pool=400 got=31 short=0 | 7.5s
[1023] size=11 budget=  332 C1 valid=60 novel= 0 | C2 uniq= 1 | C3 draws=  332 comp=  1 uniq=  1 novel=  0 pruned=   0 bt=294 cap= 3 | C4 pool=  1 got= 1 short=0 | 2.7s
[1024] size=13 budget=  489 C1 valid=54 novel= 0 | C2 uniq= 1 | C3 draws=  489 comp=  1 uniq=  1 novel=  0 pruned=   0 bt=431 cap= 5 | C4 pool=  1 got= 1 short=0 | 4.0s
[1025] size=13 budget=  576 C1 valid=60 novel=60 | C2 uniq= 1 | C3 draws=  576 comp=  1 uniq=  1 novel=  1 pruned=   0 bt=497 cap= 6 | C4 pool=  1 got= 1 short=0 | 4.8s
[1026] size= 7 budget=  448 C1 valid=64 novel= 0 | C2 uniq= 1 | C3 draws=  448 comp=  1 uniq=  1 novel=  0 pruned=   0 bt=380 cap= 5 | C4 pool=  2 got= 1 short=0 | 3.8s
[1027] size= 9 budget=  594 C1 valid=64 novel= 0 | C2 uniq= 4 | C3 draws=  594 comp=  3 uniq=  3 novel=  0 pruned=   0 bt=479 cap= 6 | C4 pool=  4 got= 4 short=0 | 5.0s
[1028] size=15 budget= 1017 C1 valid=55 novel=39 | C2 uniq=42 | C3 draws= 1017 comp= 43 uniq= 43 novel= 41 pruned=   0 bt=217 cap= 3 | C4 pool=400 got=42 short=0 | 7.2s
[1029] size=15 budget=  477 C1 valid=64 novel= 0 | C2 uniq= 3 | C3 draws=  477 comp=  2 uniq=  2 novel=  0 pruned=   0 bt=405 cap= 5 | C4 pool=  2 got= 2 short=1 | 3.9s
[1030] size=13 budget= 1044 C1 valid=64 novel=64 | C2 uniq= 3 | C3 draws= 1044 comp=  3 uniq=  3 novel=  3 pruned=   0 bt=743 cap=12 | C4 pool=  8 got= 3 short=0 | 9.6s
[1031] size=15 budget=  740 C1 valid=64 novel=24 | C2 uniq=15 | C3 draws=  740 comp= 25 uniq= 25 novel= 21 pruned=   0 bt=273 cap= 3 | C4 pool= 97 got=15 short=0 | 5.5s
[1032] size=17 budget=  911 C1 valid=49 novel=31 | C2 uniq=30 | C3 draws=  911 comp= 34 uniq= 34 novel= 28 pruned=   0 bt=314 cap= 2 | C4 pool=400 got=30 short=0 | 7.0s
[1033] size=15 budget=  496 C1 valid=64 novel= 7 | C2 uniq= 7 | C3 draws=  496 comp=  5 uniq=  5 novel=  2 pruned=   0 bt=390 cap= 5 | C4 pool=  6 got= 6 short=1 | 4.0s
[1034] size=19 budget=  384 C1 valid=64 novel= 0 | C2 uniq= 1 | C3 draws=  384 comp=  1 uniq=  1 novel=  0 pruned=   0 bt=335 cap= 5 | C4 pool=  1 got= 1 short=0 | 3.1s
[1035] size=13 budget=  935 C1 valid=53 novel=41 | C2 uniq=38 | C3 draws=  935 comp= 37 uniq= 37 novel= 35 pruned=   0 bt=281 cap= 4 | C4 pool=400 got=38 short=0 | 6.9s
[1036] size=17 budget=  507 C1 valid=63 novel= 9 | C2 uniq= 9 | C3 draws=  507 comp=  4 uniq=  4 novel=  2 pruned=   0 bt=403 cap= 5 | C4 pool= 87 got= 9 short=0 | 4.1s
[1037] size=13 budget=  534 C1 valid=63 novel=14 | C2 uniq=10 | C3 draws=  534 comp=  1 uniq=  1 novel=  0 pruned=   0 bt=465 cap= 6 | C4 pool=400 got=10 short=0 | 4.5s
[1038] size=19 budget=  416 C1 valid=64 novel= 0 | C2 uniq= 5 | C3 draws=  416 comp=  4 uniq=  4 novel=  0 pruned=   0 bt=342 cap= 5 | C4 pool=  6 got= 5 short=0 | 3.3s
[1039] size=15 budget=  640 C1 valid=64 novel=64 | C2 uniq= 1 | C3 draws=  640 comp=  2 uniq=  2 novel=  2 pruned=   0 bt=526 cap= 7 | C4 pool=  2 got= 1 short=0 | 5.5s
[1040] size=11 budget= 1399 C1 valid=61 novel=42 | C2 uniq=35 | C3 draws= 1399 comp= 28 uniq= 28 novel= 25 pruned=   0 bt=603 cap= 8 | C4 pool=400 got=35 short=0 | 11.0s
[1041] size=11 budget=  512 C1 valid=64 novel= 0 | C2 uniq= 1 | C3 draws=  512 comp=  1 uniq=  1 novel=  0 pruned=   0 bt=432 cap= 6 | C4 pool=  1 got= 1 short=0 | 4.3s
[1042] size=19 budget=  854 C1 valid=46 novel=21 | C2 uniq=13 | C3 draws=  854 comp= 13 uniq= 13 novel= 12 pruned=   0 bt=541 cap= 8 | C4 pool=400 got=13 short=0 | 6.9s
[1043] size= 9 budget=  320 C1 valid=64 novel= 0 | C2 uniq= 1 | C3 draws=  320 comp=  1 uniq=  1 novel=  0 pruned=   0 bt=279 cap= 3 | C4 pool=  1 got= 1 short=0 | 2.6s
[1044] size=11 budget=  767 C1 valid=57 novel=37 | C2 uniq= 8 | C3 draws=  767 comp= 10 uniq= 10 novel=  9 pruned=   0 bt=478 cap= 6 | C4 pool= 18 got= 8 short=0 | 6.4s
[1045] size=11 budget=  384 C1 valid=64 novel= 0 | C2 uniq= 2 | C3 draws=  384 comp=  2 uniq=  2 novel=  0 pruned=   0 bt=331 cap= 4 | C4 pool=  2 got= 2 short=0 | 3.1s
[1046] size=19 budget=  856 C1 valid=57 novel=48 | C2 uniq=16 | C3 draws=  856 comp= 10 uniq= 10 novel=  9 pruned=   0 bt=581 cap= 9 | C4 pool=166 got=16 short=0 | 7.2s
[1047] size=19 budget=  502 C1 valid=56 novel= 0 | C2 uniq= 1 | C3 draws=  502 comp=  1 uniq=  1 novel=  0 pruned=   0 bt=429 cap= 6 | C4 pool=  1 got= 1 short=0 | 4.1s
[1048] size=15 budget=  576 C1 valid=64 novel= 0 | C2 uniq= 1 | C3 draws=  576 comp=  1 uniq=  1 novel=  0 pruned=   0 bt=471 cap= 7 | C4 pool=  1 got= 1 short=0 | 4.9s
[1049] size=17 budget=  320 C1 valid=64 novel= 0 | C2 uniq= 1 | C3 draws=  320 comp=  1 uniq=  1 novel=  0 pruned=   0 bt=273 cap= 4 | C4 pool=  1 got= 1 short=0 | 2.6s
[1050] size=17 budget=  487 C1 valid=63 novel= 0 | C2 uniq= 2 | C3 draws=  487 comp=  2 uniq=  2 novel=  0 pruned=   0 bt=410 cap= 6 | C4 pool=  2 got= 2 short=0 | 3.8s
[1051] size=17 budget=  811 C1 valid=19 novel=19 | C2 uniq= 1 | C3 draws=  811 comp=  7 uniq=  7 novel=  7 pruned=   0 bt=536 cap= 7 | C4 pool=  2 got= 1 short=0 | 7.1s
[1052] size=11 budget=  466 C1 valid=64 novel= 0 | C2 uniq= 3 | C3 draws=  466 comp=  3 uniq=  3 novel=  0 pruned=   0 bt=395 cap= 5 | C4 pool=  4 got= 3 short=0 | 3.7s
[1053] size=13 budget=  562 C1 valid=64 novel= 0 | C2 uniq= 4 | C3 draws=  562 comp=  4 uniq=  4 novel=  0 pruned=   0 bt=450 cap= 6 | C4 pool=  8 got= 4 short=0 | 4.6s
[1054] size=11 budget=  560 C1 valid=64 novel= 6 | C2 uniq= 5 | C3 draws=  560 comp=  5 uniq=  5 novel=  1 pruned=   0 bt=439 cap= 6 | C4 pool=  6 got= 5 short=0 | 4.6s
[1055] size=13 budget=  663 C1 valid=57 novel=17 | C2 uniq= 6 | C3 draws=  663 comp=  4 uniq=  4 novel=  1 pruned=   0 bt=544 cap= 7 | C4 pool=  6 got= 6 short=0 | 5.4s
[1056] size=17 budget=  353 C1 valid=63 novel= 0 | C2 uniq= 3 | C3 draws=  353 comp=  3 uniq=  3 novel=  0 pruned=   0 bt=292 cap= 4 | C4 pool=  3 got= 3 short=0 | 2.8s
[1057] size=17 budget=  588 C1 valid=58 novel=25 | C2 uniq= 4 | C3 draws=  588 comp=  3 uniq=  3 novel=  2 pruned=   0 bt=461 cap= 7 | C4 pool=  4 got= 4 short=0 | 4.8s
[1058] size=13 budget= 1213 C1 valid=50 novel=50 | C2 uniq=48 | C3 draws= 1213 comp= 49 uniq= 49 novel= 49 pruned=   0 bt=154 cap= 2 | C4 pool=400 got=48 short=0 | 8.6s
[1059] size=17 budget=  558 C1 valid=64 novel=20 | C2 uniq= 5 | C3 draws=  558 comp= 16 uniq= 16 novel= 14 pruned=   0 bt=264 cap= 1 | C4 pool= 77 got= 5 short=0 | 4.4s
[1060] size=15 budget=  384 C1 valid=64 novel= 0 | C2 uniq= 2 | C3 draws=  384 comp=  2 uniq=  2 novel=  0 pruned=   0 bt=331 cap= 4 | C4 pool=  2 got= 2 short=0 | 3.1s
[1061] size=11 budget=  448 C1 valid=64 novel= 0 | C2 uniq= 1 | C3 draws=  448 comp=  1 uniq=  1 novel=  0 pruned=   0 bt=393 cap= 5 | C4 pool=  1 got= 1 short=0 | 3.6s
[1062] size=13 budget=  320 C1 valid=64 novel= 0 | C2 uniq= 1 | C3 draws=  320 comp=  1 uniq=  1 novel=  0 pruned=   0 bt=279 cap= 3 | C4 pool=  1 got= 1 short=0 | 2.6s
[1063] size=13 budget=  320 C1 valid=64 novel= 0 | C2 uniq= 1 | C3 draws=  320 comp=  1 uniq=  1 novel=  0 pruned=   0 bt=279 cap= 3 | C4 pool=  1 got= 1 short=0 | 2.6s
[1064] size=13 budget=  320 C1 valid=64 novel= 0 | C2 uniq= 1 | C3 draws=  320 comp=  1 uniq=  1 novel=  0 pruned=   0 bt=279 cap= 3 | C4 pool=  1 got= 1 short=0 | 2.6s
[1065] size=13 budget=  875 C1 valid=55 novel=24 | C2 uniq=29 | C3 draws=  875 comp= 18 uniq= 18 novel= 14 pruned=   0 bt=483 cap= 5 | C4 pool=400 got=29 short=0 | 6.8s
[1066] size= 9 budget=  560 C1 valid=64 novel= 2 | C2 uniq=13 | C3 draws=  560 comp=  5 uniq=  5 novel=  0 pruned=   0 bt=443 cap= 5 | C4 pool=197 got=13 short=0 | 4.8s
[1067] size=13 budget=  384 C1 valid=64 novel= 0 | C2 uniq= 1 | C3 draws=  384 comp=  1 uniq=  1 novel=  0 pruned=   0 bt=333 cap= 4 | C4 pool=  1 got= 1 short=0 | 3.8s
[1068] size=15 budget=  728 C1 valid=64 novel=37 | C2 uniq= 3 | C3 draws=  728 comp=  3 uniq=  3 novel=  2 pruned=   0 bt=574 cap= 8 | C4 pool=  4 got= 3 short=0 | 6.3s
[1069] size= 9 budget=  356 C1 valid=64 novel= 0 | C2 uniq= 2 | C3 draws=  356 comp=  2 uniq=  2 novel=  0 pruned=   0 bt=304 cap= 4 | C4 pool=  2 got= 2 short=0 | 2.8s
[1070] size=19 budget=  493 C1 valid=63 novel=42 | C2 uniq= 2 | C3 draws=  493 comp=  2 uniq=  2 novel=  1 pruned=   0 bt=422 cap= 6 | C4 pool=  2 got= 2 short=0 | 3.9s
[1071] size=17 budget= 1050 C1 valid=62 novel=58 | C2 uniq=56 | C3 draws= 1050 comp= 54 uniq= 54 novel= 53 pruned=   0 bt=114 cap= 1 | C4 pool=400 got=56 short=0 | 6.9s
[1072] size=13 budget=  384 C1 valid=64 novel= 0 | C2 uniq= 1 | C3 draws=  384 comp=  1 uniq=  1 novel=  0 pruned=   0 bt=333 cap= 4 | C4 pool=  1 got= 1 short=0 | 3.1s
[1073] size=19 budget=  469 C1 valid=64 novel= 2 | C2 uniq= 4 | C3 draws=  469 comp=  3 uniq=  3 novel=  0 pruned=   0 bt=399 cap= 5 | C4 pool=  4 got= 4 short=0 | 3.7s
[1074] size=15 budget=  985 C1 valid=50 novel=50 | C2 uniq=27 | C3 draws=  985 comp= 22 uniq= 22 novel= 22 pruned=   0 bt=490 cap= 6 | C4 pool=400 got=27 short=0 | 7.9s
[1075] size= 9 budget=  448 C1 valid=64 novel= 0 | C2 uniq= 1 | C3 draws=  448 comp=  1 uniq=  1 novel=  0 pruned=   0 bt=387 cap= 5 | C4 pool=  1 got= 1 short=0 | 3.6s
[1076] size= 9 budget=  604 C1 valid=64 novel=64 | C2 uniq= 3 | C3 draws=  604 comp=  3 uniq=  3 novel=  3 pruned=   0 bt=504 cap= 6 | C4 pool=  3 got= 3 short=0 | 4.9s
[1077] size=19 budget= 1036 C1 valid=34 novel=34 | C2 uniq= 2 | C3 draws= 1036 comp=  3 uniq=  3 novel=  3 pruned=   0 bt=788 cap=12 | C4 pool=  3 got= 2 short=0 | 9.0s
[1078] size= 9 budget=  489 C1 valid=63 novel=10 | C2 uniq=11 | C3 draws=  489 comp=  4 uniq=  4 novel=  1 pruned=   0 bt=395 cap= 5 | C4 pool= 87 got=11 short=0 | 3.9s
[1079] size=11 budget=  983 C1 valid=59 novel=59 | C2 uniq=34 | C3 draws=  983 comp= 23 uniq= 23 novel= 23 pruned=   0 bt=531 cap= 4 | C4 pool=400 got=34 short=0 | 8.0s
[1080] size=11 budget=  384 C1 valid=64 novel= 0 | C2 uniq= 1 | C3 draws=  384 comp=  1 uniq=  1 novel=  0 pruned=   0 bt=337 cap= 4 | C4 pool=  1 got= 1 short=0 | 3.1s
[1081] size=19 budget=  620 C1 valid=64 novel=34 | C2 uniq=18 | C3 draws=  620 comp= 10 uniq= 10 novel=  5 pruned=   0 bt=447 cap= 6 | C4 pool=179 got=18 short=0 | 5.0s
[1082] size= 9 budget=  782 C1 valid=63 novel=40 | C2 uniq=38 | C3 draws=  782 comp= 28 uniq= 28 novel= 24 pruned=   0 bt=307 cap= 4 | C4 pool=400 got=38 short=0 | 5.7s
[1083] size=15 budget=  320 C1 valid=64 novel= 0 | C2 uniq= 1 | C3 draws=  320 comp=  1 uniq=  1 novel=  0 pruned=   0 bt=282 cap= 3 | C4 pool=  1 got= 1 short=0 | 2.6s
[1084] size=15 budget= 1087 C1 valid=51 novel=33 | C2 uniq= 7 | C3 draws= 1087 comp=  6 uniq=  6 novel=  5 pruned=   0 bt=739 cap=12 | C4 pool= 18 got= 7 short=0 | 9.7s
[1085] size= 9 budget=  295 C1 valid=63 novel= 0 | C2 uniq= 2 | C3 draws=  295 comp=  2 uniq=  2 novel=  0 pruned=   0 bt=250 cap= 3 | C4 pool=  2 got= 2 short=0 | 2.4s
[1086] size=17 budget=  448 C1 valid=64 novel= 0 | C2 uniq= 1 | C3 draws=  448 comp=  1 uniq=  1 novel=  0 pruned=   0 bt=387 cap= 5 | C4 pool=  1 got= 1 short=0 | 3.6s
[1087] size=17 budget= 1153 C1 valid=25 novel=25 | C2 uniq= 9 | C3 draws= 1153 comp= 21 uniq= 21 novel= 21 pruned=   0 bt=605 cap= 8 | C4 pool=400 got= 9 short=0 | 9.5s
[1088] size=13 budget=  640 C1 valid=64 novel=22 | C2 uniq=19 | C3 draws=  640 comp=  2 uniq=  2 novel=  0 pruned=   0 bt=549 cap= 7 | C4 pool=400 got=19 short=0 | 5.3s
[1089] size=13 budget=  608 C1 valid=63 novel=19 | C2 uniq=18 | C3 draws=  608 comp=  8 uniq=  8 novel=  5 pruned=   0 bt=435 cap= 6 | C4 pool=400 got=18 short=0 | 4.8s
[1090] size= 7 budget=  468 C1 valid=62 novel= 0 | C2 uniq= 3 | C3 draws=  468 comp=  4 uniq=  4 novel=  1 pruned=   0 bt=379 cap= 4 | C4 pool=  3 got= 3 short=0 | 3.8s
[1091] size=17 budget=  908 C1 valid=45 novel=45 | C2 uniq= 3 | C3 draws=  908 comp=  3 uniq=  3 novel=  3 pruned=   0 bt=709 cap=11 | C4 pool=  3 got= 3 short=0 | 7.8s
[1092] size=13 budget=  556 C1 valid=64 novel= 0 | C2 uniq= 3 | C3 draws=  556 comp=  3 uniq=  3 novel=  0 pruned=   0 bt=459 cap= 6 | C4 pool=  3 got= 3 short=0 | 4.6s
[1093] size=17 budget=  489 C1 valid=64 novel= 0 | C2 uniq= 5 | C3 draws=  489 comp=  3 uniq=  3 novel=  0 pruned=   0 bt=401 cap= 6 | C4 pool=  6 got= 5 short=0 | 4.0s
[1094] size= 9 budget=  512 C1 valid=63 novel= 0 | C2 uniq= 1 | C3 draws=  512 comp=  1 uniq=  1 novel=  0 pruned=   0 bt=443 cap= 5 | C4 pool=  1 got= 1 short=0 | 4.4s
[1095] size=19 budget=  515 C1 valid=42 novel= 1 | C2 uniq= 2 | C3 draws=  515 comp=  2 uniq=  2 novel=  1 pruned=   0 bt=441 cap= 6 | C4 pool=  2 got= 2 short=0 | 4.2s
[1096] size=11 budget=  378 C1 valid=64 novel= 2 | C2 uniq= 8 | C3 draws=  378 comp=  4 uniq=  4 novel=  0 pruned=   0 bt=314 cap= 4 | C4 pool=  9 got= 8 short=0 | 3.0s
[1097] size=17 budget= 1382 C1 valid=20 novel=20 | C2 uniq=18 | C3 draws= 1382 comp= 38 uniq= 38 novel= 38 pruned=   0 bt=376 cap= 6 | C4 pool=400 got=18 short=0 | 10.9s
[1098] size=11 budget=  376 C1 valid=63 novel= 0 | C2 uniq= 6 | C3 draws=  376 comp=  5 uniq=  5 novel=  0 pruned=   0 bt=305 cap= 4 | C4 pool=  7 got= 6 short=0 | 3.0s
[1099] size=15 budget=  750 C1 valid=64 novel= 0 | C2 uniq= 5 | C3 draws=  750 comp=  5 uniq=  5 novel=  0 pruned=   0 bt=581 cap= 8 | C4 pool=  9 got= 5 short=0 | 6.3s
[1100] size=11 budget=  773 C1 valid=63 novel=29 | C2 uniq=13 | C3 draws=  773 comp= 15 uniq= 15 novel= 14 pruned=   0 bt=417 cap= 3 | C4 pool=400 got=13 short=0 | 6.7s
[1101] size=17 budget=  320 C1 valid=64 novel= 0 | C2 uniq= 1 | C3 draws=  320 comp=  1 uniq=  1 novel=  0 pruned=   0 bt=273 cap= 4 | C4 pool=  1 got= 1 short=0 | 2.6s
[1102] size=15 budget=  448 C1 valid=64 novel= 0 | C2 uniq= 1 | C3 draws=  448 comp=  1 uniq=  1 novel=  0 pruned=   0 bt=392 cap= 5 | C4 pool=  1 got= 1 short=0 | 3.6s
[1103] size=15 budget=  384 C1 valid=57 novel= 0 | C2 uniq= 1 | C3 draws=  384 comp=  1 uniq=  1 novel=  0 pruned=   0 bt=329 cap= 4 | C4 pool=  1 got= 1 short=0 | 3.3s
[1104] size=15 budget=  426 C1 valid=47 novel= 0 | C2 uniq= 1 | C3 draws=  426 comp=  1 uniq=  1 novel=  0 pruned=   0 bt=370 cap= 5 | C4 pool=  1 got= 1 short=0 | 3.5s
[1105] size=11 budget=  320 C1 valid=64 novel= 0 | C2 uniq= 1 | C3 draws=  320 comp=  2 uniq=  2 novel=  0 pruned=   0 bt=276 cap= 3 | C4 pool=  2 got= 1 short=0 | 2.6s
[1106] size=11 budget=  320 C1 valid=64 novel= 0 | C2 uniq= 1 | C3 draws=  320 comp=  1 uniq=  1 novel=  0 pruned=   0 bt=283 cap= 3 | C4 pool=  1 got= 1 short=0 | 2.6s
[1107] size=13 budget=  512 C1 valid=64 novel=64 | C2 uniq= 1 | C3 draws=  512 comp=  1 uniq=  1 novel=  1 pruned=   0 bt=420 cap= 6 | C4 pool=  1 got= 1 short=0 | 4.4s
[1108] size=11 budget=  256 C1 valid=64 novel= 0 | C2 uniq= 1 | C3 draws=  256 comp=  1 uniq=  1 novel=  0 pruned=   0 bt=225 cap= 3 | C4 pool=  1 got= 1 short=0 | 2.1s
[1109] size= 9 budget=  614 C1 valid=64 novel= 0 | C2 uniq= 3 | C3 draws=  614 comp=  3 uniq=  3 novel=  0 pruned=   0 bt=495 cap= 6 | C4 pool=  3 got= 3 short=0 | 5.2s
[1110] size=15 budget=  589 C1 valid=62 novel=62 | C2 uniq= 1 | C3 draws=  589 comp=  1 uniq=  1 novel=  1 pruned=   0 bt=501 cap= 7 | C4 pool=  1 got= 1 short=0 | 4.9s
[1111] size=17 budget=  672 C1 valid=63 novel=27 | C2 uniq= 2 | C3 draws=  672 comp=  2 uniq=  2 novel=  1 pruned=   0 bt=547 cap= 8 | C4 pool=  2 got= 2 short=0 | 5.6s
[1112] size=19 budget=  320 C1 valid=64 novel= 0 | C2 uniq= 2 | C3 draws=  320 comp=  2 uniq=  2 novel=  0 pruned=   0 bt=269 cap= 4 | C4 pool=  2 got= 2 short=0 | 2.6s
[1113] size=17 budget=  384 C1 valid=64 novel= 0 | C2 uniq= 1 | C3 draws=  384 comp=  1 uniq=  1 novel=  0 pruned=   0 bt=334 cap= 4 | C4 pool=  1 got= 1 short=0 | 3.1s
[1114] size=15 budget=  776 C1 valid=63 novel=40 | C2 uniq=41 | C3 draws=  776 comp= 50 uniq= 50 novel= 43 pruned=   0 bt= 69 cap= 0 | C4 pool=400 got=41 short=0 | 4.9s
[1115] size= 9 budget=  645 C1 valid=63 novel=14 | C2 uniq= 5 | C3 draws=  645 comp=  4 uniq=  4 novel=  2 pruned=   0 bt=508 cap= 6 | C4 pool= 23 got= 5 short=0 | 5.4s
[1116] size=11 budget=  700 C1 valid=59 novel=19 | C2 uniq=20 | C3 draws=  700 comp=  4 uniq=  4 novel=  2 pruned=   0 bt=580 cap= 7 | C4 pool=400 got=20 short=0 | 5.8s
[1117] size=13 budget=  576 C1 valid=64 novel= 0 | C2 uniq= 1 | C3 draws=  576 comp=  1 uniq=  1 novel=  0 pruned=   0 bt=497 cap= 6 | C4 pool=  2 got= 1 short=0 | 4.9s
[1118] size=11 budget=  320 C1 valid=64 novel= 0 | C2 uniq= 1 | C3 draws=  320 comp=  1 uniq=  1 novel=  0 pruned=   0 bt=283 cap= 3 | C4 pool=  1 got= 1 short=0 | 2.6s
[1119] size=13 budget=  384 C1 valid=64 novel= 0 | C2 uniq= 2 | C3 draws=  384 comp=  2 uniq=  2 novel=  0 pruned=   0 bt=329 cap= 4 | C4 pool=  2 got= 2 short=0 | 3.1s
[1120] size=17 budget=  714 C1 valid=58 novel=57 | C2 uniq= 3 | C3 draws=  714 comp=  7 uniq=  7 novel=  6 pruned=   0 bt=499 cap= 6 | C4 pool=  2 got= 2 short=1 | 6.0s
[1121] size=19 budget=  413 C1 valid=62 novel= 0 | C2 uniq= 2 | C3 draws=  413 comp=  2 uniq=  2 novel=  0 pruned=   0 bt=351 cap= 5 | C4 pool=  2 got= 2 short=0 | 3.3s
[1122] size=13 budget=  427 C1 valid=64 novel= 0 | C2 uniq= 2 | C3 draws=  427 comp=  2 uniq=  2 novel=  0 pruned=   0 bt=362 cap= 5 | C4 pool=  2 got= 2 short=0 | 3.4s
[1123] size=19 budget=  868 C1 valid=57 novel=31 | C2 uniq=16 | C3 draws=  868 comp= 11 uniq= 11 novel=  8 pruned=   0 bt=595 cap= 9 | C4 pool=400 got=16 short=0 | 7.0s
[1124] size=17 budget= 1195 C1 valid=64 novel=64 | C2 uniq= 4 | C3 draws= 1195 comp=  4 uniq=  4 novel=  4 pruned=   0 bt=810 cap=14 | C4 pool=  4 got= 4 short=0 | 11.0s
[1125] size=17 budget=  384 C1 valid=64 novel= 0 | C2 uniq= 1 | C3 draws=  384 comp=  1 uniq=  1 novel=  0 pruned=   0 bt=334 cap= 4 | C4 pool=  1 got= 1 short=0 | 3.1s
[1126] size=17 budget= 1175 C1 valid=50 novel=42 | C2 uniq=32 | C3 draws= 1175 comp= 22 uniq= 22 novel= 19 pruned=   0 bt=600 cap= 9 | C4 pool=400 got=32 short=0 | 10.5s
[1127] size=17 budget=  959 C1 valid=44 novel=24 | C2 uniq=23 | C3 draws=  959 comp= 13 uniq= 13 novel= 11 pruned=   0 bt=583 cap= 8 | C4 pool=400 got=23 short=0 | 8.5s
[1128] size=11 budget=  448 C1 valid=64 novel= 0 | C2 uniq= 1 | C3 draws=  448 comp=  1 uniq=  1 novel=  0 pruned=   0 bt=393 cap= 5 | C4 pool=  1 got= 1 short=0 | 3.7s
[1129] size=11 budget=  384 C1 valid=64 novel= 0 | C2 uniq= 1 | C3 draws=  384 comp=  1 uniq=  1 novel=  0 pruned=   0 bt=337 cap= 4 | C4 pool=  1 got= 1 short=0 | 3.1s
[1130] size=19 budget=  704 C1 valid=57 novel=57 | C2 uniq= 1 | C3 draws=  704 comp=  1 uniq=  1 novel=  1 pruned=   0 bt=563 cap= 9 | C4 pool=  2 got= 1 short=0 | 6.1s
[1131] size=13 budget=  577 C1 valid=64 novel=22 | C2 uniq= 8 | C3 draws=  577 comp=  7 uniq=  7 novel=  3 pruned=   0 bt=440 cap= 6 | C4 pool=  8 got= 8 short=0 | 4.7s
[1132] size=13 budget=  472 C1 valid=64 novel= 0 | C2 uniq= 3 | C3 draws=  472 comp=  3 uniq=  3 novel=  0 pruned=   0 bt=396 cap= 5 | C4 pool=  4 got= 3 short=0 | 3.7s
[1133] size=13 budget=  406 C1 valid=63 novel=12 | C2 uniq= 4 | C3 draws=  406 comp=  4 uniq=  4 novel=  1 pruned=   0 bt=335 cap= 4 | C4 pool=  4 got= 4 short=0 | 3.2s
[1134] size=13 budget=  683 C1 valid=58 novel=43 | C2 uniq= 5 | C3 draws=  683 comp=  7 uniq=  7 novel=  6 pruned=   0 bt=496 cap= 7 | C4 pool=  5 got= 5 short=0 | 5.6s
[1135] size=13 budget=  572 C1 valid=64 novel= 0 | C2 uniq= 3 | C3 draws=  572 comp=  3 uniq=  3 novel=  0 pruned=   0 bt=469 cap= 6 | C4 pool=  4 got= 3 short=0 | 4.8s
[1136] size=17 budget=  988 C1 valid=47 novel=47 | C2 uniq=21 | C3 draws=  988 comp= 22 uniq= 22 novel= 22 pruned=   0 bt=532 cap= 6 | C4 pool=400 got=21 short=0 | 7.7s
[1137] size=13 budget=  448 C1 valid=64 novel= 0 | C2 uniq= 1 | C3 draws=  448 comp=  1 uniq=  1 novel=  0 pruned=   0 bt=387 cap= 5 | C4 pool=  1 got= 1 short=0 | 3.6s
[1138] size= 7 budget=  370 C1 valid=64 novel= 0 | C2 uniq= 2 | C3 draws=  370 comp=  2 uniq=  2 novel=  0 pruned=   0 bt=317 cap= 4 | C4 pool=  2 got= 2 short=0 | 2.9s
[1139] size=15 budget=  320 C1 valid=64 novel= 0 | C2 uniq= 1 | C3 draws=  320 comp=  1 uniq=  1 novel=  0 pruned=   0 bt=282 cap= 3 | C4 pool=  1 got= 1 short=0 | 2.6s
[1140] size=13 budget=  384 C1 valid=64 novel= 0 | C2 uniq= 1 | C3 draws=  384 comp=  1 uniq=  1 novel=  0 pruned=   0 bt=333 cap= 4 | C4 pool=  1 got= 1 short=0 | 3.1s
[1141] size=17 budget=  476 C1 valid=64 novel=14 | C2 uniq= 2 | C3 draws=  476 comp=  2 uniq=  2 novel=  1 pruned=   0 bt=408 cap= 5 | C4 pool=  2 got= 2 short=0 | 3.8s
[1142] size=11 budget= 1034 C1 valid=59 novel=56 | C2 uniq=49 | C3 draws= 1034 comp= 59 uniq= 59 novel= 55 pruned=   0 bt= 15 cap= 0 | C4 pool=400 got=49 short=0 | 7.1s
[1143] size= 9 budget=  320 C1 valid=63 novel= 0 | C2 uniq= 1 | C3 draws=  320 comp=  1 uniq=  1 novel=  0 pruned=   0 bt=279 cap= 3 | C4 pool=  1 got= 1 short=0 | 2.6s
[1144] size=11 budget=  448 C1 valid=64 novel= 0 | C2 uniq= 1 | C3 draws=  448 comp=  1 uniq=  1 novel=  0 pruned=   0 bt=393 cap= 5 | C4 pool=  1 got= 1 short=0 | 3.6s
[1145] size=11 budget=  384 C1 valid=64 novel= 0 | C2 uniq= 1 | C3 draws=  384 comp=  1 uniq=  1 novel=  0 pruned=   0 bt=337 cap= 4 | C4 pool=  1 got= 1 short=0 | 3.1s
[1146] size=19 budget=  470 C1 valid=63 novel=16 | C2 uniq= 2 | C3 draws=  470 comp=  2 uniq=  2 novel=  1 pruned=   0 bt=402 cap= 6 | C4 pool=  2 got= 2 short=0 | 3.8s
[1147] size= 9 budget=  320 C1 valid=64 novel= 0 | C2 uniq= 1 | C3 draws=  320 comp=  1 uniq=  1 novel=  0 pruned=   0 bt=279 cap= 3 | C4 pool=  1 got= 1 short=0 | 2.6s
[1148] size=17 budget=  819 C1 valid=62 novel=39 | C2 uniq= 7 | C3 draws=  819 comp=  7 uniq=  7 novel=  5 pruned=   0 bt=582 cap= 8 | C4 pool= 76 got= 7 short=0 | 7.2s
[1149] size=11 budget=  850 C1 valid=61 novel=28 | C2 uniq= 7 | C3 draws=  850 comp=  8 uniq=  8 novel=  7 pruned=   0 bt=590 cap= 8 | C4 pool= 97 got= 7 short=0 | 7.4s
[1150] size=13 budget= 1152 C1 valid=61 novel=28 | C2 uniq=14 | C3 draws= 1152 comp= 11 uniq= 11 novel=  7 pruned=   0 bt=778 cap=11 | C4 pool= 58 got=14 short=0 | 10.3s
[1151] size=19 budget= 1077 C1 valid=60 novel=57 | C2 uniq= 6 | C3 draws= 1077 comp=  9 uniq=  9 novel=  8 pruned=   0 bt=741 cap= 9 | C4 pool= 27 got= 6 short=0 | 9.7s
[1152] size=11 budget=  512 C1 valid=64 novel= 0 | C2 uniq= 1 | C3 draws=  512 comp=  1 uniq=  1 novel=  0 pruned=   0 bt=432 cap= 6 | C4 pool=  1 got= 1 short=0 | 4.2s
[1153] size=19 budget=  320 C1 valid=64 novel= 0 | C2 uniq= 1 | C3 draws=  320 comp=  1 uniq=  1 novel=  0 pruned=   0 bt=274 cap= 4 | C4 pool=  1 got= 1 short=0 | 2.5s
[1154] size=17 budget=  682 C1 valid=63 novel=35 | C2 uniq=23 | C3 draws=  682 comp= 13 uniq= 13 novel=  8 pruned=   0 bt=451 cap= 7 | C4 pool= 25 got=23 short=0 | 5.5s
[1155] size=15 budget=  631 C1 valid=64 novel=51 | C2 uniq= 4 | C3 draws=  631 comp= 11 uniq= 11 novel= 10 pruned=   0 bt=395 cap= 2 | C4 pool= 14 got= 4 short=0 | 5.4s
[1156] size=11 budget=  384 C1 valid=63 novel= 0 | C2 uniq= 1 | C3 draws=  384 comp=  1 uniq=  1 novel=  0 pruned=   0 bt=337 cap= 4 | C4 pool=  1 got= 1 short=0 | 3.1s
[1157] size=15 budget=  448 C1 valid=64 novel= 0 | C2 uniq= 1 | C3 draws=  448 comp=  1 uniq=  1 novel=  0 pruned=   0 bt=392 cap= 5 | C4 pool=  1 got= 1 short=0 | 3.6s
[1158] size=11 budget=  384 C1 valid=64 novel= 0 | C2 uniq= 1 | C3 draws=  384 comp=  1 uniq=  1 novel=  0 pruned=   0 bt=337 cap= 4 | C4 pool=  1 got= 1 short=0 | 3.1s
[1159] size=19 budget=  534 C1 valid=51 novel= 0 | C2 uniq= 2 | C3 draws=  534 comp=  2 uniq=  2 novel=  0 pruned=   0 bt=452 cap= 6 | C4 pool=  2 got= 2 short=0 | 4.5s
[1160] size=19 budget=  384 C1 valid=64 novel= 0 | C2 uniq= 1 | C3 draws=  384 comp=  1 uniq=  1 novel=  0 pruned=   0 bt=335 cap= 5 | C4 pool=  1 got= 1 short=0 | 3.1s
[1161] size=19 budget=  560 C1 valid=31 novel= 0 | C2 uniq= 3 | C3 draws=  560 comp=  2 uniq=  2 novel=  0 pruned=   0 bt=475 cap= 7 | C4 pool=  4 got= 3 short=0 | 4.6s
[1162] size= 9 budget=  803 C1 valid=64 novel=40 | C2 uniq=14 | C3 draws=  803 comp= 11 uniq= 11 novel=  9 pruned=   0 bt=533 cap= 7 | C4 pool= 97 got=14 short=0 | 6.7s
[1163] size=13 budget=  361 C1 valid=64 novel= 0 | C2 uniq= 3 | C3 draws=  361 comp=  3 uniq=  3 novel=  0 pruned=   0 bt=299 cap= 4 | C4 pool=  3 got= 3 short=0 | 2.8s
[1164] size=17 budget=  414 C1 valid=54 novel= 0 | C2 uniq= 2 | C3 draws=  414 comp=  2 uniq=  2 novel=  0 pruned=   0 bt=349 cap= 5 | C4 pool=  2 got= 2 short=0 | 3.3s
[1165] size=15 budget=  394 C1 valid=41 novel= 0 | C2 uniq= 1 | C3 draws=  394 comp=  1 uniq=  1 novel=  0 pruned=   0 bt=346 cap= 4 | C4 pool=  1 got= 1 short=0 | 3.2s
[1166] size=19 budget= 1111 C1 valid=50 novel=30 | C2 uniq=27 | C3 draws= 1111 comp= 21 uniq= 21 novel= 18 pruned=   0 bt=616 cap= 9 | C4 pool=400 got=27 short=0 | 8.9s
[1167] size=11 budget=  576 C1 valid=63 novel=19 | C2 uniq=11 | C3 draws=  576 comp=  5 uniq=  5 novel=  3 pruned=   0 bt=457 cap= 6 | C4 pool=400 got=11 short=0 | 4.7s
[1168] size= 9 budget=  384 C1 valid=64 novel= 0 | C2 uniq= 1 | C3 draws=  384 comp=  1 uniq=  1 novel=  0 pruned=   0 bt=333 cap= 4 | C4 pool=  1 got= 1 short=0 | 3.1s
[1169] size=19 budget=  256 C1 valid=64 novel= 0 | C2 uniq= 1 | C3 draws=  256 comp=  1 uniq=  1 novel=  0 pruned=   0 bt=219 cap= 3 | C4 pool=  1 got= 1 short=0 | 2.1s
[1170] size=13 budget=  452 C1 valid=62 novel= 0 | C2 uniq= 1 | C3 draws=  452 comp=  1 uniq=  1 novel=  0 pruned=   0 bt=391 cap= 5 | C4 pool=  1 got= 1 short=0 | 3.8s
[1171] size=13 budget=  725 C1 valid=53 novel=53 | C2 uniq= 4 | C3 draws=  725 comp=  4 uniq=  4 novel=  4 pruned=   0 bt=561 cap= 8 | C4 pool=  4 got= 4 short=0 | 6.1s
[1172] size=11 budget=  448 C1 valid=64 novel= 0 | C2 uniq= 1 | C3 draws=  448 comp=  1 uniq=  1 novel=  0 pruned=   0 bt=393 cap= 5 | C4 pool=  1 got= 1 short=0 | 3.6s
[1173] size=11 budget=  256 C1 valid=64 novel= 0 | C2 uniq= 1 | C3 draws=  256 comp=  1 uniq=  1 novel=  0 pruned=   0 bt=225 cap= 3 | C4 pool=  1 got= 1 short=0 | 2.1s
[1174] size= 5 budget=  320 C1 valid=64 novel= 0 | C2 uniq= 1 | C3 draws=  320 comp=  1 uniq=  1 novel=  0 pruned=   0 bt=284 cap= 3 | C4 pool=  1 got= 1 short=0 | 2.5s
[1175] size=19 budget= 1048 C1 valid=31 novel=31 | C2 uniq= 7 | C3 draws= 1048 comp= 17 uniq= 17 novel= 17 pruned=   0 bt=629 cap= 5 | C4 pool=142 got= 7 short=0 | 8.8s
[1176] size=19 budget= 1722 C1 valid= 8 novel= 8 | C2 uniq= 8 | C3 draws= 1722 comp= 11 uniq= 11 novel= 11 pruned=   0 bt=1079 cap=17 | C4 pool=400 got= 8 short=0 | 17.0s
[1177] size=11 budget=  512 C1 valid=64 novel= 0 | C2 uniq= 2 | C3 draws=  512 comp=  2 uniq=  2 novel=  0 pruned=   0 bt=431 cap= 5 | C4 pool=  3 got= 2 short=0 | 4.3s
[1178] size=15 budget=  724 C1 valid=61 novel=23 | C2 uniq=16 | C3 draws=  724 comp=  6 uniq=  6 novel=  4 pruned=   0 bt=554 cap= 8 | C4 pool=400 got=16 short=0 | 6.0s
[1179] size=13 budget=  320 C1 valid=64 novel= 0 | C2 uniq= 1 | C3 draws=  320 comp=  1 uniq=  1 novel=  0 pruned=   0 bt=279 cap= 3 | C4 pool=  1 got= 1 short=0 | 2.6s
[1180] size=15 budget=  320 C1 valid=64 novel= 0 | C2 uniq= 1 | C3 draws=  320 comp=  1 uniq=  1 novel=  0 pruned=   0 bt=282 cap= 3 | C4 pool=  1 got= 1 short=0 | 2.6s
[1181] size=15 budget=  596 C1 valid=57 novel=39 | C2 uniq= 3 | C3 draws=  596 comp=  2 uniq=  2 novel=  1 pruned=   0 bt=491 cap= 7 | C4 pool=  3 got= 3 short=0 | 4.9s
[1182] size=19 budget=  739 C1 valid=60 novel=20 | C2 uniq=25 | C3 draws=  739 comp= 13 uniq= 13 novel=  7 pruned=   0 bt=472 cap= 7 | C4 pool=400 got=25 short=0 | 5.9s
[1183] size=15 budget= 1027 C1 valid=63 novel=63 | C2 uniq= 2 | C3 draws= 1027 comp=  2 uniq=  2 novel=  2 pruned=   0 bt=758 cap=12 | C4 pool=  4 got= 2 short=0 | 9.4s
[1184] size=19 budget=  320 C1 valid=64 novel= 0 | C2 uniq= 1 | C3 draws=  320 comp=  1 uniq=  1 novel=  0 pruned=   0 bt=274 cap= 4 | C4 pool=  1 got= 1 short=0 | 2.6s
[1185] size=19 budget=  410 C1 valid=64 novel= 0 | C2 uniq= 2 | C3 draws=  410 comp=  2 uniq=  2 novel=  0 pruned=   0 bt=349 cap= 5 | C4 pool=  2 got= 2 short=0 | 3.3s
[1186] size=19 budget=  515 C1 valid=63 novel=63 | C2 uniq= 1 | C3 draws=  515 comp=  3 uniq=  3 novel=  3 pruned=   0 bt=394 cap= 5 | C4 pool=  1 got= 1 short=0 | 4.3s
[1187] size=19 budget= 1018 C1 valid=53 novel=44 | C2 uniq=13 | C3 draws= 1018 comp=  6 uniq=  6 novel=  5 pruned=   0 bt=741 cap=12 | C4 pool=104 got=13 short=0 | 8.8s
[1188] size=13 budget=  780 C1 valid=64 novel= 0 | C2 uniq= 5 | C3 draws=  780 comp=  4 uniq=  4 novel=  0 pruned=   0 bt=615 cap= 9 | C4 pool=  9 got= 5 short=0 | 6.7s
[1189] size= 9 budget=  356 C1 valid=63 novel= 0 | C2 uniq= 2 | C3 draws=  356 comp=  2 uniq=  2 novel=  0 pruned=   0 bt=305 cap= 4 | C4 pool=  2 got= 2 short=0 | 2.9s
[1190] size=11 budget=  609 C1 valid=63 novel= 0 | C2 uniq= 5 | C3 draws=  609 comp=  4 uniq=  4 novel=  0 pruned=   0 bt=489 cap= 6 | C4 pool=  9 got= 5 short=0 | 5.0s
[1191] size=15 budget=  384 C1 valid=64 novel= 0 | C2 uniq= 1 | C3 draws=  384 comp=  1 uniq=  1 novel=  0 pruned=   0 bt=338 cap= 4 | C4 pool=  1 got= 1 short=0 | 3.1s
[1192] size=11 budget=  446 C1 valid=64 novel= 0 | C2 uniq= 5 | C3 draws=  446 comp=  4 uniq=  4 novel=  0 pruned=   0 bt=371 cap= 5 | C4 pool=  5 got= 5 short=0 | 3.6s
[1193] size=19 budget= 1128 C1 valid=53 novel=22 | C2 uniq=29 | C3 draws= 1128 comp= 18 uniq= 18 novel= 10 pruned=   0 bt=655 cap= 9 | C4 pool=400 got=29 short=0 | 9.6s
[1194] size=19 budget=  384 C1 valid=64 novel= 0 | C2 uniq= 1 | C3 draws=  384 comp=  1 uniq=  1 novel=  0 pruned=   0 bt=335 cap= 5 | C4 pool=  1 got= 1 short=0 | 3.1s
[1195] size=13 budget=  729 C1 valid=64 novel= 0 | C2 uniq= 2 | C3 draws=  729 comp=  2 uniq=  2 novel=  0 pruned=   0 bt=589 cap= 8 | C4 pool=  2 got= 2 short=0 | 6.2s
[1196] size=19 budget=  320 C1 valid=64 novel= 0 | C2 uniq= 1 | C3 draws=  320 comp=  1 uniq=  1 novel=  0 pruned=   0 bt=274 cap= 4 | C4 pool=  1 got= 1 short=0 | 2.6s
[1197] size=19 budget=  533 C1 valid=59 novel=59 | C2 uniq= 1 | C3 draws=  533 comp=  1 uniq=  1 novel=  1 pruned=   0 bt=469 cap= 6 | C4 pool=  1 got= 1 short=0 | 4.5s
[1198] size=11 budget=  512 C1 valid=61 novel= 0 | C2 uniq= 8 | C3 draws=  512 comp= 12 uniq= 12 novel=  4 pruned=   0 bt=254 cap= 2 | C4 pool= 65 got= 8 short=0 | 4.2s
[1199] size=15 budget=  526 C1 valid=64 novel= 0 | C2 uniq= 2 | C3 draws=  526 comp=  2 uniq=  2 novel=  0 pruned=   0 bt=447 cap= 6 | C4 pool=  2 got= 2 short=0 | 4.2s
[1200] size=19 budget=  466 C1 valid=59 novel=18 | C2 uniq= 5 | C3 draws=  466 comp=  3 uniq=  3 novel=  1 pruned=   0 bt=395 cap= 5 | C4 pool=  8 got= 5 short=0 | 3.7s
[1201] size= 9 budget=  537 C1 valid=63 novel=13 | C2 uniq=15 | C3 draws=  537 comp=  4 uniq=  4 novel=  1 pruned=   0 bt=453 cap= 5 | C4 pool= 83 got=15 short=0 | 4.4s
[1202] size=17 budget= 1237 C1 valid=18 novel=18 | C2 uniq=12 | C3 draws= 1237 comp= 10 uniq= 10 novel= 10 pruned=   0 bt=843 cap=12 | C4 pool=400 got=12 short=0 | 11.8s
[1203] size=17 budget=  512 C1 valid=64 novel= 0 | C2 uniq= 1 | C3 draws=  512 comp=  1 uniq=  1 novel=  0 pruned=   0 bt=441 cap= 6 | C4 pool=  1 got= 1 short=0 | 4.2s
[1204] size=19 budget=  320 C1 valid=63 novel= 0 | C2 uniq= 1 | C3 draws=  320 comp=  1 uniq=  1 novel=  0 pruned=   0 bt=274 cap= 4 | C4 pool=  1 got= 1 short=0 | 2.6s
[1205] size=11 budget=  832 C1 valid=64 novel= 0 | C2 uniq= 1 | C3 draws=  832 comp=  1 uniq=  1 novel=  0 pruned=   0 bt=659 cap= 9 | C4 pool=  2 got= 1 short=0 | 7.5s
[1206] size=15 budget= 1197 C1 valid=59 novel=52 | C2 uniq=22 | C3 draws= 1197 comp= 20 uniq= 20 novel= 19 pruned=   0 bt=598 cap= 9 | C4 pool= 80 got=22 short=0 | 9.9s
[1207] size=13 budget=  366 C1 valid=64 novel= 0 | C2 uniq= 3 | C3 draws=  366 comp=  2 uniq=  2 novel=  0 pruned=   0 bt=310 cap= 4 | C4 pool=  3 got= 3 short=0 | 2.9s
[1208] size=13 budget=  805 C1 valid=62 novel=39 | C2 uniq= 2 | C3 draws=  805 comp=  2 uniq=  2 novel=  1 pruned=   0 bt=654 cap= 9 | C4 pool=  2 got= 2 short=0 | 6.9s
[1209] size=19 budget=  888 C1 valid=38 novel=25 | C2 uniq=19 | C3 draws=  888 comp=  6 uniq=  6 novel=  4 pruned=   0 bt=656 cap=10 | C4 pool=400 got=19 short=0 | 7.7s
[1210] size=17 budget=  320 C1 valid=64 novel= 0 | C2 uniq= 1 | C3 draws=  320 comp=  1 uniq=  1 novel=  0 pruned=   0 bt=273 cap= 4 | C4 pool=  1 got= 1 short=0 | 2.6s
[1211] size=17 budget=  389 C1 valid=64 novel= 0 | C2 uniq= 2 | C3 draws=  389 comp=  2 uniq=  2 novel=  0 pruned=   0 bt=332 cap= 4 | C4 pool=  4 got= 2 short=0 | 3.1s
[1212] size=13 budget=  448 C1 valid=64 novel= 0 | C2 uniq= 1 | C3 draws=  448 comp=  1 uniq=  1 novel=  0 pruned=   0 bt=387 cap= 5 | C4 pool=  1 got= 1 short=0 | 3.6s
[1213] size=15 budget= 1003 C1 valid=62 novel=53 | C2 uniq=46 | C3 draws= 1003 comp= 56 uniq= 56 novel= 55 pruned=   0 bt= 20 cap= 0 | C4 pool=400 got=46 short=0 | 6.4s
[1214] size= 7 budget=  320 C1 valid=64 novel= 0 | C2 uniq= 1 | C3 draws=  320 comp=  1 uniq=  1 novel=  0 pruned=   0 bt=288 cap= 3 | C4 pool=  1 got= 1 short=0 | 2.6s
[1215] size=11 budget=  642 C1 valid=61 novel=22 | C2 uniq=16 | C3 draws=  642 comp=  6 uniq=  6 novel=  4 pruned=   0 bt=493 cap= 6 | C4 pool=400 got=16 short=0 | 5.2s
[1216] size= 9 budget=  319 C1 valid=64 novel= 0 | C2 uniq= 7 | C3 draws=  319 comp=  3 uniq=  3 novel=  0 pruned=   0 bt=269 cap= 3 | C4 pool=  8 got= 7 short=0 | 2.5s
[1217] size=13 budget=  704 C1 valid=64 novel=64 | C2 uniq= 1 | C3 draws=  704 comp=  1 uniq=  1 novel=  1 pruned=   0 bt=611 cap= 8 | C4 pool=  1 got= 1 short=0 | 5.9s
[1218] size=17 budget= 1422 C1 valid=43 novel=43 | C2 uniq= 6 | C3 draws= 1422 comp=  5 uniq=  5 novel=  5 pruned=   0 bt=935 cap=16 | C4 pool=  2 got= 2 short=4 | 12.6s
[1219] size=11 budget=  341 C1 valid=64 novel= 0 | C2 uniq= 6 | C3 draws=  341 comp=  4 uniq=  4 novel=  0 pruned=   0 bt=287 cap= 3 | C4 pool=  6 got= 6 short=0 | 2.7s
[1220] size=15 budget=  378 C1 valid=64 novel= 0 | C2 uniq= 2 | C3 draws=  378 comp=  2 uniq=  2 novel=  0 pruned=   0 bt=324 cap= 4 | C4 pool=  2 got= 2 short=0 | 3.0s
[1221] size=19 budget=  481 C1 valid=64 novel= 4 | C2 uniq= 6 | C3 draws=  481 comp=  5 uniq=  5 novel=  2 pruned=   0 bt=386 cap= 5 | C4 pool= 40 got= 6 short=0 | 3.8s
[1222] size=17 budget=  448 C1 valid=64 novel= 0 | C2 uniq= 1 | C3 draws=  448 comp=  1 uniq=  1 novel=  0 pruned=   0 bt=387 cap= 5 | C4 pool=  1 got= 1 short=0 | 3.7s
[1223] size=15 budget=  513 C1 valid=61 novel= 0 | C2 uniq= 1 | C3 draws=  513 comp=  1 uniq=  1 novel=  0 pruned=   0 bt=448 cap= 6 | C4 pool=  1 got= 1 short=0 | 4.1s
[1224] size=15 budget=  413 C1 valid=62 novel=10 | C2 uniq= 4 | C3 draws=  413 comp=  5 uniq=  5 novel=  2 pruned=   0 bt=324 cap= 4 | C4 pool=  5 got= 4 short=0 | 3.3s
[1225] size=11 budget=  320 C1 valid=64 novel= 0 | C2 uniq= 1 | C3 draws=  320 comp=  1 uniq=  1 novel=  0 pruned=   0 bt=283 cap= 3 | C4 pool=  1 got= 1 short=0 | 2.6s
[1226] size=13 budget=  384 C1 valid=64 novel= 0 | C2 uniq= 2 | C3 draws=  384 comp=  2 uniq=  2 novel=  0 pruned=   0 bt=327 cap= 4 | C4 pool=  2 got= 2 short=0 | 3.1s
[1227] size=11 budget=  320 C1 valid=64 novel= 0 | C2 uniq= 1 | C3 draws=  320 comp=  1 uniq=  1 novel=  0 pruned=   0 bt=283 cap= 3 | C4 pool=  1 got= 1 short=0 | 2.6s
[1228] size=13 budget=  384 C1 valid=64 novel= 0 | C2 uniq= 2 | C3 draws=  384 comp=  2 uniq=  2 novel=  0 pruned=   0 bt=327 cap= 4 | C4 pool=  2 got= 2 short=0 | 3.1s
[1229] size=15 budget=  872 C1 valid=61 novel=29 | C2 uniq=22 | C3 draws=  872 comp= 13 uniq= 13 novel= 11 pruned=   0 bt=509 cap= 8 | C4 pool=400 got=22 short=0 | 7.6s
[1230] size=15 budget= 1736 C1 valid= 3 novel= 3 | C2 uniq= 3 | C3 draws= 1736 comp=  8 uniq=  8 novel=  8 pruned=   0 bt=1081 cap=18 | C4 pool=400 got= 3 short=0 | 16.3s
[1231] size=13 budget=  875 C1 valid=60 novel=48 | C2 uniq=34 | C3 draws=  875 comp= 19 uniq= 19 novel= 17 pruned=   0 bt=510 cap= 7 | C4 pool=400 got=34 short=0 | 6.8s
[1232] size=13 budget=  320 C1 valid=64 novel= 0 | C2 uniq= 1 | C3 draws=  320 comp=  1 uniq=  1 novel=  0 pruned=   0 bt=279 cap= 3 | C4 pool=  1 got= 1 short=0 | 2.6s
[1233] size=13 budget= 1690 C1 valid=13 novel=13 | C2 uniq=12 | C3 draws= 1690 comp= 11 uniq= 11 novel= 11 pruned=   0 bt=1141 cap=17 | C4 pool=400 got=12 short=0 | 16.0s
[1234] size=15 budget=  832 C1 valid=64 novel=32 | C2 uniq= 2 | C3 draws=  832 comp=  2 uniq=  2 novel=  1 pruned=   0 bt=672 cap=10 | C4 pool=  2 got= 2 short=0 | 7.3s
[1235] size=15 budget=  384 C1 valid=64 novel= 0 | C2 uniq= 1 | C3 draws=  384 comp=  1 uniq=  1 novel=  0 pruned=   0 bt=338 cap= 4 | C4 pool=  1 got= 1 short=0 | 3.1s
[1236] size=11 budget=  384 C1 valid=64 novel= 0 | C2 uniq= 1 | C3 draws=  384 comp=  1 uniq=  1 novel=  0 pruned=   0 bt=337 cap= 4 | C4 pool=  1 got= 1 short=0 | 3.1s
[1237] size=19 budget=  423 C1 valid=64 novel= 0 | C2 uniq= 2 | C3 draws=  423 comp=  2 uniq=  2 novel=  0 pruned=   0 bt=362 cap= 5 | C4 pool=  2 got= 2 short=0 | 3.4s
[1238] size=19 budget=  583 C1 valid=63 novel=19 | C2 uniq=10 | C3 draws=  583 comp=  6 uniq=  6 novel=  5 pruned=   0 bt=430 cap= 6 | C4 pool= 82 got=10 short=0 | 4.7s
[1239] size=17 budget=  501 C1 valid=53 novel= 0 | C2 uniq= 1 | C3 draws=  501 comp=  1 uniq=  1 novel=  0 pruned=   0 bt=429 cap= 6 | C4 pool=  1 got= 1 short=0 | 4.2s
[1240] size= 9 budget=  404 C1 valid=63 novel= 0 | C2 uniq= 4 | C3 draws=  404 comp=  2 uniq=  2 novel=  0 pruned=   0 bt=347 cap= 4 | C4 pool=  5 got= 4 short=0 | 3.2s
[1241] size=19 budget=  599 C1 valid=56 novel=31 | C2 uniq= 2 | C3 draws=  599 comp=  2 uniq=  2 novel=  1 pruned=   0 bt=499 cap= 7 | C4 pool=  2 got= 2 short=0 | 5.0s
[1242] size= 9 budget=  682 C1 valid=53 novel=23 | C2 uniq= 5 | C3 draws=  682 comp=  3 uniq=  3 novel=  2 pruned=   0 bt=557 cap= 7 | C4 pool= 58 got= 5 short=0 | 5.7s
[1243] size=17 budget=  672 C1 valid=40 novel=18 | C2 uniq= 9 | C3 draws=  672 comp= 11 uniq= 11 novel=  8 pruned=   0 bt=467 cap= 6 | C4 pool= 14 got= 9 short=0 | 5.3s
[1244] size=11 budget=  384 C1 valid=64 novel= 0 | C2 uniq= 1 | C3 draws=  384 comp=  1 uniq=  1 novel=  0 pruned=   0 bt=337 cap= 4 | C4 pool=  1 got= 1 short=0 | 3.1s
[1245] size=19 budget=  825 C1 valid=62 novel=38 | C2 uniq= 9 | C3 draws=  825 comp=  9 uniq=  9 novel=  8 pruned=   0 bt=578 cap= 8 | C4 pool=  4 got= 4 short=5 | 6.8s
[1246] size=17 budget=  425 C1 valid=64 novel= 0 | C2 uniq= 3 | C3 draws=  425 comp=  3 uniq=  3 novel=  0 pruned=   0 bt=349 cap= 5 | C4 pool=  3 got= 3 short=0 | 3.4s
[1247] size=13 budget=  639 C1 valid=63 novel=63 | C2 uniq= 1 | C3 draws=  639 comp=  1 uniq=  1 novel=  1 pruned=   0 bt=548 cap= 7 | C4 pool=  1 got= 1 short=0 | 5.4s
[1248] size=13 budget=  512 C1 valid=64 novel= 0 | C2 uniq= 1 | C3 draws=  512 comp=  1 uniq=  1 novel=  0 pruned=   0 bt=433 cap= 6 | C4 pool=  1 got= 1 short=0 | 4.3s
[1249] size=17 budget= 1202 C1 valid=58 novel=55 | C2 uniq=44 | C3 draws= 1202 comp= 25 uniq= 25 novel= 24 pruned=   0 bt=568 cap= 6 | C4 pool=400 got=44 short=0 | 9.7s
[1250] size=17 budget=  514 C1 valid= 3 novel= 2 | C2 uniq= 2 | C3 draws=  514 comp=  2 uniq=  2 novel=  1 pruned=   0 bt=444 cap= 5 | C4 pool=  1 got= 1 short=1 | 4.1s
[1251] size=13 budget=  384 C1 valid=64 novel= 0 | C2 uniq= 1 | C3 draws=  384 comp=  1 uniq=  1 novel=  0 pruned=   0 bt=333 cap= 4 | C4 pool=  1 got= 1 short=0 | 3.1s
[1252] size=13 budget=  320 C1 valid=64 novel= 0 | C2 uniq= 1 | C3 draws=  320 comp=  1 uniq=  1 novel=  0 pruned=   0 bt=279 cap= 3 | C4 pool=  1 got= 1 short=0 | 2.6s
[1253] size=13 budget=  840 C1 valid=63 novel=61 | C2 uniq=32 | C3 draws=  840 comp= 28 uniq= 28 novel= 27 pruned=   0 bt=339 cap= 5 | C4 pool=400 got=32 short=0 | 7.0s
[1254] size=11 budget=  441 C1 valid=64 novel= 0 | C2 uniq= 6 | C3 draws=  441 comp=  5 uniq=  5 novel=  0 pruned=   0 bt=367 cap= 4 | C4 pool=  7 got= 6 short=0 | 3.5s
[1255] size=19 budget=  512 C1 valid=64 novel=64 | C2 uniq= 1 | C3 draws=  512 comp=  1 uniq=  1 novel=  1 pruned=   0 bt=447 cap= 6 | C4 pool=  1 got= 1 short=0 | 4.1s
[1256] size=11 budget=  389 C1 valid=64 novel= 7 | C2 uniq= 5 | C3 draws=  389 comp=  5 uniq=  5 novel=  1 pruned=   0 bt=316 cap= 4 | C4 pool=  5 got= 5 short=0 | 3.0s
[1257] size=13 budget=  256 C1 valid=64 novel= 0 | C2 uniq= 1 | C3 draws=  256 comp=  1 uniq=  1 novel=  0 pruned=   0 bt=217 cap= 3 | C4 pool=  1 got= 1 short=0 | 2.1s
[1258] size=13 budget=  384 C1 valid=64 novel= 0 | C2 uniq= 1 | C3 draws=  384 comp=  1 uniq=  1 novel=  0 pruned=   0 bt=333 cap= 4 | C4 pool=  1 got= 1 short=0 | 3.1s
[1259] size=17 budget=  708 C1 valid=64 novel=19 | C2 uniq= 5 | C3 draws=  708 comp=  2 uniq=  2 novel=  1 pruned=   0 bt=611 cap= 8 | C4 pool=  9 got= 5 short=0 | 5.8s
[1260] size=17 budget= 1077 C1 valid=32 novel=18 | C2 uniq=13 | C3 draws= 1077 comp= 22 uniq= 22 novel= 20 pruned=   0 bt=527 cap= 8 | C4 pool=400 got=13 short=0 | 8.9s
[1261] size= 9 budget=  576 C1 valid=64 novel= 0 | C2 uniq= 1 | C3 draws=  576 comp=  1 uniq=  1 novel=  0 pruned=   0 bt=483 cap= 6 | C4 pool=  1 got= 1 short=0 | 4.9s
[1262] size=11 budget=  448 C1 valid=64 novel= 0 | C2 uniq= 1 | C3 draws=  448 comp=  1 uniq=  1 novel=  0 pruned=   0 bt=393 cap= 5 | C4 pool=  1 got= 1 short=0 | 3.6s
[1263] size=15 budget=  371 C1 valid=63 novel= 0 | C2 uniq= 2 | C3 draws=  371 comp=  2 uniq=  2 novel=  0 pruned=   0 bt=319 cap= 4 | C4 pool=  2 got= 2 short=0 | 3.0s
[1264] size=17 budget=  967 C1 valid=62 novel=28 | C2 uniq= 9 | C3 draws=  967 comp= 12 uniq= 12 novel= 11 pruned=   0 bt=603 cap= 8 | C4 pool= 58 got= 9 short=0 | 8.4s
[1265] size=11 budget=  320 C1 valid=64 novel= 0 | C2 uniq= 1 | C3 draws=  320 comp=  1 uniq=  1 novel=  0 pruned=   0 bt=283 cap= 3 | C4 pool=  1 got= 1 short=0 | 2.6s
[1266] size=19 budget=  945 C1 valid=64 novel=64 | C2 uniq= 8 | C3 draws=  945 comp=  8 uniq=  8 novel=  8 pruned=   0 bt=681 cap=11 | C4 pool=  8 got= 8 short=0 | 8.0s
[1267] size=19 budget=  941 C1 valid=62 novel=37 | C2 uniq=18 | C3 draws=  941 comp= 10 uniq= 10 novel=  8 pruned=   0 bt=700 cap= 9 | C4 pool=400 got=18 short=0 | 7.7s
[1268] size=11 budget=  384 C1 valid=64 novel= 0 | C2 uniq= 1 | C3 draws=  384 comp=  1 uniq=  1 novel=  0 pruned=   0 bt=337 cap= 4 | C4 pool=  1 got= 1 short=0 | 3.1s
[1269] size=17 budget=  676 C1 valid=63 novel=10 | C2 uniq= 9 | C3 draws=  676 comp=  8 uniq=  8 novel=  4 pruned=   0 bt=502 cap= 5 | C4 pool= 69 got= 9 short=0 | 5.5s
[1270] size=17 budget=  857 C1 valid=55 novel=34 | C2 uniq=27 | C3 draws=  857 comp= 16 uniq= 16 novel= 12 pruned=   0 bt=552 cap= 6 | C4 pool=400 got=27 short=0 | 6.8s
[1271] size=13 budget=  529 C1 valid=50 novel= 5 | C2 uniq= 8 | C3 draws=  529 comp= 19 uniq= 19 novel= 16 pruned=   0 bt=196 cap= 1 | C4 pool=400 got= 8 short=0 | 4.2s
[1272] size=15 budget=  576 C1 valid=64 novel= 0 | C2 uniq= 1 | C3 draws=  576 comp=  1 uniq=  1 novel=  0 pruned=   0 bt=470 cap= 7 | C4 pool=  1 got= 1 short=0 | 5.0s
[1273] size=15 budget= 1420 C1 valid=40 novel=27 | C2 uniq=22 | C3 draws= 1420 comp= 33 uniq= 33 novel= 32 pruned=   0 bt=522 cap= 8 | C4 pool=400 got=22 short=0 | 11.1s
[1274] size=17 budget=  404 C1 valid=64 novel= 0 | C2 uniq= 2 | C3 draws=  404 comp=  2 uniq=  2 novel=  0 pruned=   0 bt=341 cap= 5 | C4 pool=  2 got= 2 short=0 | 3.3s
[1275] size=11 budget=  619 C1 valid=64 novel= 8 | C2 uniq= 4 | C3 draws=  619 comp=  4 uniq=  4 novel=  1 pruned=   0 bt=497 cap= 6 | C4 pool=  4 got= 4 short=0 | 5.2s
[1276] size=19 budget=  680 C1 valid=64 novel=64 | C2 uniq= 3 | C3 draws=  680 comp=  3 uniq=  3 novel=  3 pruned=   0 bt=540 cap= 8 | C4 pool=  3 got= 3 short=0 | 5.8s
[1277] size=11 budget=  256 C1 valid=64 novel= 0 | C2 uniq= 1 | C3 draws=  256 comp=  1 uniq=  1 novel=  0 pruned=   0 bt=225 cap= 3 | C4 pool=  1 got= 1 short=0 | 2.1s
[1278] size=17 budget=  544 C1 valid=63 novel=63 | C2 uniq= 2 | C3 draws=  544 comp=  2 uniq=  2 novel=  2 pruned=   0 bt=448 cap= 6 | C4 pool=  2 got= 2 short=0 | 4.7s
[1279] size=17 budget=  400 C1 valid=63 novel=12 | C2 uniq= 3 | C3 draws=  400 comp=  2 uniq=  2 novel=  1 pruned=   0 bt=335 cap= 4 | C4 pool=  2 got= 2 short=1 | 3.3s
[1280] size=15 budget=  813 C1 valid=62 novel= 9 | C2 uniq=10 | C3 draws=  813 comp=  9 uniq=  9 novel=  2 pruned=   0 bt=552 cap= 8 | C4 pool= 44 got=10 short=0 | 6.9s
[1281] size=17 budget=  320 C1 valid=64 novel= 0 | C2 uniq= 1 | C3 draws=  320 comp=  1 uniq=  1 novel=  0 pruned=   0 bt=273 cap= 4 | C4 pool=  1 got= 1 short=0 | 2.6s
[1282] size=13 budget=  384 C1 valid=64 novel= 0 | C2 uniq= 1 | C3 draws=  384 comp=  1 uniq=  1 novel=  0 pruned=   0 bt=333 cap= 4 | C4 pool=  1 got= 1 short=0 | 3.1s
[1283] size=15 budget=  754 C1 valid=63 novel=25 | C2 uniq= 5 | C3 draws=  754 comp=  3 uniq=  3 novel=  2 pruned=   0 bt=630 cap= 9 | C4 pool=  5 got= 5 short=0 | 6.1s
[1284] size=17 budget=  528 C1 valid=57 novel=57 | C2 uniq= 1 | C3 draws=  528 comp=  1 uniq=  1 novel=  1 pruned=   0 bt=450 cap= 6 | C4 pool=  1 got= 1 short=0 | 4.4s
[1285] size=15 budget=  544 C1 valid=60 novel=26 | C2 uniq=10 | C3 draws=  544 comp=  6 uniq=  6 novel=  3 pruned=   0 bt=429 cap= 6 | C4 pool= 58 got=10 short=0 | 4.3s
[1286] size=17 budget=  494 C1 valid=64 novel=15 | C2 uniq= 9 | C3 draws=  494 comp=  4 uniq=  4 novel=  2 pruned=   0 bt=403 cap= 5 | C4 pool= 18 got= 9 short=0 | 3.9s
[1287] size=17 budget=  365 C1 valid=64 novel= 0 | C2 uniq= 3 | C3 draws=  365 comp=  3 uniq=  3 novel=  0 pruned=   0 bt=303 cap= 4 | C4 pool=  3 got= 3 short=0 | 2.9s
[1288] size=11 budget=  558 C1 valid=58 novel=16 | C2 uniq=18 | C3 draws=  558 comp=  4 uniq=  4 novel=  2 pruned=   0 bt=434 cap= 6 | C4 pool=400 got=18 short=0 | 5.3s
[1289] size=13 budget=  694 C1 valid=63 novel=35 | C2 uniq=16 | C3 draws=  694 comp=  6 uniq=  6 novel=  5 pruned=   0 bt=531 cap= 7 | C4 pool=150 got=16 short=0 | 5.8s
[1290] size=13 budget=  572 C1 valid=64 novel= 0 | C2 uniq= 2 | C3 draws=  572 comp=  2 uniq=  2 novel=  0 pruned=   0 bt=474 cap= 6 | C4 pool=  6 got= 2 short=0 | 4.7s
[1291] size=11 budget=  346 C1 valid=59 novel= 0 | C2 uniq= 4 | C3 draws=  346 comp=  3 uniq=  3 novel=  0 pruned=   0 bt=297 cap= 3 | C4 pool=  6 got= 4 short=0 | 2.7s
[1292] size=19 budget=  684 C1 valid=64 novel= 0 | C2 uniq= 3 | C3 draws=  684 comp=  3 uniq=  3 novel=  0 pruned=   0 bt=541 cap= 8 | C4 pool=  3 got= 3 short=0 | 5.8s
[1293] size=17 budget=  531 C1 valid=62 novel=20 | C2 uniq=13 | C3 draws=  531 comp=  4 uniq=  4 novel=  2 pruned=   0 bt=432 cap= 6 | C4 pool=400 got=13 short=0 | 4.3s
[1294] size= 9 budget=  428 C1 valid=64 novel= 8 | C2 uniq= 3 | C3 draws=  428 comp= 11 uniq= 11 novel=  9 pruned=   0 bt=264 cap= 0 | C4 pool=  7 got= 3 short=0 | 3.4s
[1295] size=13 budget=  256 C1 valid=64 novel= 0 | C2 uniq= 1 | C3 draws=  256 comp=  2 uniq=  2 novel=  0 pruned=   0 bt=217 cap= 3 | C4 pool=  2 got= 1 short=0 | 2.1s
[1296] size=13 budget=  586 C1 valid=62 novel=24 | C2 uniq= 4 | C3 draws=  586 comp=  5 uniq=  5 novel=  3 pruned=   0 bt=454 cap= 6 | C4 pool=  6 got= 4 short=0 | 4.8s
[1297] size=13 budget=  578 C1 valid=56 novel=56 | C2 uniq= 2 | C3 draws=  578 comp=  2 uniq=  2 novel=  2 pruned=   0 bt=484 cap= 6 | C4 pool=  2 got= 2 short=0 | 4.8s
[1298] size=19 budget= 1536 C1 valid=44 novel=44 | C2 uniq= 9 | C3 draws= 1536 comp= 13 uniq= 13 novel= 13 pruned=   0 bt=896 cap=11 | C4 pool=246 got= 9 short=0 | 14.4s
[1299] size=17 budget=  547 C1 valid=25 novel=25 | C2 uniq= 2 | C3 draws=  547 comp=  2 uniq=  2 novel=  2 pruned=   0 bt=466 cap= 6 | C4 pool=  2 got= 2 short=0 | 4.5s
[1300] size=19 budget= 1168 C1 valid=22 novel=21 | C2 uniq= 8 | C3 draws= 1168 comp=  9 uniq=  9 novel=  8 pruned=   0 bt=819 cap=10 | C4 pool= 73 got= 8 short=0 | 10.5s
[1301] size=13 budget=  900 C1 valid=60 novel=14 | C2 uniq= 7 | C3 draws=  900 comp=  8 uniq=  8 novel=  5 pruned=   0 bt=606 cap= 9 | C4 pool= 87 got= 7 short=0 | 7.7s
[1302] size=19 budget= 1133 C1 valid=48 novel=48 | C2 uniq=19 | C3 draws= 1133 comp= 14 uniq= 14 novel= 14 pruned=   0 bt=670 cap=11 | C4 pool=400 got=19 short=0 | 9.9s
[1303] size=13 budget=  320 C1 valid=64 novel= 0 | C2 uniq= 1 | C3 draws=  320 comp=  1 uniq=  1 novel=  0 pruned=   0 bt=279 cap= 3 | C4 pool=  1 got= 1 short=0 | 2.6s
[1304] size=15 budget=  640 C1 valid=63 novel=63 | C2 uniq= 1 | C3 draws=  640 comp=  1 uniq=  1 novel=  1 pruned=   0 bt=536 cap= 7 | C4 pool=  1 got= 1 short=0 | 5.5s
[1305] size=13 budget=  415 C1 valid=64 novel= 0 | C2 uniq= 2 | C3 draws=  415 comp=  2 uniq=  2 novel=  0 pruned=   0 bt=353 cap= 4 | C4 pool=  2 got= 2 short=0 | 3.4s
[1306] size=17 budget=  501 C1 valid=63 novel= 4 | C2 uniq= 3 | C3 draws=  501 comp=  2 uniq=  2 novel=  0 pruned=   0 bt=421 cap= 6 | C4 pool=  3 got= 3 short=0 | 4.1s
[1307] size= 9 budget=  512 C1 valid=64 novel= 0 | C2 uniq= 1 | C3 draws=  512 comp=  1 uniq=  1 novel=  0 pruned=   0 bt=443 cap= 5 | C4 pool=  1 got= 1 short=0 | 4.3s
[1308] size=13 budget= 1140 C1 valid=25 novel=25 | C2 uniq=23 | C3 draws= 1140 comp= 34 uniq= 34 novel= 34 pruned=   0 bt=403 cap= 4 | C4 pool=400 got=23 short=0 | 9.1s
[1309] size= 9 budget=  384 C1 valid=64 novel= 0 | C2 uniq= 1 | C3 draws=  384 comp=  1 uniq=  1 novel=  0 pruned=   0 bt=333 cap= 4 | C4 pool=  1 got= 1 short=0 | 3.3s
[1310] size=11 budget=  713 C1 valid=55 novel= 8 | C2 uniq= 8 | C3 draws=  713 comp=  2 uniq=  2 novel=  0 pruned=   0 bt=616 cap= 8 | C4 pool=400 got= 8 short=0 | 6.1s
[1311] size=17 budget= 1145 C1 valid=31 novel=31 | C2 uniq=26 | C3 draws= 1145 comp= 17 uniq= 17 novel= 17 pruned=   0 bt=722 cap=10 | C4 pool=400 got=26 short=0 | 9.1s
[1312] size=17 budget=  384 C1 valid=64 novel= 0 | C2 uniq= 1 | C3 draws=  384 comp=  1 uniq=  1 novel=  0 pruned=   0 bt=334 cap= 4 | C4 pool=  1 got= 1 short=0 | 3.1s
[1313] size=17 budget=  441 C1 valid=64 novel= 3 | C2 uniq= 3 | C3 draws=  441 comp=  3 uniq=  3 novel=  1 pruned=   0 bt=355 cap= 5 | C4 pool=  3 got= 3 short=0 | 3.7s
[1314] size= 7 budget=  320 C1 valid=64 novel= 0 | C2 uniq= 1 | C3 draws=  320 comp=  1 uniq=  1 novel=  0 pruned=   0 bt=288 cap= 3 | C4 pool=  1 got= 1 short=0 | 2.6s
[1315] size=19 budget=  384 C1 valid=64 novel= 0 | C2 uniq= 1 | C3 draws=  384 comp=  1 uniq=  1 novel=  0 pruned=   0 bt=335 cap= 5 | C4 pool=  1 got= 1 short=0 | 3.1s
[1316] size=15 budget=  660 C1 valid=64 novel=45 | C2 uniq= 3 | C3 draws=  660 comp=  3 uniq=  3 novel=  2 pruned=   0 bt=533 cap= 7 | C4 pool=  8 got= 3 short=0 | 5.7s
[1317] size=19 budget=  256 C1 valid=64 novel= 0 | C2 uniq= 1 | C3 draws=  256 comp=  1 uniq=  1 novel=  0 pruned=   0 bt=219 cap= 3 | C4 pool=  1 got= 1 short=0 | 2.1s
[1318] size=17 budget=  320 C1 valid=64 novel= 0 | C2 uniq= 1 | C3 draws=  320 comp=  1 uniq=  1 novel=  0 pruned=   0 bt=273 cap= 4 | C4 pool=  1 got= 1 short=0 | 2.5s
[1319] size=19 budget=  943 C1 valid= 4 novel= 4 | C2 uniq= 2 | C3 draws=  943 comp=  0 uniq=  0 novel=  0 pruned=   0 bt=812 cap=12 | C4 pool=  5 got= 2 short=0 | 8.1s
[1320] size= 9 budget=  568 C1 valid=64 novel= 0 | C2 uniq= 2 | C3 draws=  568 comp=  2 uniq=  2 novel=  0 pruned=   0 bt=466 cap= 6 | C4 pool=  2 got= 2 short=0 | 4.8s
[1321] size=15 budget=  384 C1 valid=64 novel= 0 | C2 uniq= 1 | C3 draws=  384 comp=  1 uniq=  1 novel=  0 pruned=   0 bt=338 cap= 4 | C4 pool=  1 got= 1 short=0 | 3.1s
[1322] size=13 budget=  512 C1 valid=64 novel=20 | C2 uniq= 2 | C3 draws=  512 comp=  2 uniq=  2 novel=  1 pruned=   0 bt=422 cap= 6 | C4 pool=  2 got= 2 short=0 | 4.3s
[1323] size=19 budget=  448 C1 valid=64 novel= 0 | C2 uniq= 1 | C3 draws=  448 comp=  1 uniq=  1 novel=  0 pruned=   0 bt=393 cap= 5 | C4 pool=  1 got= 1 short=0 | 3.7s
[1324] size=17 budget=  636 C1 valid=53 novel=24 | C2 uniq=17 | C3 draws=  636 comp= 30 uniq= 30 novel= 28 pruned=   0 bt=183 cap= 0 | C4 pool=112 got=17 short=0 | 4.5s
[1325] size=19 budget=  448 C1 valid=64 novel= 0 | C2 uniq= 1 | C3 draws=  448 comp=  1 uniq=  1 novel=  0 pruned=   0 bt=393 cap= 5 | C4 pool=  1 got= 1 short=0 | 4.2s
[1326] size=11 budget=  320 C1 valid=64 novel= 0 | C2 uniq= 1 | C3 draws=  320 comp=  1 uniq=  1 novel=  0 pruned=   0 bt=283 cap= 3 | C4 pool=  1 got= 1 short=0 | 2.6s
[1327] size=11 budget=  558 C1 valid=64 novel= 0 | C2 uniq= 2 | C3 draws=  558 comp=  2 uniq=  2 novel=  0 pruned=   0 bt=466 cap= 6 | C4 pool=  2 got= 2 short=0 | 4.6s
[1328] size=15 budget=  996 C1 valid=55 novel=23 | C2 uniq= 5 | C3 draws=  996 comp=  4 uniq=  4 novel=  3 pruned=   0 bt=640 cap=11 | C4 pool=  5 got= 5 short=0 | 9.3s
[1329] size=17 budget=  272 C1 valid=64 novel= 0 | C2 uniq= 2 | C3 draws=  272 comp=  2 uniq=  2 novel=  0 pruned=   0 bt=227 cap= 3 | C4 pool=  3 got= 2 short=0 | 2.2s
[1330] size=17 budget= 1138 C1 valid=42 novel=37 | C2 uniq=33 | C3 draws= 1138 comp= 37 uniq= 37 novel= 35 pruned=   0 bt=363 cap= 2 | C4 pool=400 got=33 short=0 | 8.8s
[1331] size=15 budget=  488 C1 valid=53 novel= 0 | C2 uniq= 1 | C3 draws=  488 comp=  1 uniq=  1 novel=  0 pruned=   0 bt=426 cap= 6 | C4 pool=  1 got= 1 short=0 | 4.0s
[1332] size=19 budget=  721 C1 valid=64 novel=47 | C2 uniq= 5 | C3 draws=  721 comp=  3 uniq=  3 novel=  2 pruned=   0 bt=566 cap= 9 | C4 pool=  5 got= 5 short=0 | 6.1s
[1333] size=11 budget=  320 C1 valid=64 novel= 0 | C2 uniq= 1 | C3 draws=  320 comp=  1 uniq=  1 novel=  0 pruned=   0 bt=283 cap= 3 | C4 pool=  1 got= 1 short=0 | 2.6s
[1334] size=17 budget= 1276 C1 valid=50 novel=50 | C2 uniq=39 | C3 draws= 1276 comp= 44 uniq= 44 novel= 44 pruned=   0 bt=315 cap= 5 | C4 pool=400 got=39 short=0 | 9.3s
[1335] size=13 budget=  475 C1 valid=64 novel= 6 | C2 uniq= 5 | C3 draws=  475 comp=  5 uniq=  5 novel=  1 pruned=   0 bt=378 cap= 5 | C4 pool=  5 got= 5 short=0 | 3.9s
[1336] size=19 budget=  626 C1 valid=56 novel=20 | C2 uniq=13 | C3 draws=  626 comp= 14 uniq= 14 novel= 11 pruned=   0 bt=392 cap= 3 | C4 pool= 45 got=13 short=0 | 4.9s
[1337] size= 9 budget=  386 C1 valid=63 novel= 0 | C2 uniq= 1 | C3 draws=  386 comp=  1 uniq=  1 novel=  0 pruned=   0 bt=335 cap= 4 | C4 pool=  1 got= 1 short=0 | 3.1s
[1338] size=11 budget=  357 C1 valid=64 novel= 0 | C2 uniq= 2 | C3 draws=  357 comp=  2 uniq=  2 novel=  0 pruned=   0 bt=304 cap= 4 | C4 pool=  2 got= 2 short=0 | 2.8s
[1339] size=15 budget=  604 C1 valid=64 novel= 0 | C2 uniq= 2 | C3 draws=  604 comp=  2 uniq=  2 novel=  0 pruned=   0 bt=499 cap= 7 | C4 pool=  2 got= 2 short=0 | 5.1s
[1340] size=17 budget=  473 C1 valid=63 novel= 0 | C2 uniq= 2 | C3 draws=  473 comp=  2 uniq=  2 novel=  0 pruned=   0 bt=407 cap= 5 | C4 pool=  2 got= 2 short=0 | 3.8s
[1341] size=11 budget=  256 C1 valid=64 novel= 0 | C2 uniq= 1 | C3 draws=  256 comp=  1 uniq=  1 novel=  0 pruned=   0 bt=225 cap= 3 | C4 pool=  1 got= 1 short=0 | 2.1s
[1342] size=13 budget=  499 C1 valid=63 novel=24 | C2 uniq= 3 | C3 draws=  499 comp=  3 uniq=  3 novel=  1 pruned=   0 bt=416 cap= 5 | C4 pool=  4 got= 3 short=0 | 4.1s
[1343] size=11 budget=  390 C1 valid=62 novel= 0 | C2 uniq= 1 | C3 draws=  390 comp=  1 uniq=  1 novel=  0 pruned=   0 bt=343 cap= 4 | C4 pool=  1 got= 1 short=0 | 3.2s
[1344] size=13 budget=  903 C1 valid=63 novel=51 | C2 uniq=19 | C3 draws=  903 comp= 14 uniq= 14 novel= 12 pruned=   0 bt=572 cap= 8 | C4 pool= 21 got=19 short=0 | 7.4s
[1345] size=11 budget=  384 C1 valid=64 novel= 0 | C2 uniq= 1 | C3 draws=  384 comp=  1 uniq=  1 novel=  0 pruned=   0 bt=337 cap= 4 | C4 pool=  1 got= 1 short=0 | 3.1s
[1346] size=19 budget= 1094 C1 valid=51 novel=32 | C2 uniq=33 | C3 draws= 1094 comp= 21 uniq= 21 novel= 14 pruned=   0 bt=601 cap= 8 | C4 pool=400 got=33 short=0 | 9.9s
[1347] size=13 budget=  824 C1 valid=62 novel=16 | C2 uniq= 6 | C3 draws=  824 comp=  5 uniq=  5 novel=  2 pruned=   0 bt=610 cap= 9 | C4 pool= 44 got= 6 short=0 | 7.3s
[1348] size= 7 budget=  705 C1 valid=62 novel=34 | C2 uniq=30 | C3 draws=  705 comp= 47 uniq= 47 novel= 37 pruned=   0 bt= 85 cap= 0 | C4 pool=400 got=30 short=0 | 4.4s
[1349] size=11 budget=  384 C1 valid=64 novel= 0 | C2 uniq= 2 | C3 draws=  384 comp=  2 uniq=  2 novel=  0 pruned=   0 bt=331 cap= 4 | C4 pool=  2 got= 2 short=0 | 3.1s
[1350] size=11 budget= 1187 C1 valid= 3 novel= 3 | C2 uniq= 3 | C3 draws= 1187 comp= 14 uniq= 14 novel= 14 pruned=   0 bt=626 cap=10 | C4 pool=400 got= 3 short=0 | 10.6s
[1351] size=11 budget=  320 C1 valid=64 novel= 0 | C2 uniq= 1 | C3 draws=  320 comp=  1 uniq=  1 novel=  0 pruned=   0 bt=283 cap= 3 | C4 pool=  1 got= 1 short=0 | 2.6s
[1352] size=11 budget=  384 C1 valid=64 novel= 0 | C2 uniq= 1 | C3 draws=  384 comp=  1 uniq=  1 novel=  0 pruned=   0 bt=337 cap= 4 | C4 pool=  1 got= 1 short=0 | 3.1s
[1353] size=19 budget=  351 C1 valid=64 novel= 0 | C2 uniq= 2 | C3 draws=  351 comp=  2 uniq=  2 novel=  0 pruned=   0 bt=299 cap= 4 | C4 pool=  2 got= 2 short=0 | 2.8s
[1354] size=13 budget=  320 C1 valid=64 novel= 0 | C2 uniq= 1 | C3 draws=  320 comp=  1 uniq=  1 novel=  0 pruned=   0 bt=279 cap= 3 | C4 pool=  1 got= 1 short=0 | 2.6s
[1355] size=15 budget=  832 C1 valid=64 novel=64 | C2 uniq= 1 | C3 draws=  832 comp=  1 uniq=  1 novel=  1 pruned=   0 bt=654 cap=10 | C4 pool=  1 got= 1 short=0 | 7.3s
[1356] size=17 budget=  448 C1 valid=64 novel= 0 | C2 uniq= 1 | C3 draws=  448 comp=  1 uniq=  1 novel=  0 pruned=   0 bt=387 cap= 5 | C4 pool=  1 got= 1 short=0 | 3.7s
[1357] size=15 budget=  574 C1 valid=63 novel=63 | C2 uniq= 1 | C3 draws=  574 comp=  1 uniq=  1 novel=  1 pruned=   0 bt=485 cap= 7 | C4 pool=  1 got= 1 short=0 | 4.8s
[1358] size=17 budget=  557 C1 valid=58 novel=12 | C2 uniq=12 | C3 draws=  557 comp=  6 uniq=  6 novel=  2 pruned=   0 bt=427 cap= 6 | C4 pool=240 got=12 short=0 | 4.4s
[1359] size=13 budget=  384 C1 valid=64 novel= 0 | C2 uniq= 1 | C3 draws=  384 comp=  1 uniq=  1 novel=  0 pruned=   0 bt=333 cap= 4 | C4 pool=  1 got= 1 short=0 | 3.1s
[1360] size= 9 budget=  320 C1 valid=64 novel= 0 | C2 uniq= 1 | C3 draws=  320 comp=  1 uniq=  1 novel=  0 pruned=   0 bt=279 cap= 3 | C4 pool=  1 got= 1 short=0 | 2.6s
[1361] size=15 budget=  384 C1 valid=64 novel= 0 | C2 uniq= 1 | C3 draws=  384 comp=  1 uniq=  1 novel=  0 pruned=   0 bt=338 cap= 4 | C4 pool=  1 got= 1 short=0 | 3.1s
[1362] size=13 budget=  256 C1 valid=64 novel= 0 | C2 uniq= 1 | C3 draws=  256 comp=  1 uniq=  1 novel=  0 pruned=   0 bt=217 cap= 3 | C4 pool=  1 got= 1 short=0 | 2.1s
[1363] size= 9 budget=  833 C1 valid=64 novel=36 | C2 uniq=43 | C3 draws=  833 comp= 11 uniq= 11 novel=  9 pruned=   0 bt=589 cap= 8 | C4 pool=400 got=43 short=0 | 6.9s
[1364] size=11 budget=  384 C1 valid=64 novel= 0 | C2 uniq= 1 | C3 draws=  384 comp=  1 uniq=  1 novel=  0 pruned=   0 bt=337 cap= 4 | C4 pool=  1 got= 1 short=0 | 3.1s
[1365] size=17 budget=  595 C1 valid=63 novel=21 | C2 uniq= 6 | C3 draws=  595 comp=  6 uniq=  6 novel=  3 pruned=   0 bt=461 cap= 6 | C4 pool=  8 got= 6 short=0 | 4.7s
[1366] size=17 budget=  512 C1 valid=64 novel=19 | C2 uniq= 3 | C3 draws=  512 comp=  3 uniq=  3 novel=  1 pruned=   0 bt=426 cap= 6 | C4 pool=  5 got= 3 short=0 | 4.1s
[1367] size=15 budget=  381 C1 valid=61 novel= 0 | C2 uniq= 1 | C3 draws=  381 comp=  1 uniq=  1 novel=  0 pruned=   0 bt=325 cap= 4 | C4 pool=  1 got= 1 short=0 | 3.1s
[1368] size=17 budget=  576 C1 valid=62 novel=62 | C2 uniq= 1 | C3 draws=  576 comp=  1 uniq=  1 novel=  1 pruned=   0 bt=463 cap= 7 | C4 pool=  1 got= 1 short=0 | 5.0s
[1369] size=17 budget=  627 C1 valid=53 novel=16 | C2 uniq=12 | C3 draws=  627 comp= 10 uniq= 10 novel=  6 pruned=   0 bt=431 cap= 6 | C4 pool= 51 got=12 short=0 | 4.9s
[1370] size=17 budget=  396 C1 valid=64 novel= 1 | C2 uniq= 7 | C3 draws=  396 comp=  6 uniq=  6 novel=  1 pruned=   0 bt=305 cap= 4 | C4 pool=  9 got= 7 short=0 | 3.2s
[1371] size=15 budget=  434 C1 valid=57 novel=19 | C2 uniq= 2 | C3 draws=  434 comp=  2 uniq=  2 novel=  1 pruned=   0 bt=356 cap= 5 | C4 pool=  2 got= 2 short=0 | 3.6s
[1372] size=19 budget=  787 C1 valid=58 novel=35 | C2 uniq=20 | C3 draws=  787 comp= 10 uniq= 10 novel=  9 pruned=   0 bt=563 cap= 8 | C4 pool=400 got=20 short=0 | 6.5s
[1373] size=15 budget=  489 C1 valid=63 novel= 0 | C2 uniq= 3 | C3 draws=  489 comp=  3 uniq=  3 novel=  0 pruned=   0 bt=417 cap= 5 | C4 pool=  3 got= 3 short=0 | 4.0s
[1374] size=15 budget= 1514 C1 valid=20 novel=17 | C2 uniq=17 | C3 draws= 1514 comp= 16 uniq= 16 novel= 16 pruned=   0 bt=740 cap=12 | C4 pool=400 got=17 short=0 | 14.6s
[1375] size=11 budget=  741 C1 valid=64 novel=37 | C2 uniq= 6 | C3 draws=  741 comp=  6 uniq=  6 novel=  4 pruned=   0 bt=548 cap= 8 | C4 pool=  6 got= 6 short=0 | 6.3s
[1376] size=19 budget=  470 C1 valid=47 novel= 0 | C2 uniq= 1 | C3 draws=  470 comp=  2 uniq=  2 novel=  1 pruned=   0 bt=374 cap= 5 | C4 pool=  2 got= 1 short=0 | 4.0s
[1377] size= 9 budget= 1217 C1 valid=42 novel=41 | C2 uniq=38 | C3 draws= 1217 comp= 39 uniq= 39 novel= 37 pruned=   0 bt=390 cap= 5 | C4 pool=400 got=38 short=0 | 9.2s
[1378] size=17 budget=  653 C1 valid=52 novel=21 | C2 uniq= 3 | C3 draws=  653 comp=  2 uniq=  2 novel=  1 pruned=   0 bt=533 cap= 8 | C4 pool=  3 got= 3 short=0 | 5.4s
[1379] size=19 budget=  799 C1 valid=64 novel=31 | C2 uniq= 5 | C3 draws=  799 comp=  4 uniq=  4 novel=  3 pruned=   0 bt=617 cap= 9 | C4 pool=  4 got= 4 short=1 | 6.9s
[1380] size=19 budget=  601 C1 valid=59 novel=11 | C2 uniq=22 | C3 draws=  601 comp= 16 uniq= 16 novel=  7 pruned=   0 bt=271 cap= 4 | C4 pool=400 got=22 short=0 | 5.2s
[1381] size=11 budget=  384 C1 valid=64 novel= 0 | C2 uniq= 1 | C3 draws=  384 comp=  1 uniq=  1 novel=  0 pruned=   0 bt=337 cap= 4 | C4 pool=  1 got= 1 short=0 | 3.1s
[1382] size=11 budget=  635 C1 valid=64 novel=40 | C2 uniq= 9 | C3 draws=  635 comp=  7 uniq=  7 novel=  5 pruned=   0 bt=481 cap= 6 | C4 pool= 24 got= 9 short=0 | 5.3s
[1383] size=15 budget=  320 C1 valid=64 novel= 0 | C2 uniq= 1 | C3 draws=  320 comp=  1 uniq=  1 novel=  0 pruned=   0 bt=282 cap= 3 | C4 pool=  1 got= 1 short=0 | 2.6s
[1384] size=15 budget=  380 C1 valid=64 novel=11 | C2 uniq= 3 | C3 draws=  380 comp=  3 uniq=  3 novel=  1 pruned=   0 bt=313 cap= 4 | C4 pool=  3 got= 3 short=0 | 3.0s
[1385] size= 9 budget=  320 C1 valid=64 novel= 0 | C2 uniq= 1 | C3 draws=  320 comp=  1 uniq=  1 novel=  0 pruned=   0 bt=279 cap= 3 | C4 pool=  1 got= 1 short=0 | 2.6s
[1386] size= 7 budget=  256 C1 valid=64 novel= 0 | C2 uniq= 1 | C3 draws=  256 comp=  1 uniq=  1 novel=  0 pruned=   0 bt=231 cap= 2 | C4 pool=  1 got= 1 short=0 | 2.1s
[1387] size=13 budget=  384 C1 valid=64 novel= 0 | C2 uniq= 1 | C3 draws=  384 comp=  1 uniq=  1 novel=  0 pruned=   0 bt=333 cap= 4 | C4 pool=  1 got= 1 short=0 | 3.1s
[1388] size= 9 budget=  448 C1 valid=64 novel= 0 | C2 uniq= 1 | C3 draws=  448 comp=  1 uniq=  1 novel=  0 pruned=   0 bt=380 cap= 5 | C4 pool=  1 got= 1 short=0 | 3.8s
[1389] size=13 budget=  517 C1 valid=60 novel= 0 | C2 uniq=11 | C3 draws=  517 comp= 13 uniq= 13 novel=  1 pruned=   0 bt=252 cap= 3 | C4 pool=197 got=11 short=0 | 4.6s
[1390] size=13 budget=  256 C1 valid=64 novel= 0 | C2 uniq= 1 | C3 draws=  256 comp=  1 uniq=  1 novel=  0 pruned=   0 bt=217 cap= 3 | C4 pool=  1 got= 1 short=0 | 2.1s
[1391] size= 9 budget=  913 C1 valid=62 novel=57 | C2 uniq=32 | C3 draws=  913 comp= 45 uniq= 45 novel= 43 pruned=   0 bt=177 cap= 0 | C4 pool=400 got=32 short=0 | 6.2s
[1392] size=11 budget=  320 C1 valid=64 novel= 0 | C2 uniq= 1 | C3 draws=  320 comp=  2 uniq=  2 novel=  0 pruned=   0 bt=273 cap= 3 | C4 pool=  2 got= 1 short=0 | 2.6s
[1393] size=11 budget=  835 C1 valid=57 novel=56 | C2 uniq= 4 | C3 draws=  835 comp=  2 uniq=  2 novel=  1 pruned=   0 bt=649 cap= 9 | C4 pool=  8 got= 4 short=0 | 7.6s
[1394] size=11 budget=  704 C1 valid=64 novel=64 | C2 uniq= 1 | C3 draws=  704 comp=  1 uniq=  1 novel=  1 pruned=   0 bt=584 cap= 8 | C4 pool=  2 got= 1 short=0 | 6.1s
[1395] size=15 budget=  700 C1 valid=64 novel=64 | C2 uniq= 2 | C3 draws=  700 comp=  2 uniq=  2 novel=  2 pruned=   0 bt=591 cap= 7 | C4 pool=  2 got= 2 short=0 | 5.9s
[1396] size=17 budget=  939 C1 valid=56 novel=28 | C2 uniq=13 | C3 draws=  939 comp= 13 uniq= 13 novel= 12 pruned=   0 bt=561 cap= 8 | C4 pool=400 got=13 short=0 | 7.7s
[1397] size=17 budget=  458 C1 valid=64 novel= 5 | C2 uniq= 4 | C3 draws=  458 comp=  2 uniq=  2 novel=  0 pruned=   0 bt=390 cap= 5 | C4 pool=  4 got= 4 short=0 | 3.8s
[1398] size=11 budget=  576 C1 valid=63 novel= 0 | C2 uniq= 1 | C3 draws=  576 comp=  1 uniq=  1 novel=  0 pruned=   0 bt=484 cap= 6 | C4 pool=  1 got= 1 short=0 | 4.9s
[1399] size=13 budget=  928 C1 valid=31 novel=25 | C2 uniq=15 | C3 draws=  928 comp=  5 uniq=  5 novel=  5 pruned=   0 bt=686 cap=10 | C4 pool=400 got=15 short=0 | 8.4s
[1400] size=13 budget=  384 C1 valid=64 novel= 0 | C2 uniq= 1 | C3 draws=  384 comp=  1 uniq=  1 novel=  0 pruned=   0 bt=333 cap= 4 | C4 pool=  1 got= 1 short=0 | 3.1s
[1401] size=13 budget=  640 C1 valid=64 novel= 0 | C2 uniq= 1 | C3 draws=  640 comp=  1 uniq=  1 novel=  0 pruned=   0 bt=534 cap= 7 | C4 pool=  1 got= 1 short=0 | 5.4s
[1402] size=11 budget=  832 C1 valid=64 novel= 0 | C2 uniq= 1 | C3 draws=  832 comp=  1 uniq=  1 novel=  0 pruned=   0 bt=670 cap= 9 | C4 pool=  2 got= 1 short=0 | 7.4s
[1403] size=19 budget=  833 C1 valid=62 novel=62 | C2 uniq=10 | C3 draws=  833 comp=  8 uniq=  8 novel=  8 pruned=   0 bt=590 cap= 9 | C4 pool= 24 got=10 short=0 | 7.0s
[1404] size=17 budget=  835 C1 valid=54 novel=54 | C2 uniq= 6 | C3 draws=  835 comp= 33 uniq= 33 novel= 33 pruned=   0 bt=266 cap= 0 | C4 pool= 25 got= 6 short=0 | 5.7s
[1405] size=15 budget=  448 C1 valid=64 novel= 0 | C2 uniq= 1 | C3 draws=  448 comp=  1 uniq=  1 novel=  0 pruned=   0 bt=392 cap= 5 | C4 pool=  1 got= 1 short=0 | 3.6s
[1406] size=17 budget=  570 C1 valid=62 novel=13 | C2 uniq=10 | C3 draws=  570 comp= 13 uniq= 13 novel= 10 pruned=   0 bt=385 cap= 0 | C4 pool= 77 got=10 short=0 | 4.4s
[1407] size= 7 budget=  576 C1 valid=64 novel= 0 | C2 uniq= 1 | C3 draws=  576 comp=  1 uniq=  1 novel=  0 pruned=   0 bt=483 cap= 6 | C4 pool=  1 got= 1 short=0 | 4.9s
[1408] size=19 budget=  584 C1 valid=42 novel= 0 | C2 uniq= 1 | C3 draws=  584 comp=  1 uniq=  1 novel=  0 pruned=   0 bt=514 cap= 7 | C4 pool=  1 got= 1 short=0 | 4.8s
[1409] size=19 budget=  617 C1 valid=61 novel=61 | C2 uniq= 2 | C3 draws=  617 comp=  2 uniq=  2 novel=  2 pruned=   0 bt=512 cap= 7 | C4 pool=  2 got= 2 short=0 | 5.3s
[1410] size=17 budget=  560 C1 valid=64 novel=14 | C2 uniq= 4 | C3 draws=  560 comp=  3 uniq=  3 novel=  1 pruned=   0 bt=466 cap= 6 | C4 pool=  4 got= 4 short=0 | 4.5s
[1411] size=17 budget=  384 C1 valid=64 novel= 0 | C2 uniq= 1 | C3 draws=  384 comp=  1 uniq=  1 novel=  0 pruned=   0 bt=334 cap= 4 | C4 pool=  1 got= 1 short=0 | 3.1s
[1412] size=15 budget=  663 C1 valid=64 novel=26 | C2 uniq=19 | C3 draws=  663 comp=  6 uniq=  6 novel=  5 pruned=   0 bt=525 cap= 7 | C4 pool=400 got=19 short=0 | 5.3s
[1413] size=13 budget=  320 C1 valid=64 novel= 0 | C2 uniq= 1 | C3 draws=  320 comp=  1 uniq=  1 novel=  0 pruned=   0 bt=274 cap= 3 | C4 pool=  1 got= 1 short=0 | 2.8s
[1414] size=11 budget= 1194 C1 valid=58 novel=58 | C2 uniq=46 | C3 draws= 1194 comp= 33 uniq= 33 novel= 33 pruned=   0 bt=438 cap= 5 | C4 pool=400 got=46 short=0 | 9.1s
[1415] size=13 budget=  448 C1 valid=64 novel= 0 | C2 uniq= 1 | C3 draws=  448 comp=  1 uniq=  1 novel=  0 pruned=   0 bt=382 cap= 5 | C4 pool=  1 got= 1 short=0 | 3.8s
[1416] size=11 budget=  610 C1 valid=64 novel=22 | C2 uniq= 4 | C3 draws=  610 comp=  4 uniq=  4 novel=  1 pruned=   0 bt=485 cap= 6 | C4 pool=  4 got= 4 short=0 | 5.1s
[1417] size= 9 budget=  279 C1 valid=64 novel= 0 | C2 uniq= 2 | C3 draws=  279 comp=  1 uniq=  1 novel=  0 pruned=   0 bt=239 cap= 3 | C4 pool=  2 got= 2 short=0 | 2.3s
[1418] size=19 budget=  341 C1 valid=64 novel= 0 | C2 uniq= 3 | C3 draws=  341 comp=  4 uniq=  4 novel=  0 pruned=   0 bt=282 cap= 4 | C4 pool=  4 got= 3 short=0 | 2.7s
[1419] size=17 budget=  390 C1 valid=63 novel= 0 | C2 uniq= 1 | C3 draws=  390 comp=  1 uniq=  1 novel=  0 pruned=   0 bt=335 cap= 4 | C4 pool=  1 got= 1 short=0 | 3.3s
[1420] size=19 budget=  512 C1 valid=64 novel=64 | C2 uniq= 1 | C3 draws=  512 comp=  1 uniq=  1 novel=  1 pruned=   0 bt=447 cap= 6 | C4 pool=  1 got= 1 short=0 | 4.1s
[1421] size=13 budget=  802 C1 valid=64 novel=45 | C2 uniq= 5 | C3 draws=  802 comp=  5 uniq=  5 novel=  4 pruned=   0 bt=603 cap= 9 | C4 pool= 12 got= 5 short=0 | 6.9s
[1422] size=13 budget=  725 C1 valid=62 novel=42 | C2 uniq=18 | C3 draws=  725 comp=  8 uniq=  8 novel=  7 pruned=   0 bt=555 cap= 6 | C4 pool=400 got=18 short=0 | 6.5s
[1423] size=15 budget=  571 C1 valid=62 novel= 0 | C2 uniq= 1 | C3 draws=  571 comp=  1 uniq=  1 novel=  0 pruned=   0 bt=477 cap= 7 | C4 pool=  1 got= 1 short=0 | 4.8s
[1424] size=15 budget=  354 C1 valid=62 novel= 0 | C2 uniq= 2 | C3 draws=  354 comp=  2 uniq=  2 novel=  0 pruned=   0 bt=301 cap= 4 | C4 pool=  2 got= 2 short=0 | 2.8s
[1425] size=17 budget=  914 C1 valid=21 novel=21 | C2 uniq=12 | C3 draws=  914 comp= 33 uniq= 33 novel= 33 pruned=   0 bt=347 cap= 1 | C4 pool=400 got=12 short=0 | 6.8s
[1426] size=17 budget=  384 C1 valid=64 novel= 0 | C2 uniq= 1 | C3 draws=  384 comp=  1 uniq=  1 novel=  0 pruned=   0 bt=334 cap= 4 | C4 pool=  1 got= 1 short=0 | 3.1s
[1427] size=17 budget=  320 C1 valid=64 novel= 0 | C2 uniq= 1 | C3 draws=  320 comp=  1 uniq=  1 novel=  0 pruned=   0 bt=273 cap= 4 | C4 pool=  1 got= 1 short=0 | 2.6s
[1428] size=17 budget=  781 C1 valid=54 novel=22 | C2 uniq= 4 | C3 draws=  781 comp=  4 uniq=  4 novel=  3 pruned=   0 bt=582 cap= 8 | C4 pool= 16 got= 4 short=0 | 6.7s
[1429] size=17 budget=  992 C1 valid=16 novel=16 | C2 uniq= 2 | C3 draws=  992 comp= 18 uniq= 18 novel= 18 pruned=   0 bt=572 cap= 3 | C4 pool=  2 got= 2 short=0 | 8.2s
[1430] size=19 budget=  671 C1 valid=57 novel=21 | C2 uniq= 3 | C3 draws=  671 comp=  3 uniq=  3 novel=  1 pruned=   0 bt=536 cap= 8 | C4 pool=  5 got= 3 short=0 | 5.6s
[1431] size=17 budget=  387 C1 valid=63 novel= 0 | C2 uniq= 1 | C3 draws=  387 comp=  1 uniq=  1 novel=  0 pruned=   0 bt=336 cap= 4 | C4 pool=  1 got= 1 short=0 | 3.1s
[1432] size=13 budget=  640 C1 valid=63 novel=63 | C2 uniq= 1 | C3 draws=  640 comp=  1 uniq=  1 novel=  1 pruned=   0 bt=534 cap= 7 | C4 pool=  1 got= 1 short=0 | 5.5s
[1433] size=13 budget=  511 C1 valid=63 novel=12 | C2 uniq=15 | C3 draws=  511 comp= 10 uniq= 10 novel=  6 pruned=   0 bt=363 cap= 5 | C4 pool=400 got=15 short=0 | 4.0s
[1434] size=11 budget=  849 C1 valid=64 novel=57 | C2 uniq=41 | C3 draws=  849 comp= 21 uniq= 21 novel= 20 pruned=   0 bt=429 cap= 6 | C4 pool=400 got=41 short=0 | 6.6s
[1435] size=17 budget=  640 C1 valid=62 novel=62 | C2 uniq= 1 | C3 draws=  640 comp=  1 uniq=  1 novel=  1 pruned=   0 bt=505 cap= 8 | C4 pool=  1 got= 1 short=0 | 5.6s
[1436] size=19 budget=  576 C1 valid=64 novel=64 | C2 uniq= 1 | C3 draws=  576 comp=  1 uniq=  1 novel=  1 pruned=   0 bt=463 cap= 7 | C4 pool=  1 got= 1 short=0 | 5.0s
[1437] size=13 budget=  448 C1 valid=64 novel= 0 | C2 uniq= 1 | C3 draws=  448 comp=  1 uniq=  1 novel=  0 pruned=   0 bt=387 cap= 5 | C4 pool=  1 got= 1 short=0 | 3.6s
[1438] size=13 budget=  320 C1 valid=64 novel= 0 | C2 uniq= 2 | C3 draws=  320 comp=  2 uniq=  2 novel=  0 pruned=   0 bt=274 cap= 3 | C4 pool=  2 got= 2 short=0 | 2.6s
[1439] size=15 budget=  665 C1 valid=60 novel=28 | C2 uniq= 6 | C3 draws=  665 comp=  8 uniq=  8 novel=  7 pruned=   0 bt=518 cap= 6 | C4 pool=  7 got= 6 short=0 | 5.3s
[1440] size=15 budget=  702 C1 valid=64 novel=64 | C2 uniq= 3 | C3 draws=  702 comp=  2 uniq=  2 novel=  2 pruned=   0 bt=559 cap= 8 | C4 pool=  4 got= 3 short=0 | 6.3s
[1441] size=11 budget=  320 C1 valid=64 novel= 0 | C2 uniq= 1 | C3 draws=  320 comp=  1 uniq=  1 novel=  0 pruned=   0 bt=283 cap= 3 | C4 pool=  1 got= 1 short=0 | 2.6s
[1442] size=13 budget= 1972 C1 valid=60 novel=60 | C2 uniq=56 | C3 draws= 1972 comp= 59 uniq= 59 novel= 59 pruned=   0 bt=  0 cap= 0 | C4 pool=400 got=56 short=0 | 14.1s
[1443] size=19 budget= 1259 C1 valid=11 novel=11 | C2 uniq= 8 | C3 draws= 1259 comp= 30 uniq= 30 novel= 30 pruned=   0 bt=487 cap= 6 | C4 pool=400 got= 8 short=0 | 10.2s
[1444] size=19 budget=  590 C1 valid=53 novel=17 | C2 uniq= 8 | C3 draws=  590 comp=  6 uniq=  6 novel=  5 pruned=   0 bt=457 cap= 7 | C4 pool= 12 got= 8 short=0 | 4.8s
[1445] size=11 budget=  436 C1 valid=64 novel= 0 | C2 uniq= 2 | C3 draws=  436 comp=  2 uniq=  2 novel=  0 pruned=   0 bt=376 cap= 5 | C4 pool=  2 got= 2 short=0 | 3.5s
[1446] size=15 budget=  384 C1 valid=64 novel= 0 | C2 uniq= 1 | C3 draws=  384 comp=  1 uniq=  1 novel=  0 pruned=   0 bt=338 cap= 4 | C4 pool=  1 got= 1 short=0 | 3.1s
[1447] size=17 budget=  425 C1 valid=64 novel= 7 | C2 uniq= 5 | C3 draws=  425 comp=  4 uniq=  4 novel=  1 pruned=   0 bt=344 cap= 5 | C4 pool=  5 got= 5 short=0 | 3.4s
[1448] size= 9 budget=  374 C1 valid=64 novel= 0 | C2 uniq=10 | C3 draws=  374 comp=  7 uniq=  7 novel=  0 pruned=   0 bt=298 cap= 3 | C4 pool= 10 got=10 short=0 | 2.9s
[1449] size=15 budget=  408 C1 valid=64 novel= 7 | C2 uniq= 6 | C3 draws=  408 comp=  5 uniq=  5 novel=  2 pruned=   0 bt=325 cap= 4 | C4 pool=  6 got= 6 short=0 | 3.2s
[1450] size=15 budget=  759 C1 valid=59 novel=41 | C2 uniq=25 | C3 draws=  759 comp= 10 uniq= 10 novel=  8 pruned=   0 bt=547 cap= 7 | C4 pool=400 got=25 short=0 | 6.2s
[1451] size= 9 budget=  324 C1 valid=64 novel= 4 | C2 uniq= 5 | C3 draws=  324 comp=  5 uniq=  5 novel=  1 pruned=   0 bt=261 cap= 3 | C4 pool=  5 got= 5 short=0 | 2.5s
[1452] size=19 budget=  749 C1 valid=52 novel=29 | C2 uniq= 4 | C3 draws=  749 comp=  4 uniq=  4 novel=  3 pruned=   0 bt=604 cap= 8 | C4 pool= 11 got= 4 short=0 | 6.4s
[1453] size=11 budget=  673 C1 valid=63 novel=28 | C2 uniq=29 | C3 draws=  673 comp= 11 uniq= 11 novel=  7 pruned=   0 bt=491 cap= 6 | C4 pool=400 got=29 short=0 | 5.3s
[1454] size=15 budget= 1387 C1 valid=60 novel=56 | C2 uniq=43 | C3 draws= 1387 comp= 32 uniq= 32 novel= 31 pruned=   0 bt=533 cap= 8 | C4 pool=400 got=43 short=0 | 10.6s
[1455] size=11 budget=  391 C1 valid=64 novel= 0 | C2 uniq= 3 | C3 draws=  391 comp=  3 uniq=  3 novel=  0 pruned=   0 bt=327 cap= 4 | C4 pool=  4 got= 3 short=0 | 3.2s
[1456] size=19 budget=  578 C1 valid=62 novel=62 | C2 uniq= 1 | C3 draws=  578 comp=  1 uniq=  1 novel=  1 pruned=   0 bt=503 cap= 7 | C4 pool=  1 got= 1 short=0 | 4.9s
[1457] size=15 budget=  384 C1 valid=64 novel= 0 | C2 uniq= 1 | C3 draws=  384 comp=  1 uniq=  1 novel=  0 pruned=   0 bt=338 cap= 4 | C4 pool=  1 got= 1 short=0 | 3.1s
[1458] size=19 budget=  559 C1 valid=41 novel=27 | C2 uniq= 3 | C3 draws=  559 comp=  3 uniq=  3 novel=  2 pruned=   0 bt=469 cap= 6 | C4 pool=  3 got= 3 short=0 | 4.5s
[1459] size=19 budget=  765 C1 valid=64 novel=49 | C2 uniq= 5 | C3 draws=  765 comp=  4 uniq=  4 novel=  3 pruned=   0 bt=591 cap= 9 | C4 pool=  5 got= 5 short=0 | 6.5s
[1460] size=11 budget=  467 C1 valid=64 novel= 0 | C2 uniq= 3 | C3 draws=  467 comp=  3 uniq=  3 novel=  0 pruned=   0 bt=375 cap= 5 | C4 pool=  3 got= 3 short=0 | 3.9s
[1461] size=13 budget=  484 C1 valid=63 novel=11 | C2 uniq=15 | C3 draws=  484 comp= 14 uniq= 14 novel= 11 pruned=   0 bt=193 cap= 2 | C4 pool=400 got=15 short=0 | 3.9s
[1462] size=19 budget=  512 C1 valid=64 novel=64 | C2 uniq= 1 | C3 draws=  512 comp=  1 uniq=  1 novel=  1 pruned=   0 bt=447 cap= 6 | C4 pool=  1 got= 1 short=0 | 4.1s
[1463] size=13 budget=  384 C1 valid=64 novel= 0 | C2 uniq= 1 | C3 draws=  384 comp=  1 uniq=  1 novel=  0 pruned=   0 bt=333 cap= 4 | C4 pool=  1 got= 1 short=0 | 3.1s
[1464] size=19 budget= 1768 C1 valid= 0 novel= 0 | C2 uniq= 0 | C3 draws= 1768 comp= 32 uniq= 32 novel= 32 pruned=   0 bt=516 cap= 8 | C4 pool=  0 got= 0 short=0 | 14.7s
[1465] size=17 budget=  535 C1 valid=58 novel= 8 | C2 uniq= 9 | C3 draws=  535 comp= 15 uniq= 15 novel=  8 pruned=   0 bt=259 cap= 2 | C4 pool= 23 got= 9 short=0 | 4.3s
[1466] size=13 budget=  946 C1 valid=62 novel=45 | C2 uniq=11 | C3 draws=  946 comp=  7 uniq=  7 novel=  6 pruned=   0 bt=593 cap=10 | C4 pool=400 got=11 short=0 | 9.0s
[1467] size= 9 budget=  320 C1 valid=64 novel= 0 | C2 uniq= 1 | C3 draws=  320 comp=  1 uniq=  1 novel=  0 pruned=   0 bt=279 cap= 3 | C4 pool=  1 got= 1 short=0 | 2.6s
[1468] size=19 budget=  485 C1 valid=64 novel= 5 | C2 uniq= 7 | C3 draws=  485 comp=  3 uniq=  3 novel=  0 pruned=   0 bt=411 cap= 6 | C4 pool=  6 got= 6 short=1 | 3.9s
[1469] size=15 budget=  729 C1 valid=64 novel=38 | C2 uniq=25 | C3 draws=  729 comp=  9 uniq=  9 novel=  7 pruned=   0 bt=545 cap= 7 | C4 pool=400 got=25 short=0 | 5.9s
[1470] size= 9 budget=  256 C1 valid=64 novel= 0 | C2 uniq= 1 | C3 draws=  256 comp=  1 uniq=  1 novel=  0 pruned=   0 bt=225 cap= 2 | C4 pool=  1 got= 1 short=0 | 2.1s
[1471] size=17 budget=  448 C1 valid=64 novel= 0 | C2 uniq= 1 | C3 draws=  448 comp=  1 uniq=  1 novel=  0 pruned=   0 bt=387 cap= 5 | C4 pool=  1 got= 1 short=0 | 3.6s
[1472] size=11 budget=  512 C1 valid=64 novel=64 | C2 uniq= 1 | C3 draws=  512 comp=  1 uniq=  1 novel=  1 pruned=   0 bt=438 cap= 6 | C4 pool=  1 got= 1 short=0 | 4.4s
[1473] size=17 budget=  384 C1 valid=64 novel= 0 | C2 uniq= 1 | C3 draws=  384 comp=  1 uniq=  1 novel=  0 pruned=   0 bt=334 cap= 4 | C4 pool=  1 got= 1 short=0 | 3.1s
[1474] size=13 budget=  384 C1 valid=64 novel= 0 | C2 uniq= 1 | C3 draws=  384 comp=  1 uniq=  1 novel=  0 pruned=   0 bt=333 cap= 4 | C4 pool=  1 got= 1 short=0 | 3.1s
[1475] size= 9 budget=  320 C1 valid=64 novel= 0 | C2 uniq= 1 | C3 draws=  320 comp=  1 uniq=  1 novel=  0 pruned=   0 bt=279 cap= 3 | C4 pool=  1 got= 1 short=0 | 2.6s
[1476] size= 9 budget=  320 C1 valid=64 novel= 0 | C2 uniq= 1 | C3 draws=  320 comp=  1 uniq=  1 novel=  0 pruned=   0 bt=279 cap= 3 | C4 pool=  1 got= 1 short=0 | 2.6s
[1477] size=11 budget=  617 C1 valid=61 novel=27 | C2 uniq=23 | C3 draws=  617 comp= 33 uniq= 33 novel= 30 pruned=   0 bt= 92 cap= 0 | C4 pool=400 got=23 short=0 | 4.1s
[1478] size=19 budget=  441 C1 valid=50 novel= 0 | C2 uniq= 1 | C3 draws=  441 comp=  1 uniq=  1 novel=  0 pruned=   0 bt=384 cap= 5 | C4 pool=  1 got= 1 short=0 | 3.6s
[1479] size= 9 budget=  411 C1 valid=64 novel= 0 | C2 uniq= 4 | C3 draws=  411 comp=  4 uniq=  4 novel=  0 pruned=   0 bt=340 cap= 4 | C4 pool=  4 got= 4 short=0 | 3.2s
[1480] size=15 budget=  608 C1 valid=54 novel=14 | C2 uniq= 5 | C3 draws=  608 comp=  5 uniq=  5 novel=  3 pruned=   0 bt=445 cap= 6 | C4 pool=  9 got= 5 short=0 | 5.8s
[1481] size=11 budget=  512 C1 valid=64 novel= 0 | C2 uniq= 1 | C3 draws=  512 comp=  1 uniq=  1 novel=  0 pruned=   0 bt=432 cap= 6 | C4 pool=  1 got= 1 short=0 | 4.3s
[1482] size=15 budget=  451 C1 valid=64 novel= 6 | C2 uniq= 4 | C3 draws=  451 comp=  4 uniq=  4 novel=  1 pruned=   0 bt=371 cap= 5 | C4 pool=  5 got= 4 short=0 | 3.6s
[1483] size=17 budget=  751 C1 valid=62 novel=31 | C2 uniq=19 | C3 draws=  751 comp= 10 uniq= 10 novel=  7 pruned=   0 bt=516 cap= 8 | C4 pool=212 got=19 short=0 | 6.2s
[1484] size=17 budget= 1102 C1 valid= 9 novel= 9 | C2 uniq= 9 | C3 draws= 1102 comp=  4 uniq=  4 novel=  4 pruned=   0 bt=890 cap=12 | C4 pool=400 got= 9 short=0 | 9.4s
[1485] size=15 budget=  482 C1 valid=64 novel=18 | C2 uniq= 5 | C3 draws=  482 comp=  6 uniq=  6 novel=  3 pruned=   0 bt=389 cap= 4 | C4 pool=  7 got= 5 short=0 | 3.9s
[1486] size= 9 budget=  384 C1 valid=64 novel= 0 | C2 uniq= 1 | C3 draws=  384 comp=  1 uniq=  1 novel=  0 pruned=   0 bt=333 cap= 4 | C4 pool=  1 got= 1 short=0 | 3.1s
[1487] size=17 budget=  384 C1 valid=64 novel= 0 | C2 uniq= 1 | C3 draws=  384 comp=  1 uniq=  1 novel=  0 pruned=   0 bt=334 cap= 4 | C4 pool=  1 got= 1 short=0 | 3.1s
[1488] size=13 budget=  384 C1 valid=64 novel= 0 | C2 uniq= 1 | C3 draws=  384 comp=  1 uniq=  1 novel=  0 pruned=   0 bt=333 cap= 4 | C4 pool=  1 got= 1 short=0 | 3.1s
[1489] size=13 budget=  458 C1 valid=63 novel= 3 | C2 uniq= 7 | C3 draws=  458 comp=  5 uniq=  5 novel=  1 pruned=   0 bt=361 cap= 5 | C4 pool=227 got= 7 short=0 | 3.7s
[1490] size=15 budget=  512 C1 valid=64 novel=64 | C2 uniq= 1 | C3 draws=  512 comp=  1 uniq=  1 novel=  1 pruned=   0 bt=447 cap= 6 | C4 pool=  1 got= 1 short=0 | 4.1s
[1491] size=15 budget= 1059 C1 valid=47 novel=47 | C2 uniq=24 | C3 draws= 1059 comp= 16 uniq= 16 novel= 16 pruned=   0 bt=643 cap= 7 | C4 pool=400 got=24 short=0 | 8.7s
[1492] size=13 budget=  372 C1 valid=61 novel= 0 | C2 uniq= 2 | C3 draws=  372 comp=  2 uniq=  2 novel=  0 pruned=   0 bt=311 cap= 4 | C4 pool=  2 got= 2 short=0 | 3.1s
[1493] size=17 budget=  443 C1 valid=64 novel= 7 | C2 uniq= 8 | C3 draws=  443 comp=  6 uniq=  6 novel=  2 pruned=   0 bt=329 cap= 4 | C4 pool=167 got= 8 short=0 | 3.7s
[1494] size=19 budget= 1074 C1 valid=31 novel= 9 | C2 uniq=11 | C3 draws= 1074 comp=  8 uniq=  8 novel=  6 pruned=   0 bt=752 cap=11 | C4 pool=400 got=11 short=0 | 9.4s
[1495] size=15 budget=  752 C1 valid=64 novel=31 | C2 uniq=25 | C3 draws=  752 comp= 12 uniq= 12 novel=  7 pruned=   0 bt=518 cap= 7 | C4 pool=400 got=25 short=0 | 6.1s
[1496] size=17 budget=  384 C1 valid=64 novel= 0 | C2 uniq= 1 | C3 draws=  384 comp=  1 uniq=  1 novel=  0 pruned=   0 bt=334 cap= 4 | C4 pool=  1 got= 1 short=0 | 3.1s
[1497] size=19 budget=  384 C1 valid=64 novel= 0 | C2 uniq= 1 | C3 draws=  384 comp=  1 uniq=  1 novel=  0 pruned=   0 bt=335 cap= 5 | C4 pool=  1 got= 1 short=0 | 3.1s
[1498] size=17 budget=  576 C1 valid=64 novel= 0 | C2 uniq= 1 | C3 draws=  576 comp=  1 uniq=  1 novel=  0 pruned=   0 bt=487 cap= 7 | C4 pool=  1 got= 1 short=0 | 4.8s
[1499] size=17 budget=  429 C1 valid=63 novel= 5 | C2 uniq= 9 | C3 draws=  429 comp=  5 uniq=  5 novel=  1 pruned=   0 bt=336 cap= 5 | C4 pool= 11 got= 9 short=0 | 3.4s
[1500] size=17 budget= 1107 C1 valid=62 novel=62 | C2 uniq= 9 | C3 draws= 1107 comp=  8 uniq=  8 novel=  8 pruned=   0 bt=712 cap=12 | C4 pool= 32 got= 9 short=0 | 10.0s
[1501] size=15 budget=  960 C1 valid=64 novel=64 | C2 uniq= 1 | C3 draws=  960 comp=  1 uniq=  1 novel=  1 pruned=   0 bt=753 cap=11 | C4 pool=  1 got= 1 short=0 | 8.6s
[1502] size=15 budget=  320 C1 valid=64 novel= 0 | C2 uniq= 1 | C3 draws=  320 comp=  1 uniq=  1 novel=  0 pruned=   0 bt=282 cap= 3 | C4 pool=  2 got= 1 short=0 | 2.6s
[1503] size=17 budget=  320 C1 valid=64 novel= 0 | C2 uniq= 1 | C3 draws=  320 comp=  1 uniq=  1 novel=  0 pruned=   0 bt=273 cap= 4 | C4 pool=  1 got= 1 short=0 | 2.6s
[1504] size=19 budget= 1587 C1 valid=21 novel=21 | C2 uniq=13 | C3 draws= 1587 comp= 16 uniq= 16 novel= 16 pruned=   0 bt=785 cap=15 | C4 pool= 48 got=13 short=0 | 14.1s
[1505] size=17 budget=  746 C1 valid=53 novel=23 | C2 uniq=17 | C3 draws=  746 comp=  8 uniq=  8 novel=  4 pruned=   0 bt=550 cap= 7 | C4 pool= 95 got=17 short=0 | 6.0s
[1506] size= 9 budget=  423 C1 valid=61 novel= 0 | C2 uniq= 2 | C3 draws=  423 comp=  2 uniq=  2 novel=  0 pruned=   0 bt=366 cap= 4 | C4 pool=  2 got= 2 short=0 | 3.4s
[1507] size=19 budget=  384 C1 valid=64 novel= 0 | C2 uniq= 1 | C3 draws=  384 comp=  1 uniq=  1 novel=  0 pruned=   0 bt=335 cap= 5 | C4 pool=  1 got= 1 short=0 | 3.1s
[1508] size=15 budget=  880 C1 valid=60 novel=49 | C2 uniq=41 | C3 draws=  880 comp= 22 uniq= 22 novel= 20 pruned=   0 bt=458 cap= 7 | C4 pool=400 got=41 short=0 | 7.2s
[1509] size=17 budget=  543 C1 valid=64 novel=32 | C2 uniq= 4 | C3 draws=  543 comp=  3 uniq=  3 novel=  2 pruned=   0 bt=453 cap= 6 | C4 pool=  3 got= 3 short=1 | 4.4s
[1510] size=11 budget=  406 C1 valid=51 novel= 0 | C2 uniq= 1 | C3 draws=  406 comp=  1 uniq=  1 novel=  0 pruned=   0 bt=344 cap= 4 | C4 pool=  1 got= 1 short=0 | 3.5s
[1511] size= 9 budget=  555 C1 valid=63 novel= 0 | C2 uniq= 3 | C3 draws=  555 comp=  3 uniq=  3 novel=  0 pruned=   0 bt=449 cap= 6 | C4 pool=  3 got= 3 short=0 | 4.6s
[1512] size=13 budget=  915 C1 valid=51 novel=27 | C2 uniq=24 | C3 draws=  915 comp= 11 uniq= 11 novel=  9 pruned=   0 bt=627 cap= 8 | C4 pool=400 got=24 short=0 | 7.9s
[1513] size=15 budget=  320 C1 valid=64 novel= 0 | C2 uniq= 1 | C3 draws=  320 comp=  1 uniq=  1 novel=  0 pruned=   0 bt=282 cap= 3 | C4 pool=  1 got= 1 short=0 | 2.6s
[1514] size=11 budget=  320 C1 valid=63 novel= 0 | C2 uniq= 1 | C3 draws=  320 comp=  1 uniq=  1 novel=  0 pruned=   0 bt=283 cap= 3 | C4 pool=  1 got= 1 short=0 | 2.6s
[1515] size=15 budget=  709 C1 valid=61 novel=28 | C2 uniq= 5 | C3 draws=  709 comp=  7 uniq=  7 novel=  4 pruned=   0 bt=547 cap= 7 | C4 pool=  9 got= 5 short=0 | 5.9s
[1516] size=13 budget=  418 C1 valid=64 novel= 0 | C2 uniq= 4 | C3 draws=  418 comp=  4 uniq=  4 novel=  0 pruned=   0 bt=347 cap= 4 | C4 pool=  4 got= 4 short=0 | 3.3s
[1517] size=19 budget=  715 C1 valid= 2 novel= 2 | C2 uniq= 1 | C3 draws=  715 comp=  4 uniq=  4 novel=  3 pruned=   0 bt=606 cap= 7 | C4 pool=  2 got= 1 short=0 | 5.7s
[1518] size=13 budget=  384 C1 valid=64 novel= 0 | C2 uniq= 1 | C3 draws=  384 comp=  1 uniq=  1 novel=  0 pruned=   0 bt=333 cap= 4 | C4 pool=  1 got= 1 short=0 | 3.1s
[1519] size=17 budget=  512 C1 valid=64 novel= 0 | C2 uniq= 1 | C3 draws=  512 comp=  1 uniq=  1 novel=  0 pruned=   0 bt=441 cap= 6 | C4 pool=  1 got= 1 short=0 | 4.1s
[1520] size=19 budget=  936 C1 valid=43 novel=24 | C2 uniq=14 | C3 draws=  936 comp=  8 uniq=  8 novel=  6 pruned=   0 bt=661 cap=11 | C4 pool= 36 got=14 short=0 | 8.1s
[1521] size=19 budget= 1013 C1 valid=28 novel=21 | C2 uniq=14 | C3 draws= 1013 comp= 39 uniq= 39 novel= 38 pruned=   0 bt=283 cap= 0 | C4 pool=400 got=14 short=0 | 7.6s
[1522] size=15 budget=  750 C1 valid=44 novel=44 | C2 uniq=14 | C3 draws=  750 comp= 19 uniq= 19 novel= 19 pruned=   0 bt=422 cap= 4 | C4 pool=400 got=14 short=0 | 5.8s
[1523] size=15 budget=  603 C1 valid=64 novel=21 | C2 uniq= 6 | C3 draws=  603 comp=  3 uniq=  3 novel=  1 pruned=   0 bt=500 cap= 7 | C4 pool=  6 got= 6 short=0 | 5.0s
[1524] size=15 budget=  598 C1 valid=64 novel=14 | C2 uniq= 3 | C3 draws=  598 comp=  4 uniq=  4 novel=  2 pruned=   0 bt=477 cap= 7 | C4 pool=  4 got= 3 short=0 | 4.9s
[1525] size=13 budget=  385 C1 valid=61 novel= 0 | C2 uniq= 1 | C3 draws=  385 comp=  1 uniq=  1 novel=  0 pruned=   0 bt=329 cap= 4 | C4 pool=  1 got= 1 short=0 | 3.2s
[1526] size=15 budget=  650 C1 valid=61 novel= 4 | C2 uniq=14 | C3 draws=  650 comp= 14 uniq= 14 novel=  6 pruned=   0 bt=352 cap= 3 | C4 pool=400 got=14 short=0 | 5.7s
[1527] size=17 budget= 1256 C1 valid=57 novel=44 | C2 uniq=30 | C3 draws= 1256 comp= 19 uniq= 19 novel= 15 pruned=   0 bt=617 cap=10 | C4 pool=400 got=30 short=0 | 11.1s
[1528] size=17 budget=  992 C1 valid=64 novel=32 | C2 uniq= 2 | C3 draws=  992 comp=  2 uniq=  2 novel=  1 pruned=   0 bt=727 cap=12 | C4 pool=  2 got= 2 short=0 | 9.0s
[1529] size=11 budget= 1129 C1 valid=61 novel=52 | C2 uniq=15 | C3 draws= 1129 comp= 12 uniq= 12 novel= 10 pruned=   0 bt=742 cap= 9 | C4 pool=400 got=15 short=0 | 10.4s
[1530] size=11 budget=  360 C1 valid=64 novel= 0 | C2 uniq= 2 | C3 draws=  360 comp=  2 uniq=  2 novel=  0 pruned=   0 bt=309 cap= 4 | C4 pool=  2 got= 2 short=0 | 2.9s
[1531] size=15 budget=  987 C1 valid=20 novel=16 | C2 uniq=13 | C3 draws=  987 comp=  9 uniq=  9 novel=  8 pruned=   0 bt=662 cap=10 | C4 pool=400 got=13 short=0 | 8.7s
[1532] size=19 budget=  448 C1 valid=64 novel= 0 | C2 uniq= 1 | C3 draws=  448 comp=  1 uniq=  1 novel=  0 pruned=   0 bt=393 cap= 5 | C4 pool=  1 got= 1 short=0 | 3.6s
[1533] size=17 budget=  936 C1 valid=49 novel=48 | C2 uniq=20 | C3 draws=  936 comp=  9 uniq=  9 novel=  9 pruned=   0 bt=620 cap=10 | C4 pool=400 got=20 short=0 | 8.2s
[1534] size= 9 budget= 1555 C1 valid=53 novel=53 | C2 uniq=51 | C3 draws= 1555 comp= 61 uniq= 61 novel= 61 pruned=   0 bt= 68 cap= 1 | C4 pool=400 got=51 short=0 | 10.8s
[1535] size=17 budget=  794 C1 valid=61 novel=28 | C2 uniq=14 | C3 draws=  794 comp=  6 uniq=  6 novel=  4 pruned=   0 bt=626 cap= 8 | C4 pool=234 got=14 short=0 | 6.8s
[1536] size= 9 budget=  512 C1 valid=64 novel= 0 | C2 uniq= 1 | C3 draws=  512 comp=  2 uniq=  2 novel=  0 pruned=   0 bt=435 cap= 5 | C4 pool=  2 got= 1 short=0 | 4.3s
[1537] size=13 budget=  326 C1 valid=63 novel= 0 | C2 uniq= 2 | C3 draws=  326 comp=  1 uniq=  1 novel=  0 pruned=   0 bt=285 cap= 3 | C4 pool=  2 got= 2 short=0 | 2.6s
[1538] size=15 budget=  736 C1 valid=62 novel=22 | C2 uniq=16 | C3 draws=  736 comp= 15 uniq= 15 novel=  9 pruned=   0 bt=413 cap= 6 | C4 pool= 97 got=16 short=0 | 6.6s
[1539] size=15 budget=  967 C1 valid=57 novel=29 | C2 uniq=36 | C3 draws=  967 comp= 21 uniq= 21 novel= 17 pruned=   0 bt=514 cap= 6 | C4 pool=400 got=36 short=0 | 7.6s
[1540] size= 9 budget=  384 C1 valid=64 novel= 0 | C2 uniq= 1 | C3 draws=  384 comp=  1 uniq=  1 novel=  0 pruned=   0 bt=333 cap= 4 | C4 pool=  1 got= 1 short=0 | 3.1s
[1541] size=13 budget= 1614 C1 valid=51 novel=51 | C2 uniq=30 | C3 draws= 1614 comp= 27 uniq= 27 novel= 27 pruned=   0 bt=597 cap=10 | C4 pool=400 got=30 short=0 | 13.8s
[1542] size=15 budget=  905 C1 valid=48 novel=27 | C2 uniq=22 | C3 draws=  905 comp= 16 uniq= 16 novel= 13 pruned=   0 bt=486 cap= 7 | C4 pool=400 got=22 short=0 | 7.9s
[1543] size=17 budget=  384 C1 valid=64 novel= 0 | C2 uniq= 1 | C3 draws=  384 comp=  2 uniq=  2 novel=  0 pruned=   0 bt=328 cap= 4 | C4 pool=  2 got= 1 short=0 | 3.1s
[1544] size=13 budget=  748 C1 valid=42 novel= 9 | C2 uniq=14 | C3 draws=  748 comp= 37 uniq= 37 novel= 30 pruned=   0 bt=125 cap= 0 | C4 pool=400 got=14 short=0 | 5.2s
[1545] size=19 budget=  620 C1 valid=64 novel=64 | C2 uniq= 5 | C3 draws=  620 comp=  5 uniq=  5 novel=  5 pruned=   0 bt=463 cap= 7 | C4 pool=  5 got= 5 short=0 | 5.3s
[1546] size=11 budget=  320 C1 valid=64 novel= 0 | C2 uniq= 1 | C3 draws=  320 comp=  1 uniq=  1 novel=  0 pruned=   0 bt=283 cap= 3 | C4 pool=  1 got= 1 short=0 | 2.6s
[1547] size=19 budget=  462 C1 valid= 4 novel= 4 | C2 uniq= 1 | C3 draws=  462 comp=  2 uniq=  2 novel=  1 pruned=   0 bt=403 cap= 5 | C4 pool=  2 got= 1 short=0 | 3.7s
[1548] size=15 budget=  541 C1 valid=64 novel=62 | C2 uniq= 5 | C3 draws=  541 comp=  5 uniq=  5 novel=  4 pruned=   0 bt=441 cap= 6 | C4 pool=  5 got= 5 short=0 | 4.3s
[1549] size=17 budget=  686 C1 valid=64 novel=64 | C2 uniq= 2 | C3 draws=  686 comp=  2 uniq=  2 novel=  2 pruned=   0 bt=582 cap= 8 | C4 pool=  2 got= 2 short=0 | 5.8s
[1550] size=15 budget=  384 C1 valid=64 novel= 0 | C2 uniq= 1 | C3 draws=  384 comp=  1 uniq=  1 novel=  0 pruned=   0 bt=338 cap= 4 | C4 pool=  1 got= 1 short=0 | 3.1s
[1551] size=11 budget=  374 C1 valid=54 novel= 0 | C2 uniq= 3 | C3 draws=  374 comp=  3 uniq=  3 novel=  0 pruned=   0 bt=315 cap= 4 | C4 pool=  3 got= 3 short=0 | 3.0s
[1552] size= 9 budget=  636 C1 valid=64 novel=14 | C2 uniq=15 | C3 draws=  636 comp=  5 uniq=  5 novel=  2 pruned=   0 bt=485 cap= 6 | C4 pool=400 got=15 short=0 | 5.2s
[1553] size=17 budget= 1340 C1 valid=16 novel=16 | C2 uniq=13 | C3 draws= 1340 comp=  5 uniq=  5 novel=  5 pruned=   0 bt=1015 cap=16 | C4 pool=400 got=13 short=0 | 11.9s
[1554] size=11 budget=  320 C1 valid=64 novel= 0 | C2 uniq= 1 | C3 draws=  320 comp=  1 uniq=  1 novel=  0 pruned=   0 bt=283 cap= 3 | C4 pool=  1 got= 1 short=0 | 2.6s
[1555] size=19 budget=  961 C1 valid=59 novel= 2 | C2 uniq=15 | C3 draws=  961 comp= 11 uniq= 11 novel=  3 pruned=   0 bt=574 cap= 9 | C4 pool=400 got=15 short=0 | 9.5s
[1556] size=19 budget=  730 C1 valid=48 novel=30 | C2 uniq= 6 | C3 draws=  730 comp=  3 uniq=  3 novel=  2 pruned=   0 bt=584 cap= 9 | C4 pool=  6 got= 6 short=0 | 6.1s
[1557] size=13 budget=  886 C1 valid=53 novel=47 | C2 uniq=33 | C3 draws=  886 comp= 27 uniq= 27 novel= 25 pruned=   0 bt=419 cap= 5 | C4 pool=400 got=33 short=0 | 6.8s
[1558] size= 9 budget=  545 C1 valid=64 novel= 0 | C2 uniq= 5 | C3 draws=  545 comp=  3 uniq=  3 novel=  0 pruned=   0 bt=457 cap= 6 | C4 pool= 77 got= 5 short=0 | 4.4s
[1559] size=13 budget=  320 C1 valid=64 novel= 0 | C2 uniq= 1 | C3 draws=  320 comp=  1 uniq=  1 novel=  0 pruned=   0 bt=279 cap= 3 | C4 pool=  1 got= 1 short=0 | 2.6s
[1560] size=17 budget=  320 C1 valid=64 novel= 0 | C2 uniq= 1 | C3 draws=  320 comp=  1 uniq=  1 novel=  0 pruned=   0 bt=273 cap= 4 | C4 pool=  2 got= 1 short=0 | 2.6s
[1561] size=17 budget=  384 C1 valid=64 novel= 0 | C2 uniq= 1 | C3 draws=  384 comp=  1 uniq=  1 novel=  0 pruned=   0 bt=334 cap= 4 | C4 pool=  1 got= 1 short=0 | 3.1s
[1562] size=13 budget=  448 C1 valid=64 novel= 0 | C2 uniq= 1 | C3 draws=  448 comp=  1 uniq=  1 novel=  0 pruned=   0 bt=387 cap= 5 | C4 pool=  1 got= 1 short=0 | 3.6s
[1563] size=19 budget=  912 C1 valid=53 novel= 4 | C2 uniq=18 | C3 draws=  912 comp=  8 uniq=  8 novel=  2 pruned=   0 bt=661 cap=10 | C4 pool=400 got=18 short=0 | 9.4s
[1564] size=11 budget=  873 C1 valid=62 novel= 5 | C2 uniq=14 | C3 draws=  873 comp= 10 uniq= 10 novel=  4 pruned=   0 bt=586 cap= 7 | C4 pool= 64 got=14 short=0 | 7.4s
[1565] size=17 budget=  384 C1 valid=64 novel= 0 | C2 uniq= 1 | C3 draws=  384 comp=  1 uniq=  1 novel=  0 pruned=   0 bt=334 cap= 4 | C4 pool=  1 got= 1 short=0 | 3.1s
[1566] size=17 budget=  402 C1 valid=63 novel= 0 | C2 uniq= 2 | C3 draws=  402 comp=  2 uniq=  2 novel=  0 pruned=   0 bt=341 cap= 5 | C4 pool=  2 got= 2 short=0 | 3.2s
[1567] size=11 budget=  576 C1 valid=64 novel= 0 | C2 uniq= 1 | C3 draws=  576 comp=  1 uniq=  1 novel=  0 pruned=   0 bt=484 cap= 6 | C4 pool=  1 got= 1 short=0 | 4.9s
[1568] size=17 budget=  614 C1 valid=55 novel=26 | C2 uniq= 3 | C3 draws=  614 comp=  2 uniq=  2 novel=  1 pruned=   0 bt=491 cap= 7 | C4 pool=  4 got= 3 short=0 | 5.3s
[1569] size=17 budget= 1234 C1 valid=58 novel=40 | C2 uniq=22 | C3 draws= 1234 comp= 34 uniq= 34 novel= 30 pruned=   0 bt=387 cap= 5 | C4 pool=400 got=22 short=0 | 10.3s
[1570] size=17 budget=  384 C1 valid=64 novel= 0 | C2 uniq= 1 | C3 draws=  384 comp=  1 uniq=  1 novel=  0 pruned=   0 bt=334 cap= 4 | C4 pool=  1 got= 1 short=0 | 3.1s
[1571] size=17 budget=  568 C1 valid=64 novel=18 | C2 uniq= 9 | C3 draws=  568 comp=  6 uniq=  6 novel=  2 pruned=   0 bt=443 cap= 6 | C4 pool= 10 got= 9 short=0 | 4.7s
[1572] size= 9 budget= 1066 C1 valid=31 novel=31 | C2 uniq=17 | C3 draws= 1066 comp= 13 uniq= 13 novel= 13 pruned=   0 bt=658 cap= 9 | C4 pool=400 got=17 short=0 | 9.4s
[1573] size= 9 budget=  384 C1 valid=64 novel= 0 | C2 uniq= 1 | C3 draws=  384 comp=  1 uniq=  1 novel=  0 pruned=   0 bt=333 cap= 4 | C4 pool=  1 got= 1 short=0 | 3.1s
[1574] size=15 budget=  892 C1 valid=56 novel=56 | C2 uniq=22 | C3 draws=  892 comp= 12 uniq= 12 novel= 12 pruned=   0 bt=585 cap= 9 | C4 pool=400 got=22 short=0 | 7.6s
[1575] size=19 budget=  449 C1 valid=63 novel= 0 | C2 uniq= 1 | C3 draws=  449 comp=  1 uniq=  1 novel=  0 pruned=   0 bt=393 cap= 5 | C4 pool=  1 got= 1 short=0 | 3.6s
[1576] size=15 budget=  906 C1 valid=33 novel=33 | C2 uniq= 9 | C3 draws=  906 comp= 27 uniq= 27 novel= 27 pruned=   0 bt=405 cap= 4 | C4 pool= 66 got= 9 short=0 | 6.6s
[1577] size=17 budget=  871 C1 valid=62 novel=13 | C2 uniq=26 | C3 draws=  871 comp= 12 uniq= 12 novel=  4 pruned=   0 bt=548 cap= 8 | C4 pool=400 got=26 short=0 | 9.2s
[1578] size=13 budget=  618 C1 valid=64 novel=11 | C2 uniq=13 | C3 draws=  618 comp= 10 uniq= 10 novel=  2 pruned=   0 bt=445 cap= 6 | C4 pool= 18 got=13 short=0 | 5.0s
[1579] size=19 budget=  950 C1 valid= 8 novel= 0 | C2 uniq= 1 | C3 draws=  950 comp=  2 uniq=  2 novel=  0 pruned=   0 bt=791 cap=12 | C4 pool=  2 got= 1 short=0 | 8.0s
[1580] size=19 budget=  405 C1 valid=63 novel= 0 | C2 uniq= 3 | C3 draws=  405 comp=  3 uniq=  3 novel=  0 pruned=   0 bt=337 cap= 5 | C4 pool=  4 got= 3 short=0 | 3.2s
[1581] size=15 budget=  449 C1 valid=62 novel= 0 | C2 uniq= 1 | C3 draws=  449 comp=  1 uniq=  1 novel=  0 pruned=   0 bt=396 cap= 5 | C4 pool=  1 got= 1 short=0 | 3.6s
[1582] size=15 budget= 1122 C1 valid=50 novel=35 | C2 uniq=34 | C3 draws= 1122 comp= 12 uniq= 12 novel= 10 pruned=   0 bt=705 cap=11 | C4 pool=400 got=34 short=0 | 9.7s
[1583] size=19 budget=  579 C1 valid=61 novel=14 | C2 uniq= 5 | C3 draws=  579 comp= 14 uniq= 14 novel= 11 pruned=   0 bt=301 cap= 2 | C4 pool=  9 got= 5 short=0 | 4.5s
[1584] size=13 budget=  320 C1 valid=64 novel= 0 | C2 uniq= 1 | C3 draws=  320 comp=  1 uniq=  1 novel=  0 pruned=   0 bt=279 cap= 3 | C4 pool=  1 got= 1 short=0 | 2.6s
[1585] size=11 budget=  256 C1 valid=64 novel= 0 | C2 uniq= 1 | C3 draws=  256 comp=  1 uniq=  1 novel=  0 pruned=   0 bt=225 cap= 3 | C4 pool=  1 got= 1 short=0 | 2.1s
[1586] size=13 budget=  597 C1 valid=62 novel=20 | C2 uniq= 3 | C3 draws=  597 comp=  3 uniq=  3 novel=  2 pruned=   0 bt=474 cap= 6 | C4 pool=  4 got= 3 short=0 | 5.1s
[1587] size=13 budget=  256 C1 valid=64 novel= 0 | C2 uniq= 1 | C3 draws=  256 comp=  1 uniq=  1 novel=  0 pruned=   0 bt=217 cap= 3 | C4 pool=  1 got= 1 short=0 | 2.0s
[1588] size=17 budget=  320 C1 valid=64 novel= 0 | C2 uniq= 1 | C3 draws=  320 comp=  1 uniq=  1 novel=  0 pruned=   0 bt=273 cap= 4 | C4 pool=  1 got= 1 short=0 | 2.7s
[1589] size=17 budget=  384 C1 valid=64 novel= 0 | C2 uniq= 1 | C3 draws=  384 comp=  1 uniq=  1 novel=  0 pruned=   0 bt=334 cap= 4 | C4 pool=  1 got= 1 short=0 | 3.1s
[1590] size= 9 budget=  360 C1 valid=64 novel= 0 | C2 uniq= 3 | C3 draws=  360 comp=  2 uniq=  2 novel=  0 pruned=   0 bt=305 cap= 4 | C4 pool=  3 got= 3 short=0 | 2.9s
[1591] size=13 budget=  320 C1 valid=64 novel= 0 | C2 uniq= 1 | C3 draws=  320 comp=  1 uniq=  1 novel=  0 pruned=   0 bt=279 cap= 3 | C4 pool=  1 got= 1 short=0 | 2.6s
[1592] size=19 budget=  740 C1 valid=63 novel=18 | C2 uniq=10 | C3 draws=  740 comp= 12 uniq= 12 novel=  7 pruned=   0 bt=498 cap= 6 | C4 pool=  8 got= 8 short=2 | 6.0s
[1593] size=17 budget=  703 C1 valid=50 novel=17 | C2 uniq=19 | C3 draws=  703 comp= 13 uniq= 13 novel= 10 pruned=   0 bt=468 cap= 6 | C4 pool=400 got=19 short=0 | 5.4s
[1594] size=17 budget= 1038 C1 valid=57 novel=57 | C2 uniq=39 | C3 draws= 1038 comp= 43 uniq= 43 novel= 42 pruned=   0 bt=251 cap= 2 | C4 pool=400 got=39 short=0 | 7.3s
[1595] size=13 budget=  566 C1 valid=62 novel= 3 | C2 uniq= 5 | C3 draws=  566 comp=  4 uniq=  4 novel=  0 pruned=   0 bt=442 cap= 6 | C4 pool=  9 got= 5 short=0 | 4.6s
[1596] size=15 budget=  320 C1 valid=64 novel= 0 | C2 uniq= 1 | C3 draws=  320 comp=  1 uniq=  1 novel=  0 pruned=   0 bt=282 cap= 3 | C4 pool=  1 got= 1 short=0 | 2.6s
[1597] size=17 budget=  256 C1 valid=64 novel= 0 | C2 uniq= 1 | C3 draws=  256 comp=  1 uniq=  1 novel=  0 pruned=   0 bt=218 cap= 3 | C4 pool=  1 got= 1 short=0 | 2.0s
[1598] size=17 budget=  536 C1 valid=64 novel= 7 | C2 uniq= 6 | C3 draws=  536 comp=  5 uniq=  5 novel=  1 pruned=   0 bt=405 cap= 6 | C4 pool=  6 got= 6 short=0 | 4.3s
[1599] size=13 budget=  387 C1 valid=62 novel= 0 | C2 uniq= 2 | C3 draws=  387 comp=  2 uniq=  2 novel=  0 pruned=   0 bt=330 cap= 4 | C4 pool=  2 got= 2 short=0 | 3.1s
[1600] size=17 budget=  333 C1 valid=63 novel= 0 | C2 uniq= 1 | C3 draws=  333 comp=  2 uniq=  2 novel=  0 pruned=   0 bt=278 cap= 4 | C4 pool=  2 got= 1 short=0 | 2.7s
[1601] size=11 budget=  726 C1 valid=60 novel=47 | C2 uniq=16 | C3 draws=  726 comp=  8 uniq=  8 novel=  7 pruned=   0 bt=557 cap= 7 | C4 pool= 12 got=12 short=4 | 5.8s
[1602] size=11 budget=  765 C1 valid=64 novel=64 | C2 uniq= 8 | C3 draws=  765 comp= 10 uniq= 10 novel= 10 pruned=   0 bt=512 cap= 5 | C4 pool= 97 got= 8 short=0 | 6.6s
[1603] size=15 budget=  320 C1 valid=64 novel= 0 | C2 uniq= 1 | C3 draws=  320 comp=  1 uniq=  1 novel=  0 pruned=   0 bt=282 cap= 3 | C4 pool=  1 got= 1 short=0 | 2.6s
[1604] size=15 budget=  384 C1 valid=64 novel= 0 | C2 uniq= 1 | C3 draws=  384 comp=  1 uniq=  1 novel=  0 pruned=   0 bt=338 cap= 4 | C4 pool=  1 got= 1 short=0 | 3.1s
[1605] size=17 budget=  511 C1 valid=64 novel= 0 | C2 uniq= 3 | C3 draws=  511 comp=  2 uniq=  2 novel=  0 pruned=   0 bt=432 cap= 6 | C4 pool=  2 got= 2 short=1 | 4.0s
[1606] size=11 budget=  512 C1 valid=64 novel= 0 | C2 uniq= 1 | C3 draws=  512 comp=  1 uniq=  1 novel=  0 pruned=   0 bt=432 cap= 6 | C4 pool=  1 got= 1 short=0 | 4.3s
[1607] size=15 budget=  555 C1 valid=41 novel=41 | C2 uniq= 1 | C3 draws=  555 comp=  1 uniq=  1 novel=  1 pruned=   0 bt=476 cap= 6 | C4 pool=  1 got= 1 short=0 | 4.6s
[1608] size=17 budget=  449 C1 valid=63 novel= 0 | C2 uniq= 1 | C3 draws=  449 comp=  1 uniq=  1 novel=  0 pruned=   0 bt=389 cap= 5 | C4 pool=  1 got= 1 short=0 | 3.6s
[1609] size= 9 budget=  256 C1 valid=64 novel= 0 | C2 uniq= 1 | C3 draws=  256 comp=  1 uniq=  1 novel=  0 pruned=   0 bt=225 cap= 2 | C4 pool=  1 got= 1 short=0 | 2.1s
[1610] size=15 budget=  758 C1 valid=61 novel=31 | C2 uniq= 3 | C3 draws=  758 comp=  3 uniq=  3 novel=  2 pruned=   0 bt=614 cap= 8 | C4 pool=  3 got= 3 short=0 | 6.4s
[1611] size= 9 budget=  256 C1 valid=64 novel= 0 | C2 uniq= 1 | C3 draws=  256 comp=  1 uniq=  1 novel=  0 pruned=   0 bt=225 cap= 2 | C4 pool=  1 got= 1 short=0 | 2.1s
[1612] size=19 budget= 1480 C1 valid=42 novel=35 | C2 uniq=27 | C3 draws= 1480 comp= 28 uniq= 28 novel= 27 pruned=   0 bt=572 cap=10 | C4 pool=400 got=27 short=0 | 12.4s
[1613] size=11 budget=  516 C1 valid=64 novel=20 | C2 uniq=25 | C3 draws=  516 comp= 22 uniq= 22 novel= 15 pruned=   0 bt=217 cap= 2 | C4 pool=400 got=25 short=0 | 3.8s
[1614] size= 9 budget=  411 C1 valid=62 novel=18 | C2 uniq= 6 | C3 draws=  411 comp=  3 uniq=  3 novel=  1 pruned=   0 bt=343 cap= 4 | C4 pool= 13 got= 6 short=0 | 3.3s
[1615] size=13 budget= 1124 C1 valid=44 novel=33 | C2 uniq= 9 | C3 draws= 1124 comp= 27 uniq= 27 novel= 26 pruned=   0 bt=484 cap= 2 | C4 pool=160 got= 9 short=0 | 9.3s
[1616] size=19 budget=  520 C1 valid=64 novel=34 | C2 uniq= 4 | C3 draws=  520 comp=  4 uniq=  4 novel=  2 pruned=   0 bt=410 cap= 6 | C4 pool=  4 got= 4 short=0 | 4.2s
[1617] size=13 budget=  384 C1 valid=64 novel= 0 | C2 uniq= 1 | C3 draws=  384 comp=  1 uniq=  1 novel=  0 pruned=   0 bt=333 cap= 4 | C4 pool=  1 got= 1 short=0 | 3.1s
[1618] size=17 budget=  448 C1 valid=64 novel= 0 | C2 uniq= 1 | C3 draws=  448 comp=  1 uniq=  1 novel=  0 pruned=   0 bt=387 cap= 5 | C4 pool=  1 got= 1 short=0 | 3.6s
[1619] size= 9 budget=  384 C1 valid=64 novel= 0 | C2 uniq= 1 | C3 draws=  384 comp=  1 uniq=  1 novel=  0 pruned=   0 bt=333 cap= 4 | C4 pool=  1 got= 1 short=0 | 3.1s
[1620] size=17 budget=  542 C1 valid=62 novel=13 | C2 uniq= 4 | C3 draws=  542 comp=  4 uniq=  4 novel=  1 pruned=   0 bt=441 cap= 6 | C4 pool=  5 got= 4 short=0 | 4.4s
[1621] size=17 budget=  475 C1 valid=64 novel=15 | C2 uniq=13 | C3 draws=  475 comp= 13 uniq= 13 novel=  9 pruned=   0 bt=263 cap= 3 | C4 pool=400 got=13 short=0 | 3.6s
[1622] size=19 budget=  471 C1 valid=63 novel=20 | C2 uniq= 4 | C3 draws=  471 comp=  4 uniq=  4 novel=  2 pruned=   0 bt=384 cap= 5 | C4 pool=  4 got= 4 short=0 | 3.8s
[1623] size=19 budget=  772 C1 valid=56 novel=56 | C2 uniq=10 | C3 draws=  772 comp=  9 uniq=  9 novel=  9 pruned=   0 bt=555 cap= 8 | C4 pool= 12 got=10 short=0 | 6.3s
[1624] size= 9 budget=  470 C1 valid=64 novel= 0 | C2 uniq= 2 | C3 draws=  470 comp=  2 uniq=  2 novel=  0 pruned=   0 bt=391 cap= 5 | C4 pool=  2 got= 2 short=0 | 4.0s
[1625] size=13 budget=  320 C1 valid=64 novel= 0 | C2 uniq= 1 | C3 draws=  320 comp=  1 uniq=  1 novel=  0 pruned=   0 bt=279 cap= 3 | C4 pool=  1 got= 1 short=0 | 2.6s
[1626] size=17 budget=  256 C1 valid=64 novel= 0 | C2 uniq= 1 | C3 draws=  256 comp=  1 uniq=  1 novel=  0 pruned=   0 bt=218 cap= 3 | C4 pool=  1 got= 1 short=0 | 2.0s
[1627] size=17 budget=  518 C1 valid=62 novel=23 | C2 uniq= 3 | C3 draws=  518 comp=  3 uniq=  3 novel=  1 pruned=   0 bt=415 cap= 6 | C4 pool=  3 got= 3 short=0 | 4.2s
[1628] size=19 budget=  383 C1 valid=63 novel= 0 | C2 uniq= 1 | C3 draws=  383 comp=  1 uniq=  1 novel=  0 pruned=   0 bt=335 cap= 5 | C4 pool=  1 got= 1 short=0 | 3.1s
[1629] size=13 budget=  985 C1 valid=45 novel=32 | C2 uniq=26 | C3 draws=  985 comp= 23 uniq= 23 novel= 20 pruned=   0 bt=529 cap= 7 | C4 pool=400 got=26 short=0 | 7.5s
[1630] size=19 budget=  468 C1 valid=51 novel= 6 | C2 uniq=11 | C3 draws=  468 comp= 17 uniq= 17 novel= 14 pruned=   0 bt=183 cap= 2 | C4 pool=400 got=11 short=0 | 3.7s
[1631] size=15 budget=  551 C1 valid=45 novel=10 | C2 uniq= 9 | C3 draws=  551 comp= 16 uniq= 16 novel= 12 pruned=   0 bt=255 cap= 3 | C4 pool=400 got= 9 short=0 | 4.3s
[1632] size=17 budget=  384 C1 valid=64 novel= 0 | C2 uniq= 1 | C3 draws=  384 comp=  1 uniq=  1 novel=  0 pruned=   0 bt=334 cap= 4 | C4 pool=  1 got= 1 short=0 | 3.1s
[1633] size= 9 budget=  448 C1 valid=64 novel= 0 | C2 uniq= 1 | C3 draws=  448 comp=  1 uniq=  1 novel=  0 pruned=   0 bt=387 cap= 5 | C4 pool=  1 got= 1 short=0 | 3.6s
[1634] size=15 budget=  275 C1 valid=62 novel= 0 | C2 uniq= 1 | C3 draws=  275 comp=  1 uniq=  1 novel=  0 pruned=   0 bt=240 cap= 3 | C4 pool=  1 got= 1 short=0 | 2.2s
[1635] size=19 budget= 1220 C1 valid=39 novel=39 | C2 uniq=29 | C3 draws= 1220 comp= 20 uniq= 20 novel= 19 pruned=   0 bt=684 cap=10 | C4 pool=256 got=29 short=0 | 10.4s
[1636] size=17 budget=  384 C1 valid=64 novel= 0 | C2 uniq= 1 | C3 draws=  384 comp=  1 uniq=  1 novel=  0 pruned=   0 bt=334 cap= 4 | C4 pool=  1 got= 1 short=0 | 3.1s
[1637] size=13 budget=  449 C1 valid=49 novel= 0 | C2 uniq= 1 | C3 draws=  449 comp=  1 uniq=  1 novel=  0 pruned=   0 bt=386 cap= 5 | C4 pool=  1 got= 1 short=0 | 3.6s
[1638] size=11 budget=  576 C1 valid=64 novel= 0 | C2 uniq= 1 | C3 draws=  576 comp=  1 uniq=  1 novel=  0 pruned=   0 bt=490 cap= 6 | C4 pool=  1 got= 1 short=0 | 4.8s
[1639] size=17 budget= 1235 C1 valid=33 novel=29 | C2 uniq=23 | C3 draws= 1235 comp= 27 uniq= 27 novel= 24 pruned=   0 bt=551 cap= 9 | C4 pool=400 got=23 short=0 | 10.3s
[1640] size=19 budget=  720 C1 valid=64 novel=64 | C2 uniq= 4 | C3 draws=  720 comp= 15 uniq= 15 novel= 15 pruned=   0 bt=391 cap= 2 | C4 pool= 97 got= 4 short=0 | 5.8s
[1641] size=15 budget=  320 C1 valid=64 novel= 0 | C2 uniq= 1 | C3 draws=  320 comp=  1 uniq=  1 novel=  0 pruned=   0 bt=282 cap= 3 | C4 pool=  1 got= 1 short=0 | 2.6s
[1642] size=19 budget=  829 C1 valid=62 novel=62 | C2 uniq= 4 | C3 draws=  829 comp=  9 uniq=  9 novel=  9 pruned=   0 bt=552 cap= 6 | C4 pool=  7 got= 4 short=0 | 7.1s
[1643] size=19 budget=  512 C1 valid=64 novel=64 | C2 uniq= 1 | C3 draws=  512 comp=  1 uniq=  1 novel=  1 pruned=   0 bt=447 cap= 6 | C4 pool=  1 got= 1 short=0 | 4.1s
[1644] size=19 budget=  384 C1 valid=64 novel= 0 | C2 uniq= 1 | C3 draws=  384 comp=  1 uniq=  1 novel=  0 pruned=   0 bt=335 cap= 5 | C4 pool=  1 got= 1 short=0 | 3.1s
[1645] size=15 budget=  632 C1 valid=62 novel=62 | C2 uniq= 1 | C3 draws=  632 comp=  1 uniq=  1 novel=  1 pruned=   0 bt=525 cap= 7 | C4 pool=  1 got= 1 short=0 | 5.5s
[1646] size=11 budget=  603 C1 valid=63 novel=38 | C2 uniq= 3 | C3 draws=  603 comp=  3 uniq=  3 novel=  2 pruned=   0 bt=497 cap= 6 | C4 pool=  3 got= 3 short=0 | 5.0s
[1647] size=15 budget=  384 C1 valid=64 novel= 0 | C2 uniq= 1 | C3 draws=  384 comp=  1 uniq=  1 novel=  0 pruned=   0 bt=338 cap= 4 | C4 pool=  1 got= 1 short=0 | 3.1s
[1648] size=15 budget=  570 C1 valid=41 novel= 4 | C2 uniq= 3 | C3 draws=  570 comp=  1 uniq=  1 novel=  0 pruned=   0 bt=494 cap= 7 | C4 pool=  5 got= 3 short=0 | 4.6s
[1649] size=11 budget=  749 C1 valid=53 novel=27 | C2 uniq=17 | C3 draws=  749 comp= 38 uniq= 38 novel= 35 pruned=   0 bt=106 cap= 0 | C4 pool=400 got=17 short=0 | 5.0s
[1650] size=11 budget=  345 C1 valid=64 novel= 0 | C2 uniq= 3 | C3 draws=  345 comp=  2 uniq=  2 novel=  0 pruned=   0 bt=300 cap= 4 | C4 pool=  4 got= 3 short=0 | 2.8s
[1651] size=19 budget=  320 C1 valid=64 novel= 0 | C2 uniq= 1 | C3 draws=  320 comp=  1 uniq=  1 novel=  0 pruned=   0 bt=274 cap= 4 | C4 pool=  1 got= 1 short=0 | 2.5s
[1652] size=17 budget=  448 C1 valid=64 novel= 0 | C2 uniq= 1 | C3 draws=  448 comp=  1 uniq=  1 novel=  0 pruned=   0 bt=387 cap= 5 | C4 pool=  1 got= 1 short=0 | 3.7s
[1653] size=19 budget=  722 C1 valid=49 novel=11 | C2 uniq=11 | C3 draws=  722 comp= 13 uniq= 13 novel= 10 pruned=   0 bt=451 cap= 6 | C4 pool= 58 got=11 short=0 | 5.5s
[1654] size=17 budget=  728 C1 valid=63 novel=36 | C2 uniq=28 | C3 draws=  728 comp= 16 uniq= 16 novel= 13 pruned=   0 bt=445 cap= 6 | C4 pool=400 got=28 short=0 | 5.6s
[1655] size=19 budget=  384 C1 valid=64 novel= 0 | C2 uniq= 1 | C3 draws=  384 comp=  1 uniq=  1 novel=  0 pruned=   0 bt=335 cap= 5 | C4 pool=  1 got= 1 short=0 | 3.1s
[1656] size=17 budget=  448 C1 valid=64 novel= 0 | C2 uniq= 1 | C3 draws=  448 comp=  1 uniq=  1 novel=  0 pruned=   0 bt=387 cap= 5 | C4 pool=  1 got= 1 short=0 | 3.6s
[1657] size=13 budget= 1004 C1 valid=64 novel=61 | C2 uniq= 8 | C3 draws= 1004 comp=  7 uniq=  7 novel=  6 pruned=   0 bt=690 cap=11 | C4 pool=  8 got= 8 short=0 | 8.9s
[1658] size=19 budget=  384 C1 valid=64 novel= 0 | C2 uniq= 1 | C3 draws=  384 comp=  1 uniq=  1 novel=  0 pruned=   0 bt=335 cap= 5 | C4 pool=  1 got= 1 short=0 | 3.1s
[1659] size=15 budget=  384 C1 valid=64 novel= 0 | C2 uniq= 1 | C3 draws=  384 comp=  1 uniq=  1 novel=  0 pruned=   0 bt=338 cap= 4 | C4 pool=  1 got= 1 short=0 | 3.1s
[1660] size=19 budget=  835 C1 valid=50 novel=23 | C2 uniq=21 | C3 draws=  835 comp= 23 uniq= 23 novel= 19 pruned=   0 bt=338 cap= 4 | C4 pool=400 got=21 short=0 | 6.3s
[1661] size=11 budget=  384 C1 valid=64 novel= 0 | C2 uniq= 1 | C3 draws=  384 comp=  1 uniq=  1 novel=  0 pruned=   0 bt=337 cap= 4 | C4 pool=  1 got= 1 short=0 | 3.1s
[1662] size=19 budget= 1181 C1 valid=27 novel=27 | C2 uniq=20 | C3 draws= 1181 comp= 41 uniq= 41 novel= 41 pruned=   0 bt=353 cap= 2 | C4 pool=400 got=20 short=0 | 9.4s
[1663] size=17 budget=  384 C1 valid=64 novel= 0 | C2 uniq= 1 | C3 draws=  384 comp=  1 uniq=  1 novel=  0 pruned=   0 bt=334 cap= 4 | C4 pool=  1 got= 1 short=0 | 3.1s
[1664] size=15 budget=  726 C1 valid=56 novel=31 | C2 uniq=26 | C3 draws=  726 comp= 14 uniq= 14 novel= 11 pruned=   0 bt=493 cap= 6 | C4 pool=400 got=26 short=0 | 5.8s
[1665] size=15 budget=  320 C1 valid=64 novel= 0 | C2 uniq= 1 | C3 draws=  320 comp=  1 uniq=  1 novel=  0 pruned=   0 bt=282 cap= 3 | C4 pool=  1 got= 1 short=0 | 2.6s
[1666] size=13 budget=  647 C1 valid=56 novel=19 | C2 uniq=19 | C3 draws=  647 comp=  9 uniq=  9 novel=  7 pruned=   0 bt=473 cap= 6 | C4 pool=400 got=19 short=0 | 5.1s
[1667] size=19 budget=  320 C1 valid=64 novel= 0 | C2 uniq= 1 | C3 draws=  320 comp=  1 uniq=  1 novel=  0 pruned=   0 bt=274 cap= 4 | C4 pool=  1 got= 1 short=0 | 2.6s
[1668] size=15 budget=  791 C1 valid=62 novel=37 | C2 uniq= 3 | C3 draws=  791 comp=  4 uniq=  4 novel=  3 pruned=   0 bt=589 cap= 9 | C4 pool=  3 got= 3 short=0 | 6.8s
[1669] size=15 budget=  448 C1 valid=63 novel= 0 | C2 uniq= 1 | C3 draws=  448 comp=  1 uniq=  1 novel=  0 pruned=   0 bt=392 cap= 5 | C4 pool=  1 got= 1 short=0 | 3.6s
[1670] size=13 budget=  384 C1 valid=64 novel= 0 | C2 uniq= 1 | C3 draws=  384 comp=  1 uniq=  1 novel=  0 pruned=   0 bt=333 cap= 4 | C4 pool=  1 got= 1 short=0 | 3.1s
[1671] size=13 budget= 1034 C1 valid=53 novel=32 | C2 uniq=22 | C3 draws= 1034 comp= 19 uniq= 19 novel= 13 pruned=   0 bt=530 cap= 8 | C4 pool=400 got=22 short=0 | 8.6s
[1672] size=15 budget=  476 C1 valid=64 novel=26 | C2 uniq= 3 | C3 draws=  476 comp=  3 uniq=  3 novel=  1 pruned=   0 bt=394 cap= 5 | C4 pool=  3 got= 3 short=0 | 3.9s
[1673] size=17 budget=  618 C1 valid=60 novel=19 | C2 uniq= 9 | C3 draws=  618 comp=  6 uniq=  6 novel=  2 pruned=   0 bt=482 cap= 7 | C4 pool=321 got= 9 short=0 | 5.0s
[1674] size=17 budget= 1722 C1 valid=13 novel=12 | C2 uniq=12 | C3 draws= 1722 comp= 23 uniq= 23 novel= 23 pruned=   0 bt=806 cap=13 | C4 pool=400 got=12 short=0 | 14.1s
[1675] size=13 budget=  384 C1 valid=64 novel= 0 | C2 uniq= 1 | C3 draws=  384 comp=  1 uniq=  1 novel=  0 pruned=   0 bt=333 cap= 4 | C4 pool=  1 got= 1 short=0 | 3.1s
[1676] size=11 budget=  628 C1 valid=61 novel=15 | C2 uniq=16 | C3 draws=  628 comp= 11 uniq= 11 novel=  8 pruned=   0 bt=426 cap= 5 | C4 pool=400 got=16 short=0 | 4.9s
[1677] size=17 budget=  469 C1 valid=62 novel=13 | C2 uniq= 6 | C3 draws=  469 comp=  2 uniq=  2 novel=  1 pruned=   0 bt=394 cap= 5 | C4 pool= 10 got= 6 short=0 | 3.8s
[1678] size=13 budget=  320 C1 valid=64 novel= 0 | C2 uniq= 1 | C3 draws=  320 comp=  2 uniq=  2 novel=  0 pruned=   0 bt=273 cap= 3 | C4 pool=  2 got= 1 short=0 | 2.6s
[1679] size=15 budget=  435 C1 valid=64 novel= 0 | C2 uniq= 3 | C3 draws=  435 comp=  3 uniq=  3 novel=  0 pruned=   0 bt=366 cap= 5 | C4 pool=  4 got= 3 short=0 | 3.5s
[1680] size=11 budget=  513 C1 valid=63 novel=63 | C2 uniq= 1 | C3 draws=  513 comp=  1 uniq=  1 novel=  1 pruned=   0 bt=432 cap= 6 | C4 pool=  2 got= 1 short=0 | 4.3s
[1681] size=17 budget=  456 C1 valid=61 novel= 5 | C2 uniq= 7 | C3 draws=  456 comp=  4 uniq=  4 novel=  0 pruned=   0 bt=375 cap= 5 | C4 pool=  8 got= 7 short=0 | 3.6s
[1682] size=19 budget=  857 C1 valid=53 novel=28 | C2 uniq=16 | C3 draws=  857 comp=  5 uniq=  5 novel=  3 pruned=   0 bt=625 cap=10 | C4 pool=400 got=16 short=0 | 7.9s
[1683] size=11 budget=  256 C1 valid=64 novel= 0 | C2 uniq= 1 | C3 draws=  256 comp=  1 uniq=  1 novel=  0 pruned=   0 bt=225 cap= 3 | C4 pool=  1 got= 1 short=0 | 2.1s
[1684] size=19 budget=  388 C1 valid=63 novel= 0 | C2 uniq= 1 | C3 draws=  388 comp=  1 uniq=  1 novel=  0 pruned=   0 bt=336 cap= 5 | C4 pool=  1 got= 1 short=0 | 3.2s
[1685] size=15 budget=  390 C1 valid=64 novel= 0 | C2 uniq= 3 | C3 draws=  390 comp=  3 uniq=  3 novel=  0 pruned=   0 bt=329 cap= 4 | C4 pool=  3 got= 3 short=0 | 3.1s
[1686] size= 9 budget=  320 C1 valid=64 novel= 0 | C2 uniq= 1 | C3 draws=  320 comp=  1 uniq=  1 novel=  0 pruned=   0 bt=279 cap= 3 | C4 pool=  1 got= 1 short=0 | 2.6s
[1687] size=13 budget= 1790 C1 valid=30 novel=30 | C2 uniq=20 | C3 draws= 1790 comp= 21 uniq= 21 novel= 21 pruned=   0 bt=755 cap=15 | C4 pool=400 got=20 short=0 | 16.6s
[1688] size=11 budget=  448 C1 valid=64 novel= 0 | C2 uniq= 1 | C3 draws=  448 comp=  1 uniq=  1 novel=  0 pruned=   0 bt=393 cap= 5 | C4 pool=  1 got= 1 short=0 | 3.6s
[1689] size=17 budget=  396 C1 valid=63 novel= 3 | C2 uniq= 3 | C3 draws=  396 comp=  4 uniq=  4 novel=  2 pruned=   0 bt=317 cap= 3 | C4 pool=  6 got= 3 short=0 | 3.2s
[1690] size=17 budget=  512 C1 valid=64 novel= 0 | C2 uniq= 2 | C3 draws=  512 comp=  2 uniq=  2 novel=  0 pruned=   0 bt=442 cap= 5 | C4 pool=  2 got= 2 short=0 | 4.1s
[1691] size=11 budget=  286 C1 valid=63 novel= 0 | C2 uniq= 2 | C3 draws=  286 comp=  2 uniq=  2 novel=  0 pruned=   0 bt=243 cap= 3 | C4 pool=  2 got= 2 short=0 | 2.3s
[1692] size=19 budget= 1023 C1 valid=61 novel=26 | C2 uniq=33 | C3 draws= 1023 comp= 28 uniq= 28 novel= 13 pruned=   0 bt=370 cap= 5 | C4 pool=400 got=33 short=0 | 10.0s
[1693] size=17 budget=  256 C1 valid=64 novel= 0 | C2 uniq= 1 | C3 draws=  256 comp=  1 uniq=  1 novel=  0 pruned=   0 bt=218 cap= 3 | C4 pool=  1 got= 1 short=0 | 2.1s
[1694] size=17 budget= 1185 C1 valid=63 novel=63 | C2 uniq= 3 | C3 draws= 1185 comp=  3 uniq=  3 novel=  3 pruned=   0 bt=853 cap=14 | C4 pool=  6 got= 3 short=0 | 10.9s
[1695] size=11 budget=  384 C1 valid=64 novel= 0 | C2 uniq= 1 | C3 draws=  384 comp=  1 uniq=  1 novel=  0 pruned=   0 bt=337 cap= 4 | C4 pool=  1 got= 1 short=0 | 3.1s
[1696] size=17 budget=  631 C1 valid=64 novel=15 | C2 uniq= 7 | C3 draws=  631 comp=  9 uniq=  9 novel=  7 pruned=   0 bt=408 cap= 5 | C4 pool=  9 got= 7 short=0 | 5.1s
[1697] size= 9 budget=  368 C1 valid=64 novel= 0 | C2 uniq= 5 | C3 draws=  368 comp=  4 uniq=  4 novel=  0 pruned=   0 bt=304 cap= 4 | C4 pool=  6 got= 5 short=0 | 2.9s
[1698] size=11 budget=  384 C1 valid=64 novel= 0 | C2 uniq= 1 | C3 draws=  384 comp=  1 uniq=  1 novel=  0 pruned=   0 bt=337 cap= 4 | C4 pool=  1 got= 1 short=0 | 3.1s
[1699] size=13 budget=  448 C1 valid=63 novel= 0 | C2 uniq= 1 | C3 draws=  448 comp=  1 uniq=  1 novel=  0 pruned=   0 bt=387 cap= 5 | C4 pool=  1 got= 1 short=0 | 3.5s
[1700] size=17 budget=  569 C1 valid=64 novel=20 | C2 uniq=12 | C3 draws=  569 comp=  5 uniq=  5 novel=  2 pruned=   0 bt=453 cap= 6 | C4 pool= 30 got=12 short=0 | 4.5s
[1701] size=17 budget=  356 C1 valid=60 novel= 0 | C2 uniq= 1 | C3 draws=  356 comp=  1 uniq=  1 novel=  0 pruned=   0 bt=301 cap= 4 | C4 pool=  1 got= 1 short=0 | 3.0s
[1702] size=15 budget=  538 C1 valid=61 novel=22 | C2 uniq= 7 | C3 draws=  538 comp=  4 uniq=  4 novel=  2 pruned=   0 bt=421 cap= 6 | C4 pool=  9 got= 7 short=0 | 4.6s
[1703] size=15 budget=  630 C1 valid=60 novel=24 | C2 uniq=22 | C3 draws=  630 comp= 14 uniq= 14 novel=  7 pruned=   0 bt=414 cap= 6 | C4 pool=400 got=22 short=0 | 5.1s
[1704] size=15 budget=  256 C1 valid=64 novel= 0 | C2 uniq= 1 | C3 draws=  256 comp=  1 uniq=  1 novel=  0 pruned=   0 bt=219 cap= 3 | C4 pool=  1 got= 1 short=0 | 2.1s
[1705] size= 9 budget=  782 C1 valid=63 novel=37 | C2 uniq=19 | C3 draws=  782 comp= 32 uniq= 32 novel= 28 pruned=   0 bt=248 cap= 3 | C4 pool=400 got=19 short=0 | 5.6s
[1706] size=17 budget=  256 C1 valid=64 novel= 0 | C2 uniq= 1 | C3 draws=  256 comp=  1 uniq=  1 novel=  0 pruned=   0 bt=218 cap= 3 | C4 pool=  1 got= 1 short=0 | 2.1s
[1707] size=19 budget=  694 C1 valid=63 novel=35 | C2 uniq=33 | C3 draws=  694 comp= 34 uniq= 34 novel= 23 pruned=   0 bt=202 cap= 2 | C4 pool=400 got=33 short=0 | 4.9s
[1708] size=17 budget=  807 C1 valid=62 novel=38 | C2 uniq=29 | C3 draws=  807 comp= 43 uniq= 43 novel= 41 pruned=   0 bt=126 cap= 0 | C4 pool=400 got=29 short=0 | 5.4s
[1709] size=15 budget=  384 C1 valid=64 novel= 0 | C2 uniq= 1 | C3 draws=  384 comp=  1 uniq=  1 novel=  0 pruned=   0 bt=338 cap= 4 | C4 pool=  1 got= 1 short=0 | 3.1s
[1710] size=17 budget=  514 C1 valid=63 novel= 0 | C2 uniq= 2 | C3 draws=  514 comp=  2 uniq=  2 novel=  0 pruned=   0 bt=418 cap= 6 | C4 pool=  2 got= 2 short=0 | 4.3s
[1711] size=11 budget=  917 C1 valid=60 novel=45 | C2 uniq=25 | C3 draws=  917 comp= 21 uniq= 21 novel= 19 pruned=   0 bt=461 cap= 6 | C4 pool=400 got=25 short=0 | 6.9s
[1712] size= 9 budget=  320 C1 valid=64 novel= 0 | C2 uniq= 1 | C3 draws=  320 comp=  1 uniq=  1 novel=  0 pruned=   0 bt=279 cap= 3 | C4 pool=  1 got= 1 short=0 | 2.6s
[1713] size=17 budget=  436 C1 valid=64 novel= 0 | C2 uniq= 2 | C3 draws=  436 comp=  2 uniq=  2 novel=  0 pruned=   0 bt=371 cap= 5 | C4 pool=  2 got= 2 short=0 | 3.5s
[1714] size=15 budget=  729 C1 valid=64 novel=64 | C2 uniq= 2 | C3 draws=  729 comp=  2 uniq=  2 novel=  2 pruned=   0 bt=586 cap= 8 | C4 pool=  2 got= 2 short=0 | 6.5s
[1715] size=15 budget=  462 C1 valid=64 novel= 6 | C2 uniq=11 | C3 draws=  462 comp=  9 uniq=  9 novel=  2 pruned=   0 bt=359 cap= 3 | C4 pool= 13 got=11 short=0 | 3.6s
[1716] size=15 budget=  384 C1 valid=64 novel= 0 | C2 uniq= 1 | C3 draws=  384 comp=  1 uniq=  1 novel=  0 pruned=   0 bt=338 cap= 4 | C4 pool=  2 got= 1 short=0 | 3.1s
[1717] size=11 budget=  384 C1 valid=64 novel= 0 | C2 uniq= 1 | C3 draws=  384 comp=  1 uniq=  1 novel=  0 pruned=   0 bt=336 cap= 4 | C4 pool=  1 got= 1 short=0 | 3.1s
[1718] size=13 budget=  607 C1 valid=62 novel=20 | C2 uniq=22 | C3 draws=  607 comp=  8 uniq=  8 novel=  3 pruned=   0 bt=468 cap= 6 | C4 pool=400 got=22 short=0 | 4.8s
[1719] size= 9 budget=  320 C1 valid=64 novel= 0 | C2 uniq= 1 | C3 draws=  320 comp=  1 uniq=  1 novel=  0 pruned=   0 bt=279 cap= 3 | C4 pool=  2 got= 1 short=0 | 2.6s
[1720] size=13 budget=  553 C1 valid=64 novel= 0 | C2 uniq= 3 | C3 draws=  553 comp=  3 uniq=  3 novel=  0 pruned=   0 bt=449 cap= 6 | C4 pool=  3 got= 3 short=0 | 4.6s
[1721] size=13 budget= 1107 C1 valid=58 novel=56 | C2 uniq=47 | C3 draws= 1107 comp= 40 uniq= 40 novel= 40 pruned=   0 bt=344 cap= 5 | C4 pool=400 got=47 short=0 | 8.1s
[1722] size=13 budget=  479 C1 valid=60 novel=18 | C2 uniq= 3 | C3 draws=  479 comp=  3 uniq=  3 novel=  1 pruned=   0 bt=397 cap= 5 | C4 pool=  3 got= 3 short=0 | 3.9s
[1723] size=15 budget= 1871 C1 valid= 4 novel= 4 | C2 uniq= 4 | C3 draws= 1871 comp= 20 uniq= 20 novel= 20 pruned=   0 bt=961 cap=15 | C4 pool=400 got= 4 short=0 | 16.7s
[1724] size=17 budget=  512 C1 valid=62 novel=62 | C2 uniq= 1 | C3 draws=  512 comp=  1 uniq=  1 novel=  1 pruned=   0 bt=441 cap= 6 | C4 pool=  1 got= 1 short=0 | 4.1s
[1725] size=17 budget=  652 C1 valid=60 novel= 9 | C2 uniq=13 | C3 draws=  652 comp=  3 uniq=  3 novel=  1 pruned=   0 bt=544 cap= 7 | C4 pool=400 got=13 short=0 | 6.0s
[1726] size= 9 budget=  314 C1 valid=64 novel= 0 | C2 uniq= 2 | C3 draws=  314 comp=  2 uniq=  2 novel=  0 pruned=   0 bt=269 cap= 3 | C4 pool=  4 got= 2 short=0 | 2.5s
[1727] size=11 budget=  555 C1 valid=57 novel=14 | C2 uniq= 5 | C3 draws=  555 comp=  4 uniq=  4 novel=  1 pruned=   0 bt=429 cap= 6 | C4 pool=  6 got= 5 short=0 | 4.6s
[1728] size=13 budget=  320 C1 valid=64 novel= 0 | C2 uniq= 1 | C3 draws=  320 comp=  1 uniq=  1 novel=  0 pruned=   0 bt=279 cap= 3 | C4 pool=  1 got= 1 short=0 | 2.5s
[1729] size=13 budget=  465 C1 valid=63 novel=12 | C2 uniq=11 | C3 draws=  465 comp=  4 uniq=  4 novel=  2 pruned=   0 bt=374 cap= 5 | C4 pool=194 got=11 short=0 | 3.8s
[1730] size=15 budget=  491 C1 valid=64 novel= 7 | C2 uniq= 3 | C3 draws=  491 comp=  3 uniq=  3 novel=  1 pruned=   0 bt=419 cap= 5 | C4 pool=  3 got= 3 short=0 | 3.9s
[1731] size=15 budget=  619 C1 valid=64 novel=21 | C2 uniq=24 | C3 draws=  619 comp=  4 uniq=  4 novel=  3 pruned=   0 bt=497 cap= 7 | C4 pool=400 got=24 short=0 | 5.1s
[1732] size=11 budget=  396 C1 valid=64 novel= 0 | C2 uniq= 5 | C3 draws=  396 comp=  5 uniq=  5 novel=  0 pruned=   0 bt=321 cap= 4 | C4 pool=  5 got= 5 short=0 | 3.1s
[1733] size=13 budget=  754 C1 valid=63 novel=41 | C2 uniq=15 | C3 draws=  754 comp= 10 uniq= 10 novel=  8 pruned=   0 bt=513 cap= 7 | C4 pool=325 got=15 short=0 | 6.4s
[1734] size=19 budget=  688 C1 valid=60 novel=25 | C2 uniq=18 | C3 draws=  688 comp= 12 uniq= 12 novel=  7 pruned=   0 bt=447 cap= 6 | C4 pool=325 got=18 short=0 | 5.6s
[1735] size=17 budget=  709 C1 valid=22 novel=22 | C2 uniq= 2 | C3 draws=  709 comp=  2 uniq=  2 novel=  2 pruned=   0 bt=588 cap= 8 | C4 pool=  2 got= 2 short=0 | 5.9s
[1736] size=17 budget=  384 C1 valid=64 novel= 0 | C2 uniq= 1 | C3 draws=  384 comp=  1 uniq=  1 novel=  0 pruned=   0 bt=334 cap= 4 | C4 pool=  1 got= 1 short=0 | 3.1s
[1737] size=15 budget=  446 C1 valid=63 novel= 0 | C2 uniq= 1 | C3 draws=  446 comp=  1 uniq=  1 novel=  0 pruned=   0 bt=390 cap= 5 | C4 pool=  1 got= 1 short=0 | 3.6s
[1738] size=15 budget=  473 C1 valid=64 novel=24 | C2 uniq= 4 | C3 draws=  473 comp=  4 uniq=  4 novel=  2 pruned=   0 bt=376 cap= 5 | C4 pool=  7 got= 4 short=0 | 3.9s
[1739] size=19 budget=  880 C1 valid=64 novel=64 | C2 uniq= 3 | C3 draws=  880 comp=  6 uniq=  6 novel=  6 pruned=   0 bt=613 cap=10 | C4 pool= 12 got= 3 short=0 | 7.8s
[1740] size= 9 budget=  384 C1 valid=64 novel= 0 | C2 uniq= 1 | C3 draws=  384 comp=  1 uniq=  1 novel=  0 pruned=   0 bt=333 cap= 4 | C4 pool=  1 got= 1 short=0 | 3.1s
[1741] size=13 budget= 1271 C1 valid=42 novel=34 | C2 uniq=34 | C3 draws= 1271 comp= 38 uniq= 38 novel= 36 pruned=   0 bt=326 cap= 5 | C4 pool=400 got=34 short=0 | 10.0s
[1742] size= 9 budget=  832 C1 valid=64 novel= 0 | C2 uniq= 1 | C3 draws=  832 comp=  1 uniq=  1 novel=  0 pruned=   0 bt=662 cap= 9 | C4 pool=  1 got= 1 short=0 | 7.4s
[1743] size=15 budget=  725 C1 valid=63 novel=29 | C2 uniq= 9 | C3 draws=  725 comp=  6 uniq=  6 novel=  4 pruned=   0 bt=531 cap= 8 | C4 pool= 25 got= 9 short=0 | 6.1s
[1744] size=19 budget=  629 C1 valid=62 novel=28 | C2 uniq= 2 | C3 draws=  629 comp=  2 uniq=  2 novel=  1 pruned=   0 bt=505 cap= 8 | C4 pool=  2 got= 2 short=0 | 5.3s
[1745] size=11 budget=  618 C1 valid=64 novel=64 | C2 uniq= 3 | C3 draws=  618 comp=  6 uniq=  6 novel=  5 pruned=   0 bt=461 cap= 6 | C4 pool= 12 got= 3 short=0 | 5.2s
[1746] size=15 budget=  655 C1 valid=36 novel= 0 | C2 uniq= 3 | C3 draws=  655 comp=  3 uniq=  3 novel=  0 pruned=   0 bt=560 cap= 8 | C4 pool=  3 got= 3 short=0 | 5.4s
[1747] size=17 budget=  805 C1 valid=63 novel=63 | C2 uniq= 2 | C3 draws=  805 comp=  2 uniq=  2 novel=  2 pruned=   0 bt=631 cap=10 | C4 pool=  2 got= 2 short=0 | 7.0s
[1748] size=19 budget=  384 C1 valid=64 novel= 0 | C2 uniq= 1 | C3 draws=  384 comp=  1 uniq=  1 novel=  0 pruned=   0 bt=335 cap= 5 | C4 pool=  1 got= 1 short=0 | 3.1s
[1749] size=17 budget= 1030 C1 valid=63 novel=44 | C2 uniq=18 | C3 draws= 1030 comp= 23 uniq= 23 novel= 21 pruned=   0 bt=471 cap= 6 | C4 pool=400 got=18 short=0 | 8.4s
[1750] size=19 budget=  719 C1 valid=62 novel=29 | C2 uniq=23 | C3 draws=  719 comp= 14 uniq= 14 novel=  9 pruned=   0 bt=469 cap= 7 | C4 pool=400 got=23 short=0 | 5.7s
[1751] size=15 budget=  669 C1 valid=55 novel=39 | C2 uniq= 8 | C3 draws=  669 comp=  5 uniq=  5 novel=  4 pruned=   0 bt=518 cap= 7 | C4 pool= 12 got= 8 short=0 | 5.6s
[1752] size=15 budget=  512 C1 valid=64 novel=14 | C2 uniq=16 | C3 draws=  512 comp= 16 uniq= 16 novel= 13 pruned=   0 bt=211 cap= 3 | C4 pool=400 got=16 short=0 | 3.9s
[1753] size= 9 budget=  384 C1 valid=63 novel= 0 | C2 uniq= 1 | C3 draws=  384 comp=  1 uniq=  1 novel=  0 pruned=   0 bt=333 cap= 4 | C4 pool=  1 got= 1 short=0 | 3.1s
[1754] size=13 budget=  977 C1 valid=28 novel=28 | C2 uniq= 6 | C3 draws=  977 comp= 28 uniq= 28 novel= 28 pruned=   0 bt=407 cap= 1 | C4 pool= 37 got= 6 short=0 | 7.5s
[1755] size=17 budget= 1430 C1 valid=59 novel=55 | C2 uniq=35 | C3 draws= 1430 comp= 29 uniq= 29 novel= 28 pruned=   0 bt=583 cap= 7 | C4 pool=400 got=35 short=0 | 12.0s
[1756] size= 9 budget=  320 C1 valid=64 novel= 0 | C2 uniq= 1 | C3 draws=  320 comp=  1 uniq=  1 novel=  0 pruned=   0 bt=279 cap= 3 | C4 pool=  1 got= 1 short=0 | 2.6s
[1757] size=19 budget=  320 C1 valid=64 novel= 0 | C2 uniq= 1 | C3 draws=  320 comp=  1 uniq=  1 novel=  0 pruned=   0 bt=274 cap= 4 | C4 pool=  1 got= 1 short=0 | 2.6s
[1758] size=11 budget=  768 C1 valid=63 novel=15 | C2 uniq=22 | C3 draws=  768 comp=  7 uniq=  7 novel=  5 pruned=   0 bt=568 cap= 7 | C4 pool=400 got=22 short=0 | 7.2s
[1759] size=11 budget=  377 C1 valid=64 novel= 0 | C2 uniq= 5 | C3 draws=  377 comp=  4 uniq=  4 novel=  0 pruned=   0 bt=311 cap= 4 | C4 pool=  5 got= 5 short=0 | 3.0s
[1760] size= 7 budget= 1290 C1 valid=37 novel=37 | C2 uniq=33 | C3 draws= 1290 comp= 46 uniq= 46 novel= 46 pruned=   0 bt=304 cap= 4 | C4 pool=400 got=33 short=0 | 9.2s
[1761] size=15 budget=  391 C1 valid=63 novel= 1 | C2 uniq= 8 | C3 draws=  391 comp=  7 uniq=  7 novel=  1 pruned=   0 bt=304 cap= 4 | C4 pool= 10 got= 8 short=0 | 3.0s
[1762] size=13 budget=  320 C1 valid=64 novel= 0 | C2 uniq= 1 | C3 draws=  320 comp=  1 uniq=  1 novel=  0 pruned=   0 bt=279 cap= 3 | C4 pool=  1 got= 1 short=0 | 2.6s
[1763] size=13 budget=  640 C1 valid=63 novel=22 | C2 uniq=13 | C3 draws=  640 comp=  8 uniq=  8 novel=  5 pruned=   0 bt=469 cap= 6 | C4 pool= 29 got=13 short=0 | 5.0s
[1764] size=11 budget=  448 C1 valid=64 novel= 0 | C2 uniq= 1 | C3 draws=  448 comp=  1 uniq=  1 novel=  0 pruned=   0 bt=393 cap= 5 | C4 pool=  1 got= 1 short=0 | 3.6s
[1765] size=19 budget=  820 C1 valid=58 novel=44 | C2 uniq=11 | C3 draws=  820 comp=  7 uniq=  7 novel=  4 pruned=   0 bt=592 cap= 9 | C4 pool=400 got=11 short=0 | 7.3s
[1766] size=13 budget=  483 C1 valid=64 novel=10 | C2 uniq= 4 | C3 draws=  483 comp=  4 uniq=  4 novel=  1 pruned=   0 bt=399 cap= 5 | C4 pool=  4 got= 4 short=0 | 3.8s
[1767] size=15 budget=  889 C1 valid=62 novel=41 | C2 uniq=32 | C3 draws=  889 comp= 22 uniq= 22 novel= 19 pruned=   0 bt=432 cap= 6 | C4 pool=400 got=32 short=0 | 6.9s
[1768] size=19 budget=  384 C1 valid=64 novel= 0 | C2 uniq= 1 | C3 draws=  384 comp=  1 uniq=  1 novel=  0 pruned=   0 bt=335 cap= 5 | C4 pool=  1 got= 1 short=0 | 3.1s
[1769] size=19 budget=  523 C1 valid=64 novel=25 | C2 uniq= 3 | C3 draws=  523 comp=  3 uniq=  3 novel=  1 pruned=   0 bt=429 cap= 6 | C4 pool=  3 got= 3 short=0 | 4.3s
[1770] size=11 budget=  320 C1 valid=64 novel= 0 | C2 uniq= 1 | C3 draws=  320 comp=  1 uniq=  1 novel=  0 pruned=   0 bt=283 cap= 3 | C4 pool=  1 got= 1 short=0 | 2.6s
[1771] size=15 budget=  486 C1 valid=64 novel= 0 | C2 uniq= 2 | C3 draws=  486 comp=  2 uniq=  2 novel=  0 pruned=   0 bt=422 cap= 5 | C4 pool=  2 got= 2 short=0 | 3.9s
[1772] size= 7 budget=  652 C1 valid=64 novel=26 | C2 uniq=28 | C3 draws=  652 comp= 46 uniq= 46 novel= 37 pruned=   0 bt= 36 cap= 0 | C4 pool=400 got=28 short=0 | 4.0s
[1773] size= 9 budget=  384 C1 valid=64 novel= 0 | C2 uniq= 2 | C3 draws=  384 comp=  2 uniq=  2 novel=  0 pruned=   0 bt=327 cap= 4 | C4 pool=  4 got= 2 short=0 | 3.1s
[1774] size=13 budget=  574 C1 valid=60 novel=11 | C2 uniq= 8 | C3 draws=  574 comp=  4 uniq=  4 novel=  1 pruned=   0 bt=468 cap= 6 | C4 pool= 31 got= 8 short=0 | 4.5s
[1775] size=13 budget=  384 C1 valid=63 novel= 0 | C2 uniq= 3 | C3 draws=  384 comp=  3 uniq=  3 novel=  0 pruned=   0 bt=321 cap= 4 | C4 pool=  3 got= 3 short=0 | 3.1s
[1776] size= 9 budget= 1132 C1 valid=58 novel=51 | C2 uniq=49 | C3 draws= 1132 comp= 56 uniq= 56 novel= 50 pruned=   0 bt=138 cap= 2 | C4 pool=400 got=49 short=0 | 7.8s
[1777] size=13 budget=  548 C1 valid=61 novel=14 | C2 uniq=17 | C3 draws=  548 comp= 24 uniq= 24 novel= 15 pruned=   0 bt=129 cap= 1 | C4 pool=400 got=17 short=0 | 4.0s
[1778] size=17 budget=  922 C1 valid=59 novel=59 | C2 uniq=30 | C3 draws=  922 comp= 29 uniq= 29 novel= 29 pruned=   0 bt=403 cap= 2 | C4 pool=400 got=30 short=0 | 7.1s
[1779] size=13 budget= 1967 C1 valid=51 novel=51 | C2 uniq=49 | C3 draws= 1967 comp= 63 uniq= 63 novel= 63 pruned=   0 bt= 13 cap= 0 | C4 pool=400 got=49 short=0 | 14.7s
[1780] size=15 budget=  771 C1 valid=64 novel=41 | C2 uniq=10 | C3 draws=  771 comp=  5 uniq=  5 novel=  4 pruned=   0 bt=584 cap= 8 | C4 pool=112 got=10 short=0 | 6.6s
[1781] size=19 budget=  320 C1 valid=64 novel= 0 | C2 uniq= 1 | C3 draws=  320 comp=  1 uniq=  1 novel=  0 pruned=   0 bt=274 cap= 4 | C4 pool=  1 got= 1 short=0 | 2.6s
[1782] size=11 budget=  406 C1 valid=64 novel= 0 | C2 uniq= 3 | C3 draws=  406 comp=  3 uniq=  3 novel=  0 pruned=   0 bt=345 cap= 4 | C4 pool=  3 got= 3 short=0 | 3.2s
[1783] size=19 budget=  556 C1 valid=63 novel=17 | C2 uniq= 4 | C3 draws=  556 comp=  4 uniq=  4 novel=  2 pruned=   0 bt=456 cap= 6 | C4 pool=  4 got= 4 short=0 | 4.4s
[1784] size=11 budget=  512 C1 valid=64 novel=64 | C2 uniq= 2 | C3 draws=  512 comp=  2 uniq=  2 novel=  2 pruned=   0 bt=436 cap= 5 | C4 pool=  2 got= 2 short=0 | 4.3s
[1785] size=17 budget=  320 C1 valid=64 novel= 0 | C2 uniq= 1 | C3 draws=  320 comp=  1 uniq=  1 novel=  0 pruned=   0 bt=273 cap= 4 | C4 pool=  1 got= 1 short=0 | 2.6s
[1786] size=15 budget=  384 C1 valid=64 novel= 0 | C2 uniq= 1 | C3 draws=  384 comp=  1 uniq=  1 novel=  0 pruned=   0 bt=338 cap= 4 | C4 pool=  1 got= 1 short=0 | 3.1s
[1787] size= 9 budget=  256 C1 valid=64 novel= 0 | C2 uniq= 1 | C3 draws=  256 comp=  1 uniq=  1 novel=  0 pruned=   0 bt=225 cap= 2 | C4 pool=  1 got= 1 short=0 | 2.1s
[1788] size=11 budget=  576 C1 valid=63 novel=28 | C2 uniq= 2 | C3 draws=  576 comp=  2 uniq=  2 novel=  1 pruned=   0 bt=481 cap= 6 | C4 pool=  2 got= 2 short=0 | 4.8s
[1789] size=13 budget=  711 C1 valid=52 novel=12 | C2 uniq=12 | C3 draws=  711 comp=  5 uniq=  5 novel=  1 pruned=   0 bt=551 cap= 7 | C4 pool=254 got=12 short=0 | 6.0s
[1790] size=15 budget=  981 C1 valid=58 novel=58 | C2 uniq=10 | C3 draws=  981 comp= 34 uniq= 34 novel= 34 pruned=   0 bt=166 cap= 0 | C4 pool=400 got=10 short=0 | 7.5s
[1791] size=13 budget=  537 C1 valid=63 novel=19 | C2 uniq= 2 | C3 draws=  537 comp=  2 uniq=  2 novel=  1 pruned=   0 bt=436 cap= 6 | C4 pool=  2 got= 2 short=0 | 4.5s
[1792] size=13 budget= 1425 C1 valid=62 novel=62 | C2 uniq=49 | C3 draws= 1425 comp= 58 uniq= 58 novel= 58 pruned=   0 bt=104 cap= 0 | C4 pool=400 got=49 short=0 | 9.8s
[1793] size= 9 budget=  558 C1 valid=64 novel= 0 | C2 uniq= 2 | C3 draws=  558 comp=  2 uniq=  2 novel=  0 pruned=   0 bt=473 cap= 6 | C4 pool=  2 got= 2 short=0 | 4.5s
[1794] size=15 budget=  320 C1 valid=64 novel= 0 | C2 uniq= 1 | C3 draws=  320 comp=  1 uniq=  1 novel=  0 pruned=   0 bt=282 cap= 3 | C4 pool=  1 got= 1 short=0 | 2.6s
[1795] size=19 budget=  611 C1 valid=52 novel=17 | C2 uniq= 6 | C3 draws=  611 comp=  4 uniq=  4 novel=  1 pruned=   0 bt=503 cap= 7 | C4 pool= 11 got= 6 short=0 | 5.0s
[1796] size= 9 budget=  384 C1 valid=64 novel= 0 | C2 uniq= 1 | C3 draws=  384 comp=  1 uniq=  1 novel=  0 pruned=   0 bt=333 cap= 4 | C4 pool=  1 got= 1 short=0 | 3.1s
[1797] size=11 budget=  384 C1 valid=64 novel= 0 | C2 uniq= 1 | C3 draws=  384 comp=  1 uniq=  1 novel=  0 pruned=   0 bt=337 cap= 4 | C4 pool=  1 got= 1 short=0 | 3.1s
[1798] size=11 budget=  320 C1 valid=64 novel= 0 | C2 uniq= 1 | C3 draws=  320 comp=  1 uniq=  1 novel=  0 pruned=   0 bt=283 cap= 3 | C4 pool=  1 got= 1 short=0 | 2.6s
[1799] size= 9 budget=  715 C1 valid=63 novel=20 | C2 uniq=13 | C3 draws=  715 comp= 11 uniq= 11 novel=  7 pruned=   0 bt=463 cap= 6 | C4 pool= 87 got=13 short=0 | 5.8s
[1800] size=19 budget=  556 C1 valid=62 novel=29 | C2 uniq= 5 | C3 draws=  556 comp=  3 uniq=  3 novel=  1 pruned=   0 bt=435 cap= 7 | C4 pool= 10 got= 5 short=0 | 4.7s
[1801] size=11 budget=  349 C1 valid=64 novel= 0 | C2 uniq= 2 | C3 draws=  349 comp=  2 uniq=  2 novel=  0 pruned=   0 bt=301 cap= 4 | C4 pool=  2 got= 2 short=0 | 2.8s
[1802] size=19 budget=  384 C1 valid=64 novel= 0 | C2 uniq= 1 | C3 draws=  384 comp=  1 uniq=  1 novel=  0 pruned=   0 bt=335 cap= 5 | C4 pool=  1 got= 1 short=0 | 3.1s
[1803] size=15 budget=  707 C1 valid=63 novel=30 | C2 uniq= 3 | C3 draws=  707 comp=  3 uniq=  3 novel=  2 pruned=   0 bt=567 cap= 8 | C4 pool=  4 got= 3 short=0 | 6.0s
[1804] size=13 budget=  606 C1 valid=64 novel=11 | C2 uniq=10 | C3 draws=  606 comp=  9 uniq=  9 novel=  2 pruned=   0 bt=442 cap= 6 | C4 pool= 10 got=10 short=0 | 4.8s
[1805] size=11 budget=  512 C1 valid=64 novel= 0 | C2 uniq= 1 | C3 draws=  512 comp=  1 uniq=  1 novel=  0 pruned=   0 bt=432 cap= 6 | C4 pool=  1 got= 1 short=0 | 4.2s
[1806] size=11 budget=  384 C1 valid=64 novel= 0 | C2 uniq= 1 | C3 draws=  384 comp=  1 uniq=  1 novel=  0 pruned=   0 bt=337 cap= 4 | C4 pool=  1 got= 1 short=0 | 3.1s
[1807] size=13 budget=  736 C1 valid=63 novel=30 | C2 uniq= 3 | C3 draws=  736 comp=  3 uniq=  3 novel=  2 pruned=   0 bt=584 cap= 8 | C4 pool=  3 got= 3 short=0 | 6.1s
[1808] size=15 budget= 1337 C1 valid=63 novel=58 | C2 uniq=23 | C3 draws= 1337 comp= 28 uniq= 28 novel= 27 pruned=   0 bt=560 cap= 5 | C4 pool=400 got=23 short=0 | 11.3s
[1809] size=15 budget=  492 C1 valid=64 novel= 0 | C2 uniq= 3 | C3 draws=  492 comp=  3 uniq=  3 novel=  0 pruned=   0 bt=422 cap= 5 | C4 pool=  3 got= 3 short=0 | 3.9s
[1810] size=19 budget=  499 C1 valid=64 novel= 6 | C2 uniq= 8 | C3 draws=  499 comp=  4 uniq=  4 novel=  0 pruned=   0 bt=393 cap= 6 | C4 pool=  8 got= 8 short=0 | 4.1s
[1811] size=15 budget= 1056 C1 valid=24 novel=23 | C2 uniq= 4 | C3 draws= 1056 comp=  6 uniq=  6 novel=  5 pruned=   0 bt=742 cap=11 | C4 pool=  9 got= 4 short=0 | 9.5s
[1812] size=19 budget=  384 C1 valid=64 novel= 0 | C2 uniq= 1 | C3 draws=  384 comp=  1 uniq=  1 novel=  0 pruned=   0 bt=335 cap= 5 | C4 pool=  1 got= 1 short=0 | 3.1s
[1813] size=13 budget=  448 C1 valid=64 novel= 0 | C2 uniq= 3 | C3 draws=  448 comp=  3 uniq=  3 novel=  0 pruned=   0 bt=375 cap= 5 | C4 pool=  3 got= 3 short=0 | 3.5s
[1814] size= 9 budget=  320 C1 valid=64 novel= 0 | C2 uniq= 1 | C3 draws=  320 comp=  1 uniq=  1 novel=  0 pruned=   0 bt=279 cap= 3 | C4 pool=  1 got= 1 short=0 | 2.6s
[1815] size=17 budget= 1061 C1 valid=44 novel=32 | C2 uniq= 4 | C3 draws= 1061 comp=  6 uniq=  6 novel=  5 pruned=   0 bt=774 cap=10 | C4 pool= 17 got= 4 short=0 | 9.4s
[1816] size= 9 budget=  518 C1 valid=63 novel= 0 | C2 uniq= 1 | C3 draws=  518 comp=  1 uniq=  1 novel=  0 pruned=   0 bt=438 cap= 5 | C4 pool=  1 got= 1 short=0 | 4.5s
[1817] size=13 budget=  320 C1 valid=64 novel= 0 | C2 uniq= 1 | C3 draws=  320 comp=  1 uniq=  1 novel=  0 pruned=   0 bt=279 cap= 3 | C4 pool=  1 got= 1 short=0 | 2.6s
[1818] size= 9 budget=  420 C1 valid=64 novel= 0 | C2 uniq= 3 | C3 draws=  420 comp=  2 uniq=  2 novel=  0 pruned=   0 bt=359 cap= 4 | C4 pool=  3 got= 3 short=0 | 3.4s
[1819] size=13 budget=  794 C1 valid=59 novel=57 | C2 uniq=13 | C3 draws=  794 comp=  8 uniq=  8 novel=  7 pruned=   0 bt=581 cap= 8 | C4 pool=235 got=13 short=0 | 6.8s
[1820] size=15 budget=  427 C1 valid=64 novel=11 | C2 uniq= 5 | C3 draws=  427 comp=  4 uniq=  4 novel=  2 pruned=   0 bt=351 cap= 4 | C4 pool=  5 got= 5 short=0 | 3.4s
[1821] size= 9 budget=  473 C1 valid=63 novel= 0 | C2 uniq= 3 | C3 draws=  473 comp=  3 uniq=  3 novel=  0 pruned=   0 bt=375 cap= 5 | C4 pool=  4 got= 3 short=0 | 4.0s
[1822] size= 9 budget=  384 C1 valid=64 novel= 0 | C2 uniq= 1 | C3 draws=  384 comp=  1 uniq=  1 novel=  0 pruned=   0 bt=333 cap= 4 | C4 pool=  1 got= 1 short=0 | 3.1s
[1823] size=15 budget=  384 C1 valid=64 novel= 0 | C2 uniq= 1 | C3 draws=  384 comp=  1 uniq=  1 novel=  0 pruned=   0 bt=338 cap= 4 | C4 pool=  1 got= 1 short=0 | 3.1s
[1824] size=17 budget= 1015 C1 valid=49 novel=21 | C2 uniq=26 | C3 draws= 1015 comp= 24 uniq= 24 novel= 20 pruned=   0 bt=426 cap= 6 | C4 pool=400 got=26 short=0 | 7.9s
[1825] size=13 budget=  727 C1 valid=64 novel=43 | C2 uniq= 2 | C3 draws=  727 comp=  2 uniq=  2 novel=  1 pruned=   0 bt=558 cap= 8 | C4 pool=  2 got= 2 short=0 | 6.5s
[1826] size=15 budget=  701 C1 valid=63 novel=46 | C2 uniq=10 | C3 draws=  701 comp=  7 uniq=  7 novel=  6 pruned=   0 bt=520 cap= 6 | C4 pool=400 got=10 short=0 | 5.9s
[1827] size=17 budget=  454 C1 valid=61 novel= 0 | C2 uniq= 1 | C3 draws=  454 comp=  1 uniq=  1 novel=  0 pruned=   0 bt=394 cap= 5 | C4 pool=  1 got= 1 short=0 | 3.7s
[1828] size=17 budget=  713 C1 valid=28 novel=12 | C2 uniq= 5 | C3 draws=  713 comp=  4 uniq=  4 novel=  3 pruned=   0 bt=581 cap= 8 | C4 pool= 89 got= 5 short=0 | 5.9s
[1829] size=19 budget=  500 C1 valid=64 novel= 2 | C2 uniq= 6 | C3 draws=  500 comp=  5 uniq=  5 novel=  1 pruned=   0 bt=403 cap= 6 | C4 pool=  6 got= 6 short=0 | 3.9s
[1830] size=11 budget=  587 C1 valid=63 novel=18 | C2 uniq=17 | C3 draws=  587 comp=  6 uniq=  6 novel=  3 pruned=   0 bt=458 cap= 6 | C4 pool= 89 got=17 short=0 | 4.7s
[1831] size=17 budget=  384 C1 valid=64 novel= 0 | C2 uniq= 1 | C3 draws=  384 comp=  1 uniq=  1 novel=  0 pruned=   0 bt=334 cap= 4 | C4 pool=  1 got= 1 short=0 | 3.1s
[1832] size=17 budget= 1164 C1 valid=51 novel=51 | C2 uniq= 4 | C3 draws= 1164 comp=  6 uniq=  6 novel=  6 pruned=   0 bt=819 cap=12 | C4 pool=171 got= 4 short=0 | 11.4s
[1833] size=11 budget=  256 C1 valid=64 novel= 0 | C2 uniq= 1 | C3 draws=  256 comp=  1 uniq=  1 novel=  0 pruned=   0 bt=225 cap= 3 | C4 pool=  1 got= 1 short=0 | 2.1s
[1834] size= 9 budget=  475 C1 valid=64 novel= 0 | C2 uniq= 2 | C3 draws=  475 comp=  2 uniq=  2 novel=  0 pruned=   0 bt=395 cap= 5 | C4 pool=  2 got= 2 short=0 | 4.0s
[1835] size=17 budget=  384 C1 valid=64 novel= 0 | C2 uniq= 1 | C3 draws=  384 comp=  1 uniq=  1 novel=  0 pruned=   0 bt=334 cap= 4 | C4 pool=  1 got= 1 short=0 | 3.1s
[1836] size=17 budget=  955 C1 valid=52 novel=48 | C2 uniq=36 | C3 draws=  955 comp= 33 uniq= 33 novel= 31 pruned=   0 bt=381 cap= 5 | C4 pool=400 got=36 short=0 | 7.1s
[1837] size=11 budget=  320 C1 valid=64 novel= 0 | C2 uniq= 1 | C3 draws=  320 comp=  1 uniq=  1 novel=  0 pruned=   0 bt=283 cap= 3 | C4 pool=  1 got= 1 short=0 | 2.6s
[1838] size=17 budget=  797 C1 valid=37 novel=37 | C2 uniq= 4 | C3 draws=  797 comp=  9 uniq=  9 novel=  9 pruned=   0 bt=518 cap= 7 | C4 pool= 26 got= 4 short=0 | 6.9s
[1839] size=15 budget=  409 C1 valid=63 novel=18 | C2 uniq= 5 | C3 draws=  409 comp=  3 uniq=  3 novel=  1 pruned=   0 bt=342 cap= 4 | C4 pool=  5 got= 5 short=0 | 3.3s
[1840] size=17 budget=  448 C1 valid=64 novel= 0 | C2 uniq= 1 | C3 draws=  448 comp=  1 uniq=  1 novel=  0 pruned=   0 bt=387 cap= 5 | C4 pool=  1 got= 1 short=0 | 3.6s
[1841] size=17 budget=  384 C1 valid=64 novel= 0 | C2 uniq= 1 | C3 draws=  384 comp=  1 uniq=  1 novel=  0 pruned=   0 bt=334 cap= 4 | C4 pool=  1 got= 1 short=0 | 3.1s
[1842] size=19 budget=  474 C1 valid=55 novel= 0 | C2 uniq= 3 | C3 draws=  474 comp=  3 uniq=  3 novel=  0 pruned=   0 bt=403 cap= 6 | C4 pool=  3 got= 3 short=0 | 3.8s
[1843] size=13 budget=  320 C1 valid=64 novel= 0 | C2 uniq= 1 | C3 draws=  320 comp=  1 uniq=  1 novel=  0 pruned=   0 bt=279 cap= 3 | C4 pool=  1 got= 1 short=0 | 2.6s
[1844] size=15 budget=  835 C1 valid=37 novel=25 | C2 uniq= 5 | C3 draws=  835 comp=  5 uniq=  5 novel=  4 pruned=   0 bt=643 cap= 9 | C4 pool=  6 got= 5 short=0 | 6.9s
[1845] size=13 budget= 1008 C1 valid=61 novel=39 | C2 uniq= 4 | C3 draws= 1008 comp=  2 uniq=  2 novel=  1 pruned=   0 bt=736 cap=12 | C4 pool=  3 got= 3 short=1 | 9.3s
[1846] size=15 budget= 1130 C1 valid=56 novel=56 | C2 uniq=33 | C3 draws= 1130 comp= 24 uniq= 24 novel= 24 pruned=   0 bt=540 cap= 8 | C4 pool=400 got=33 short=0 | 9.1s
[1847] size=17 budget=  320 C1 valid=64 novel= 0 | C2 uniq= 1 | C3 draws=  320 comp=  1 uniq=  1 novel=  0 pruned=   0 bt=273 cap= 4 | C4 pool=  1 got= 1 short=0 | 2.6s
[1848] size=17 budget=  726 C1 valid=39 novel=18 | C2 uniq=12 | C3 draws=  726 comp= 17 uniq= 17 novel= 14 pruned=   0 bt=373 cap= 4 | C4 pool=400 got=12 short=0 | 6.0s
[1849] size= 9 budget=  256 C1 valid=64 novel= 0 | C2 uniq= 1 | C3 draws=  256 comp=  1 uniq=  1 novel=  0 pruned=   0 bt=225 cap= 2 | C4 pool=  1 got= 1 short=0 | 2.1s
[1850] size=13 budget=  320 C1 valid=64 novel= 0 | C2 uniq= 1 | C3 draws=  320 comp=  1 uniq=  1 novel=  0 pruned=   0 bt=279 cap= 3 | C4 pool=  1 got= 1 short=0 | 2.6s
[1851] size=17 budget=  320 C1 valid=64 novel= 0 | C2 uniq= 1 | C3 draws=  320 comp=  1 uniq=  1 novel=  0 pruned=   0 bt=273 cap= 4 | C4 pool=  1 got= 1 short=0 | 2.6s
[1852] size= 9 budget=  320 C1 valid=64 novel= 0 | C2 uniq= 1 | C3 draws=  320 comp=  1 uniq=  1 novel=  0 pruned=   0 bt=279 cap= 3 | C4 pool=  1 got= 1 short=0 | 2.6s
[1853] size=19 budget=  448 C1 valid=64 novel= 0 | C2 uniq= 1 | C3 draws=  448 comp=  1 uniq=  1 novel=  0 pruned=   0 bt=393 cap= 5 | C4 pool=  1 got= 1 short=0 | 3.6s
[1854] size=11 budget= 1400 C1 valid=60 novel=58 | C2 uniq=51 | C3 draws= 1400 comp= 52 uniq= 52 novel= 51 pruned=   0 bt=176 cap= 2 | C4 pool=400 got=51 short=0 | 9.9s
[1855] size=17 budget=  576 C1 valid=64 novel= 0 | C2 uniq= 1 | C3 draws=  576 comp=  1 uniq=  1 novel=  0 pruned=   0 bt=487 cap= 7 | C4 pool=  4 got= 1 short=0 | 4.9s
[1856] size= 9 budget=  555 C1 valid=64 novel= 0 | C2 uniq= 3 | C3 draws=  555 comp=  3 uniq=  3 novel=  0 pruned=   0 bt=449 cap= 6 | C4 pool=  3 got= 3 short=0 | 4.7s
[1857] size=17 budget=  998 C1 valid=59 novel=59 | C2 uniq= 2 | C3 draws=  998 comp=  2 uniq=  2 novel=  2 pruned=   0 bt=781 cap=12 | C4 pool=  2 got= 2 short=0 | 8.9s
[1858] size=11 budget=  418 C1 valid=63 novel= 0 | C2 uniq= 2 | C3 draws=  418 comp=  2 uniq=  2 novel=  0 pruned=   0 bt=364 cap= 4 | C4 pool=  2 got= 2 short=0 | 3.4s
[1859] size=19 budget=  626 C1 valid=12 novel=12 | C2 uniq= 1 | C3 draws=  626 comp=  1 uniq=  1 novel=  1 pruned=   0 bt=523 cap= 8 | C4 pool=  1 got= 1 short=0 | 5.2s
[1860] size=11 budget=  881 C1 valid=52 novel=52 | C2 uniq= 4 | C3 draws=  881 comp= 24 uniq= 24 novel= 24 pruned=   0 bt=354 cap= 2 | C4 pool= 31 got= 4 short=0 | 6.7s
[1861] size= 9 budget=  387 C1 valid=63 novel= 0 | C2 uniq= 1 | C3 draws=  387 comp=  1 uniq=  1 novel=  0 pruned=   0 bt=336 cap= 4 | C4 pool=  1 got= 1 short=0 | 3.1s
[1862] size= 9 budget=  256 C1 valid=64 novel= 0 | C2 uniq= 1 | C3 draws=  256 comp=  1 uniq=  1 novel=  0 pruned=   0 bt=225 cap= 2 | C4 pool=  1 got= 1 short=0 | 2.1s
[1863] size=13 budget=  520 C1 valid=64 novel= 0 | C2 uniq= 3 | C3 draws=  520 comp=  3 uniq=  3 novel=  0 pruned=   0 bt=435 cap= 6 | C4 pool=  3 got= 3 short=0 | 4.1s
[1864] size=17 budget=  581 C1 valid=63 novel=63 | C2 uniq= 1 | C3 draws=  581 comp=  1 uniq=  1 novel=  1 pruned=   0 bt=460 cap= 7 | C4 pool=  1 got= 1 short=0 | 5.1s
[1865] size=15 budget=  320 C1 valid=64 novel= 0 | C2 uniq= 1 | C3 draws=  320 comp=  1 uniq=  1 novel=  0 pruned=   0 bt=282 cap= 3 | C4 pool=  1 got= 1 short=0 | 2.6s
[1866] size=11 budget=  412 C1 valid=64 novel= 0 | C2 uniq= 3 | C3 draws=  412 comp=  3 uniq=  3 novel=  0 pruned=   0 bt=349 cap= 4 | C4 pool=  3 got= 3 short=0 | 3.3s
[1867] size= 9 budget=  320 C1 valid=64 novel= 0 | C2 uniq= 1 | C3 draws=  320 comp=  1 uniq=  1 novel=  0 pruned=   0 bt=279 cap= 3 | C4 pool=  1 got= 1 short=0 | 2.6s
[1868] size= 9 budget=  552 C1 valid=64 novel= 3 | C2 uniq= 5 | C3 draws=  552 comp=  3 uniq=  3 novel=  0 pruned=   0 bt=459 cap= 6 | C4 pool=  9 got= 5 short=0 | 4.4s
[1869] size= 9 budget=  435 C1 valid=63 novel= 6 | C2 uniq= 9 | C3 draws=  435 comp= 10 uniq= 10 novel=  4 pruned=   0 bt=283 cap= 3 | C4 pool= 91 got= 9 short=0 | 3.3s
[1870] size=17 budget=  915 C1 valid=49 novel=13 | C2 uniq=17 | C3 draws=  915 comp= 11 uniq= 11 novel=  8 pruned=   0 bt=587 cap= 9 | C4 pool=400 got=17 short=0 | 7.9s
[1871] size=13 budget=  960 C1 valid=63 novel=63 | C2 uniq= 2 | C3 draws=  960 comp=  2 uniq=  2 novel=  2 pruned=   0 bt=702 cap=11 | C4 pool=  2 got= 2 short=0 | 8.8s
[1872] size=11 budget=  543 C1 valid=63 novel=10 | C2 uniq=14 | C3 draws=  543 comp=  8 uniq=  8 novel=  1 pruned=   0 bt=407 cap= 5 | C4 pool= 15 got=14 short=0 | 4.4s
[1873] size=17 budget=  459 C1 valid=62 novel= 5 | C2 uniq= 9 | C3 draws=  459 comp= 14 uniq= 14 novel=  8 pruned=   0 bt=190 cap= 2 | C4 pool=400 got= 9 short=0 | 3.9s
[1874] size=17 budget=  602 C1 valid=55 novel= 9 | C2 uniq=11 | C3 draws=  602 comp= 13 uniq= 13 novel= 10 pruned=   0 bt=311 cap= 2 | C4 pool=228 got=11 short=0 | 4.9s
[1875] size=19 budget=  687 C1 valid=64 novel=35 | C2 uniq= 2 | C3 draws=  687 comp=  3 uniq=  3 novel=  2 pruned=   0 bt=553 cap= 8 | C4 pool=  2 got= 2 short=0 | 5.7s
[1876] size=15 budget=  418 C1 valid=57 novel= 0 | C2 uniq= 1 | C3 draws=  418 comp=  1 uniq=  1 novel=  0 pruned=   0 bt=363 cap= 5 | C4 pool=  1 got= 1 short=0 | 3.4s
[1877] size=13 budget=  642 C1 valid=62 novel=62 | C2 uniq= 1 | C3 draws=  642 comp=  1 uniq=  1 novel=  1 pruned=   0 bt=530 cap= 7 | C4 pool=  1 got= 1 short=0 | 5.5s
[1878] size=13 budget=  384 C1 valid=64 novel= 0 | C2 uniq= 1 | C3 draws=  384 comp=  1 uniq=  1 novel=  0 pruned=   0 bt=332 cap= 4 | C4 pool=  1 got= 1 short=0 | 3.2s
[1879] size=17 budget=  515 C1 valid=63 novel=24 | C2 uniq= 7 | C3 draws=  515 comp=  3 uniq=  3 novel=  2 pruned=   0 bt=393 cap= 6 | C4 pool= 26 got= 7 short=0 | 4.3s
[1880] size=17 budget=  656 C1 valid=60 novel=32 | C2 uniq=22 | C3 draws=  656 comp= 15 uniq= 15 novel=  9 pruned=   0 bt=412 cap= 6 | C4 pool=222 got=22 short=0 | 5.1s
[1881] size=19 budget=  384 C1 valid=64 novel= 0 | C2 uniq= 1 | C3 draws=  384 comp=  2 uniq=  2 novel=  0 pruned=   0 bt=332 cap= 4 | C4 pool=  2 got= 1 short=0 | 3.1s
[1882] size=19 budget= 1144 C1 valid=52 novel=52 | C2 uniq=15 | C3 draws= 1144 comp= 12 uniq= 12 novel= 12 pruned=   0 bt=707 cap=11 | C4 pool=260 got=15 short=0 | 10.3s
[1883] size=19 budget=  826 C1 valid=15 novel=15 | C2 uniq= 7 | C3 draws=  826 comp= 11 uniq= 11 novel= 10 pruned=   0 bt=584 cap= 6 | C4 pool= 12 got= 7 short=0 | 6.8s
[1884] size=11 budget=  335 C1 valid=63 novel= 1 | C2 uniq= 3 | C3 draws=  335 comp=  1 uniq=  1 novel=  0 pruned=   0 bt=297 cap= 3 | C4 pool=  3 got= 3 short=0 | 2.7s
[1885] size=19 budget=  570 C1 valid=64 novel= 5 | C2 uniq=11 | C3 draws=  570 comp=  6 uniq=  6 novel=  2 pruned=   0 bt=434 cap= 6 | C4 pool=133 got=11 short=0 | 4.7s
[1886] size=15 budget=  496 C1 valid=64 novel=25 | C2 uniq= 5 | C3 draws=  496 comp=  4 uniq=  4 novel=  2 pruned=   0 bt=421 cap= 5 | C4 pool=  5 got= 5 short=0 | 4.0s
[1887] size=19 budget=  876 C1 valid=57 novel=21 | C2 uniq=16 | C3 draws=  876 comp=  8 uniq=  8 novel=  5 pruned=   0 bt=598 cap=10 | C4 pool= 73 got=16 short=0 | 7.5s
[1888] size=17 budget=  672 C1 valid=64 novel= 0 | C2 uniq= 5 | C3 draws=  672 comp=  4 uniq=  4 novel=  1 pruned=   0 bt=520 cap= 7 | C4 pool=  9 got= 5 short=0 | 5.5s
[1889] size=19 budget=  893 C1 valid=61 novel=55 | C2 uniq=24 | C3 draws=  893 comp= 23 uniq= 23 novel= 22 pruned=   0 bt=477 cap= 4 | C4 pool=400 got=24 short=0 | 7.0s
[1890] size=19 budget=  973 C1 valid=54 novel=31 | C2 uniq=15 | C3 draws=  973 comp= 14 uniq= 14 novel= 11 pruned=   0 bt=607 cap= 8 | C4 pool= 71 got=15 short=0 | 8.2s
[1891] size=15 budget=  739 C1 valid=55 novel=27 | C2 uniq= 5 | C3 draws=  739 comp=  3 uniq=  3 novel=  2 pruned=   0 bt=615 cap= 8 | C4 pool=  8 got= 5 short=0 | 6.8s
[1892] size=15 budget=  384 C1 valid=64 novel= 0 | C2 uniq= 1 | C3 draws=  384 comp=  1 uniq=  1 novel=  0 pruned=   0 bt=338 cap= 4 | C4 pool=  1 got= 1 short=0 | 3.1s
[1893] size=19 budget=  448 C1 valid=64 novel= 0 | C2 uniq= 1 | C3 draws=  448 comp=  1 uniq=  1 novel=  0 pruned=   0 bt=393 cap= 5 | C4 pool=  1 got= 1 short=0 | 3.7s
[1894] size=17 budget=  497 C1 valid=57 novel=10 | C2 uniq=10 | C3 draws=  497 comp=  5 uniq=  5 novel=  1 pruned=   0 bt=400 cap= 5 | C4 pool= 16 got=10 short=0 | 3.9s
[1895] size=15 budget=  384 C1 valid=64 novel= 0 | C2 uniq= 1 | C3 draws=  384 comp=  1 uniq=  1 novel=  0 pruned=   0 bt=338 cap= 4 | C4 pool=  1 got= 1 short=0 | 3.1s
[1896] size=11 budget= 1008 C1 valid=52 novel=52 | C2 uniq=25 | C3 draws= 1008 comp= 26 uniq= 26 novel= 26 pruned=   0 bt=400 cap= 6 | C4 pool=400 got=25 short=0 | 8.3s
[1897] size=13 budget=  414 C1 valid=64 novel= 0 | C2 uniq= 5 | C3 draws=  414 comp=  5 uniq=  5 novel=  0 pruned=   0 bt=335 cap= 4 | C4 pool=  7 got= 5 short=0 | 3.3s
[1898] size=15 budget= 1189 C1 valid=61 novel=61 | C2 uniq=45 | C3 draws= 1189 comp= 20 uniq= 20 novel= 20 pruned=   0 bt=580 cap= 9 | C4 pool=400 got=45 short=0 | 9.7s
[1899] size= 9 budget=  384 C1 valid=63 novel= 0 | C2 uniq= 1 | C3 draws=  384 comp=  1 uniq=  1 novel=  0 pruned=   0 bt=333 cap= 4 | C4 pool=  1 got= 1 short=0 | 3.1s
[1900] size=15 budget=  542 C1 valid=64 novel=34 | C2 uniq= 2 | C3 draws=  542 comp=  2 uniq=  2 novel=  1 pruned=   0 bt=449 cap= 6 | C4 pool=  4 got= 2 short=0 | 4.5s
[1901] size=19 budget=  448 C1 valid=64 novel= 0 | C2 uniq= 1 | C3 draws=  448 comp=  1 uniq=  1 novel=  0 pruned=   0 bt=393 cap= 5 | C4 pool=  1 got= 1 short=0 | 3.6s
[1902] size=11 budget=  624 C1 valid=64 novel=10 | C2 uniq=14 | C3 draws=  624 comp= 25 uniq= 25 novel= 17 pruned=   0 bt=137 cap= 0 | C4 pool=400 got=14 short=0 | 4.5s
[1903] size=19 budget=  561 C1 valid=59 novel=59 | C2 uniq= 1 | C3 draws=  561 comp=  1 uniq=  1 novel=  1 pruned=   0 bt=487 cap= 7 | C4 pool=  1 got= 1 short=0 | 4.5s
[1904] size=17 budget=  660 C1 valid=53 novel=53 | C2 uniq= 3 | C3 draws=  660 comp=  4 uniq=  4 novel=  4 pruned=   0 bt=532 cap= 7 | C4 pool=  4 got= 3 short=0 | 5.4s
[1905] size=15 budget=  803 C1 valid=58 novel=58 | C2 uniq= 2 | C3 draws=  803 comp=  2 uniq=  2 novel=  2 pruned=   0 bt=635 cap= 9 | C4 pool=  2 got= 2 short=0 | 7.0s
[1906] size= 9 budget=  576 C1 valid=63 novel=28 | C2 uniq= 4 | C3 draws=  576 comp=  3 uniq=  3 novel=  2 pruned=   0 bt=467 cap= 6 | C4 pool=  4 got= 4 short=0 | 4.8s
[1907] size=15 budget=  320 C1 valid=64 novel= 0 | C2 uniq= 1 | C3 draws=  320 comp=  1 uniq=  1 novel=  0 pruned=   0 bt=282 cap= 3 | C4 pool=  1 got= 1 short=0 | 2.6s
[1908] size=15 budget=  448 C1 valid=64 novel= 0 | C2 uniq= 1 | C3 draws=  448 comp=  1 uniq=  1 novel=  0 pruned=   0 bt=392 cap= 5 | C4 pool=  1 got= 1 short=0 | 3.6s
[1909] size=19 budget=  384 C1 valid=64 novel= 0 | C2 uniq= 1 | C3 draws=  384 comp=  1 uniq=  1 novel=  0 pruned=   0 bt=335 cap= 5 | C4 pool=  1 got= 1 short=0 | 3.1s
[1910] size= 9 budget=  320 C1 valid=64 novel= 0 | C2 uniq= 2 | C3 draws=  320 comp=  1 uniq=  1 novel=  0 pruned=   0 bt=279 cap= 3 | C4 pool=  2 got= 2 short=0 | 2.6s
[1911] size=13 budget=  384 C1 valid=64 novel= 0 | C2 uniq= 1 | C3 draws=  384 comp=  1 uniq=  1 novel=  0 pruned=   0 bt=333 cap= 4 | C4 pool=  1 got= 1 short=0 | 3.1s
[1912] size= 9 budget=  435 C1 valid=62 novel=14 | C2 uniq= 4 | C3 draws=  435 comp=  3 uniq=  3 novel=  0 pruned=   0 bt=369 cap= 4 | C4 pool=  4 got= 4 short=0 | 3.5s
[1913] size=17 budget=  604 C1 valid=56 novel=15 | C2 uniq= 8 | C3 draws=  604 comp=  7 uniq=  7 novel=  5 pruned=   0 bt=442 cap= 6 | C4 pool= 87 got= 8 short=0 | 4.9s
[1914] size=17 budget=  384 C1 valid=63 novel= 0 | C2 uniq= 1 | C3 draws=  384 comp=  1 uniq=  1 novel=  0 pruned=   0 bt=334 cap= 4 | C4 pool=  1 got= 1 short=0 | 3.1s
[1915] size= 9 budget=  320 C1 valid=64 novel= 0 | C2 uniq= 1 | C3 draws=  320 comp=  1 uniq=  1 novel=  0 pruned=   0 bt=279 cap= 3 | C4 pool=  1 got= 1 short=0 | 2.7s
[1916] size=19 budget=  320 C1 valid=64 novel= 0 | C2 uniq= 1 | C3 draws=  320 comp=  2 uniq=  2 novel=  0 pruned=   0 bt=270 cap= 4 | C4 pool=  2 got= 1 short=0 | 2.6s
[1917] size=11 budget=  317 C1 valid=63 novel= 0 | C2 uniq= 3 | C3 draws=  317 comp=  3 uniq=  3 novel=  0 pruned=   0 bt=270 cap= 3 | C4 pool=  3 got= 3 short=0 | 2.6s
[1918] size=15 budget=  384 C1 valid=64 novel= 0 | C2 uniq= 1 | C3 draws=  384 comp=  1 uniq=  1 novel=  0 pruned=   0 bt=338 cap= 4 | C4 pool=  1 got= 1 short=0 | 3.1s
[1919] size=11 budget=  384 C1 valid=64 novel= 0 | C2 uniq= 1 | C3 draws=  384 comp=  1 uniq=  1 novel=  0 pruned=   0 bt=337 cap= 4 | C4 pool=  1 got= 1 short=0 | 3.1s
[1920] size=17 budget=  599 C1 valid=62 novel=27 | C2 uniq=26 | C3 draws=  599 comp= 27 uniq= 27 novel= 21 pruned=   0 bt=221 cap= 2 | C4 pool=400 got=26 short=0 | 4.2s
[1921] size=19 budget=  512 C1 valid=64 novel= 0 | C2 uniq= 1 | C3 draws=  512 comp=  1 uniq=  1 novel=  0 pruned=   0 bt=427 cap= 6 | C4 pool=  1 got= 1 short=0 | 4.3s
[1922] size=15 budget=  385 C1 valid=63 novel= 0 | C2 uniq= 1 | C3 draws=  385 comp=  1 uniq=  1 novel=  0 pruned=   0 bt=338 cap= 4 | C4 pool=  2 got= 1 short=0 | 3.1s
[1923] size=19 budget=  784 C1 valid=43 novel=10 | C2 uniq=11 | C3 draws=  784 comp=  6 uniq=  6 novel=  4 pruned=   0 bt=586 cap= 9 | C4 pool=400 got=11 short=0 | 6.8s
[1924] size= 9 budget=  384 C1 valid=64 novel= 0 | C2 uniq= 2 | C3 draws=  384 comp=  2 uniq=  2 novel=  0 pruned=   0 bt=327 cap= 4 | C4 pool=  2 got= 2 short=0 | 3.1s
[1925] size=13 budget=  549 C1 valid=63 novel=12 | C2 uniq= 7 | C3 draws=  549 comp=  3 uniq=  3 novel=  1 pruned=   0 bt=435 cap= 6 | C4 pool=143 got= 7 short=0 | 4.6s
[1926] size=15 budget=  352 C1 valid=60 novel= 0 | C2 uniq= 1 | C3 draws=  352 comp=  1 uniq=  1 novel=  0 pruned=   0 bt=301 cap= 4 | C4 pool=  1 got= 1 short=0 | 3.0s
[1927] size=19 budget=  536 C1 valid=16 novel=16 | C2 uniq= 1 | C3 draws=  536 comp=  1 uniq=  1 novel=  1 pruned=   0 bt=458 cap= 6 | C4 pool=  2 got= 1 short=0 | 4.4s
[1928] size=13 budget=  320 C1 valid=64 novel= 0 | C2 uniq= 1 | C3 draws=  320 comp=  1 uniq=  1 novel=  0 pruned=   0 bt=279 cap= 3 | C4 pool=  1 got= 1 short=0 | 2.6s
[1929] size=11 budget= 1269 C1 valid=56 novel=56 | C2 uniq=40 | C3 draws= 1269 comp= 58 uniq= 58 novel= 58 pruned=   0 bt= 25 cap= 0 | C4 pool=400 got=40 short=0 | 8.4s
[1930] size=19 budget= 1204 C1 valid=47 novel=47 | C2 uniq=31 | C3 draws= 1204 comp= 20 uniq= 20 novel= 20 pruned=   0 bt=684 cap=11 | C4 pool=400 got=31 short=0 | 9.8s
[1931] size=19 budget=  709 C1 valid=48 novel=11 | C2 uniq=12 | C3 draws=  709 comp=  8 uniq=  8 novel=  4 pruned=   0 bt=540 cap= 8 | C4 pool=364 got=12 short=0 | 5.7s
[1932] size=17 budget=  320 C1 valid=64 novel= 0 | C2 uniq= 1 | C3 draws=  320 comp=  1 uniq=  1 novel=  0 pruned=   0 bt=269 cap= 4 | C4 pool=  1 got= 1 short=0 | 2.6s
[1933] size=15 budget=  512 C1 valid=64 novel= 0 | C2 uniq= 1 | C3 draws=  512 comp=  1 uniq=  1 novel=  0 pruned=   0 bt=427 cap= 6 | C4 pool=  1 got= 1 short=0 | 4.3s
[1934] size=15 budget=  448 C1 valid=64 novel= 0 | C2 uniq= 1 | C3 draws=  448 comp=  1 uniq=  1 novel=  0 pruned=   0 bt=392 cap= 5 | C4 pool=  1 got= 1 short=0 | 3.6s
[1935] size=19 budget=  863 C1 valid=60 novel=32 | C2 uniq=19 | C3 draws=  863 comp= 12 uniq= 12 novel=  9 pruned=   0 bt=580 cap= 8 | C4 pool=400 got=19 short=0 | 7.9s
[1936] size= 9 budget=  256 C1 valid=64 novel= 0 | C2 uniq= 1 | C3 draws=  256 comp=  1 uniq=  1 novel=  0 pruned=   0 bt=225 cap= 2 | C4 pool=  1 got= 1 short=0 | 2.1s
[1937] size=17 budget=  384 C1 valid=64 novel= 0 | C2 uniq= 1 | C3 draws=  384 comp=  1 uniq=  1 novel=  0 pruned=   0 bt=334 cap= 4 | C4 pool=  1 got= 1 short=0 | 3.1s
[1938] size=19 budget= 2037 C1 valid=17 novel=17 | C2 uniq=17 | C3 draws= 2037 comp= 32 uniq= 32 novel= 32 pruned=   0 bt=777 cap= 9 | C4 pool=400 got=17 short=0 | 19.6s
[1939] size=15 budget=  320 C1 valid=64 novel= 0 | C2 uniq= 1 | C3 draws=  320 comp=  1 uniq=  1 novel=  0 pruned=   0 bt=282 cap= 3 | C4 pool=  1 got= 1 short=0 | 2.6s
[1940] size=13 budget=  539 C1 valid=63 novel=12 | C2 uniq=17 | C3 draws=  539 comp=  7 uniq=  7 novel=  1 pruned=   0 bt=434 cap= 5 | C4 pool=363 got=17 short=0 | 4.3s
[1941] size=19 budget=  733 C1 valid=61 novel=17 | C2 uniq= 8 | C3 draws=  733 comp=  6 uniq=  6 novel=  4 pruned=   0 bt=554 cap= 8 | C4 pool=400 got= 8 short=0 | 6.8s
[1942] size=17 budget=  323 C1 valid=62 novel= 0 | C2 uniq= 1 | C3 draws=  323 comp=  1 uniq=  1 novel=  0 pruned=   0 bt=273 cap= 4 | C4 pool=  1 got= 1 short=0 | 2.6s
[1943] size=17 budget= 1046 C1 valid=39 novel= 9 | C2 uniq=17 | C3 draws= 1046 comp= 12 uniq= 12 novel=  5 pruned=   0 bt=666 cap= 9 | C4 pool=400 got=17 short=0 | 9.3s
[1944] size=17 budget=  899 C1 valid=33 novel=27 | C2 uniq= 4 | C3 draws=  899 comp=  7 uniq=  7 novel=  7 pruned=   0 bt=575 cap= 8 | C4 pool=107 got= 4 short=0 | 8.3s
[1945] size=15 budget=  471 C1 valid=58 novel=16 | C2 uniq= 3 | C3 draws=  471 comp=  3 uniq=  3 novel=  2 pruned=   0 bt=384 cap= 5 | C4 pool=  4 got= 3 short=0 | 3.9s
[1946] size=19 budget=  827 C1 valid=58 novel=31 | C2 uniq=35 | C3 draws=  827 comp= 16 uniq= 16 novel= 13 pruned=   0 bt=510 cap= 7 | C4 pool=400 got=35 short=0 | 6.3s
[1947] size=13 budget= 1072 C1 valid=64 novel=49 | C2 uniq=13 | C3 draws= 1072 comp= 11 uniq= 11 novel= 10 pruned=   0 bt=633 cap=10 | C4 pool=400 got=13 short=0 | 9.5s
[1948] size= 9 budget=  458 C1 valid=64 novel= 3 | C2 uniq= 8 | C3 draws=  458 comp=  8 uniq=  8 novel=  1 pruned=   0 bt=345 cap= 4 | C4 pool=  8 got= 8 short=0 | 3.6s
[1949] size=15 budget=  564 C1 valid=63 novel= 0 | C2 uniq= 2 | C3 draws=  564 comp=  2 uniq=  2 novel=  0 pruned=   0 bt=477 cap= 6 | C4 pool=  2 got= 2 short=0 | 4.7s
[1950] size=15 budget=  448 C1 valid=64 novel= 0 | C2 uniq= 1 | C3 draws=  448 comp=  1 uniq=  1 novel=  0 pruned=   0 bt=392 cap= 5 | C4 pool=  1 got= 1 short=0 | 3.6s
[1951] size=17 budget=  384 C1 valid=64 novel= 0 | C2 uniq= 1 | C3 draws=  384 comp=  1 uniq=  1 novel=  0 pruned=   0 bt=334 cap= 4 | C4 pool=  1 got= 1 short=0 | 3.1s
[1952] size= 9 budget=  587 C1 valid=57 novel=17 | C2 uniq= 5 | C3 draws=  587 comp=  4 uniq=  4 novel=  3 pruned=   0 bt=438 cap= 6 | C4 pool= 98 got= 5 short=0 | 5.1s
[1953] size=17 budget= 1331 C1 valid=53 novel=53 | C2 uniq=51 | C3 draws= 1331 comp= 54 uniq= 54 novel= 54 pruned=   0 bt=121 cap= 2 | C4 pool=400 got=51 short=0 | 9.4s
[1954] size=11 budget=  560 C1 valid=64 novel=14 | C2 uniq= 3 | C3 draws=  560 comp=  3 uniq=  3 novel=  1 pruned=   0 bt=468 cap= 6 | C4 pool=  3 got= 3 short=0 | 4.5s
[1955] size=13 budget=  448 C1 valid=63 novel=12 | C2 uniq=10 | C3 draws=  448 comp=  4 uniq=  4 novel=  0 pruned=   0 bt=365 cap= 5 | C4 pool= 10 got=10 short=0 | 3.5s
[1956] size=11 budget=  384 C1 valid=64 novel= 0 | C2 uniq= 1 | C3 draws=  384 comp=  1 uniq=  1 novel=  0 pruned=   0 bt=337 cap= 4 | C4 pool=  1 got= 1 short=0 | 3.1s
[1957] size=19 budget=  653 C1 valid=26 novel=26 | C2 uniq= 3 | C3 draws=  653 comp=  4 uniq=  4 novel=  4 pruned=   0 bt=521 cap= 7 | C4 pool=  6 got= 3 short=0 | 5.4s
[1958] size=19 budget=  559 C1 valid=48 novel=18 | C2 uniq= 3 | C3 draws=  559 comp=  2 uniq=  2 novel=  1 pruned=   0 bt=468 cap= 7 | C4 pool=  4 got= 3 short=0 | 4.6s
[1959] size=11 budget=  601 C1 valid=64 novel=17 | C2 uniq= 3 | C3 draws=  601 comp=  3 uniq=  3 novel=  1 pruned=   0 bt=480 cap= 6 | C4 pool=  3 got= 3 short=0 | 5.2s
[1960] size=15 budget=  577 C1 valid=63 novel= 0 | C2 uniq= 2 | C3 draws=  577 comp=  2 uniq=  2 novel=  0 pruned=   0 bt=469 cap= 7 | C4 pool=  2 got= 2 short=0 | 4.8s
[1961] size=19 budget=  466 C1 valid=64 novel= 0 | C2 uniq= 6 | C3 draws=  466 comp=  6 uniq=  6 novel=  0 pruned=   0 bt=377 cap= 5 | C4 pool=  8 got= 6 short=0 | 3.7s
[1962] size=11 budget=  624 C1 valid=61 novel=17 | C2 uniq=19 | C3 draws=  624 comp=  8 uniq=  8 novel=  5 pruned=   0 bt=456 cap= 6 | C4 pool=400 got=19 short=0 | 5.1s
[1963] size=13 budget=  321 C1 valid=63 novel= 0 | C2 uniq= 1 | C3 draws=  321 comp=  1 uniq=  1 novel=  0 pruned=   0 bt=280 cap= 3 | C4 pool=  1 got= 1 short=0 | 2.6s
[1964] size=15 budget=  932 C1 valid=50 novel=35 | C2 uniq=11 | C3 draws=  932 comp= 14 uniq= 14 novel= 12 pruned=   0 bt=595 cap= 8 | C4 pool=400 got=11 short=0 | 8.1s
[1965] size=17 budget=  346 C1 valid=61 novel= 0 | C2 uniq= 1 | C3 draws=  346 comp=  1 uniq=  1 novel=  0 pruned=   0 bt=296 cap= 4 | C4 pool=  1 got= 1 short=0 | 2.8s
[1966] size=19 budget=  641 C1 valid=50 novel=27 | C2 uniq=14 | C3 draws=  641 comp= 21 uniq= 21 novel= 19 pruned=   0 bt=335 cap= 1 | C4 pool=258 got=14 short=0 | 5.0s
[1967] size=15 budget= 1226 C1 valid=40 novel=25 | C2 uniq=27 | C3 draws= 1226 comp= 30 uniq= 30 novel= 28 pruned=   0 bt=550 cap= 4 | C4 pool=400 got=27 short=0 | 9.9s
[1968] size=19 budget=  384 C1 valid=64 novel= 0 | C2 uniq= 1 | C3 draws=  384 comp=  1 uniq=  1 novel=  0 pruned=   0 bt=335 cap= 5 | C4 pool=  1 got= 1 short=0 | 3.1s
[1969] size=15 budget=  370 C1 valid=59 novel= 0 | C2 uniq= 2 | C3 draws=  370 comp=  2 uniq=  2 novel=  0 pruned=   0 bt=317 cap= 4 | C4 pool=  2 got= 2 short=0 | 3.0s
[1970] size=11 budget=  320 C1 valid=64 novel= 0 | C2 uniq= 1 | C3 draws=  320 comp=  1 uniq=  1 novel=  0 pruned=   0 bt=283 cap= 3 | C4 pool=  1 got= 1 short=0 | 2.6s
[1971] size=17 budget=  749 C1 valid=43 novel=10 | C2 uniq=14 | C3 draws=  749 comp= 12 uniq= 12 novel=  8 pruned=   0 bt=468 cap= 7 | C4 pool=222 got=14 short=0 | 5.9s
[1972] size=17 budget=  384 C1 valid=64 novel= 0 | C2 uniq= 1 | C3 draws=  384 comp=  1 uniq=  1 novel=  0 pruned=   0 bt=334 cap= 4 | C4 pool=  1 got= 1 short=0 | 3.1s
[1973] size=15 budget=  514 C1 valid=61 novel=35 | C2 uniq= 3 | C3 draws=  514 comp=  3 uniq=  3 novel=  2 pruned=   0 bt=429 cap= 6 | C4 pool=  3 got= 3 short=0 | 4.1s
[1974] size=19 budget=  448 C1 valid=64 novel= 0 | C2 uniq= 1 | C3 draws=  448 comp=  4 uniq=  4 novel=  3 pruned=   0 bt=351 cap= 5 | C4 pool=  3 got= 1 short=0 | 3.5s
[1975] size= 9 budget=  384 C1 valid=64 novel= 0 | C2 uniq= 1 | C3 draws=  384 comp=  1 uniq=  1 novel=  0 pruned=   0 bt=333 cap= 4 | C4 pool=  1 got= 1 short=0 | 3.1s
[1976] size=17 budget=  687 C1 valid=54 novel=19 | C2 uniq= 7 | C3 draws=  687 comp=  7 uniq=  7 novel=  6 pruned=   0 bt=508 cap= 7 | C4 pool= 13 got= 7 short=0 | 5.4s
[1977] size=13 budget=  338 C1 valid=62 novel= 0 | C2 uniq= 1 | C3 draws=  338 comp=  1 uniq=  1 novel=  0 pruned=   0 bt=289 cap= 4 | C4 pool=  1 got= 1 short=0 | 2.7s
[1978] size= 3 budget=  228 C1 valid=17 novel= 0 | C2 uniq= 1 | C3 draws=  228 comp=  1 uniq=  1 novel=  0 pruned=   0 bt=199 cap= 2 | C4 pool=  1 got= 1 short=0 | 1.8s
[1979] size=15 budget=  960 C1 valid=38 novel=32 | C2 uniq=19 | C3 draws=  960 comp= 22 uniq= 22 novel= 22 pruned=   0 bt=542 cap= 4 | C4 pool=400 got=19 short=0 | 8.0s
[1980] size= 9 budget=  384 C1 valid=64 novel= 0 | C2 uniq= 1 | C3 draws=  384 comp=  1 uniq=  1 novel=  0 pruned=   0 bt=333 cap= 4 | C4 pool=  1 got= 1 short=0 | 3.1s
[1981] size=17 budget=  902 C1 valid=45 novel=45 | C2 uniq= 3 | C3 draws=  902 comp=  4 uniq=  4 novel=  4 pruned=   0 bt=685 cap=10 | C4 pool=  5 got= 3 short=0 | 7.6s
[1982] size=11 budget=  384 C1 valid=64 novel= 0 | C2 uniq= 1 | C3 draws=  384 comp=  1 uniq=  1 novel=  0 pruned=   0 bt=337 cap= 4 | C4 pool=  1 got= 1 short=0 | 3.1s
[1983] size=19 budget= 1186 C1 valid=33 novel=33 | C2 uniq=15 | C3 draws= 1186 comp= 40 uniq= 40 novel= 40 pruned=   0 bt=296 cap= 0 | C4 pool=400 got=15 short=0 | 8.9s
[1984] size=13 budget= 1040 C1 valid=61 novel= 6 | C2 uniq=14 | C3 draws= 1040 comp= 16 uniq= 16 novel=  5 pruned=   0 bt=635 cap= 7 | C4 pool=350 got=14 short=0 | 10.5s
[1985] size=19 budget=  682 C1 valid=61 novel=30 | C2 uniq=21 | C3 draws=  682 comp= 14 uniq= 14 novel= 12 pruned=   0 bt=440 cap= 6 | C4 pool=400 got=21 short=0 | 5.3s
[1986] size=11 budget=  576 C1 valid=64 novel=64 | C2 uniq= 1 | C3 draws=  576 comp=  1 uniq=  1 novel=  1 pruned=   0 bt=490 cap= 6 | C4 pool=  1 got= 1 short=0 | 4.9s
[1987] size=11 budget=  384 C1 valid=64 novel= 0 | C2 uniq= 1 | C3 draws=  384 comp=  1 uniq=  1 novel=  0 pruned=   0 bt=337 cap= 4 | C4 pool=  1 got= 1 short=0 | 3.1s
[1988] size=15 budget=  820 C1 valid=62 novel=29 | C2 uniq= 7 | C3 draws=  820 comp=  4 uniq=  4 novel=  2 pruned=   0 bt=617 cap= 9 | C4 pool= 22 got= 7 short=0 | 7.3s
[1989] size=19 budget=  847 C1 valid=52 novel=24 | C2 uniq=19 | C3 draws=  847 comp= 16 uniq= 16 novel= 13 pruned=   0 bt=483 cap= 6 | C4 pool=400 got=19 short=0 | 7.2s
[1990] size= 9 budget=  320 C1 valid=64 novel= 0 | C2 uniq= 1 | C3 draws=  320 comp=  1 uniq=  1 novel=  0 pruned=   0 bt=279 cap= 3 | C4 pool=  1 got= 1 short=0 | 2.6s
[1991] size=11 budget= 1665 C1 valid=28 novel=28 | C2 uniq=26 | C3 draws= 1665 comp= 33 uniq= 33 novel= 33 pruned=   0 bt=581 cap= 8 | C4 pool=400 got=26 short=0 | 14.1s
[1992] size=17 budget=  604 C1 valid=63 novel= 6 | C2 uniq= 3 | C3 draws=  604 comp=  2 uniq=  2 novel=  0 pruned=   0 bt=514 cap= 7 | C4 pool=  3 got= 3 short=0 | 4.9s
[1993] size=11 budget=  519 C1 valid=63 novel= 8 | C2 uniq=12 | C3 draws=  519 comp= 20 uniq= 20 novel= 13 pruned=   0 bt=145 cap= 1 | C4 pool=400 got=12 short=0 | 4.0s
[1994] size= 7 budget=  448 C1 valid=64 novel= 0 | C2 uniq= 1 | C3 draws=  448 comp=  1 uniq=  1 novel=  0 pruned=   0 bt=385 cap= 5 | C4 pool=  2 got= 1 short=0 | 3.7s
[1995] size=15 budget=  448 C1 valid=64 novel= 0 | C2 uniq= 2 | C3 draws=  448 comp=  2 uniq=  2 novel=  0 pruned=   0 bt=386 cap= 5 | C4 pool=  2 got= 2 short=0 | 3.6s
[1996] size=19 budget=  640 C1 valid=64 novel= 0 | C2 uniq= 1 | C3 draws=  640 comp=  1 uniq=  1 novel=  0 pruned=   0 bt=522 cap= 8 | C4 pool=  1 got= 1 short=0 | 5.4s
[1997] size=11 budget=  320 C1 valid=64 novel= 0 | C2 uniq= 1 | C3 draws=  320 comp=  1 uniq=  1 novel=  0 pruned=   0 bt=283 cap= 3 | C4 pool=  1 got= 1 short=0 | 2.6s
[1998] size=19 budget=  437 C1 valid=64 novel=11 | C2 uniq= 5 | C3 draws=  437 comp=  4 uniq=  4 novel=  1 pruned=   0 bt=362 cap= 5 | C4 pool=  5 got= 5 short=0 | 3.5s
[1999] size=15 budget=  512 C1 valid=64 novel= 0 | C2 uniq= 1 | C3 draws=  512 comp=  1 uniq=  1 novel=  0 pruned=   0 bt=448 cap= 6 | C4 pool=  1 got= 1 short=0 | 4.1s
{
  "budget": 1191467,
  "c3_draws": 1191467,
  "c1_valid": 117059,
  "c1_novel": 30512,
  "c2_unique": 14235,
  "c3_completions": 13373,
  "c3_unique": 13373,
  "c3_novel_unique": 9829,
  "c4_outputs": 14184,
  "c4_shortfall": 51,
  "budget_mismatch": 0,
  "c3_exhausted_root": 0
}
wrote /home/ubuntu/papers/checker-study/out/conditions-main-seed2-T1.json
